2026-09-24 18:50:03,864 [INFO] ================================================================================
2026-09-24 18:50:03,864 [INFO] STARTING PRODUCTION UK COMPANIES HOUSE CONTACT SCRAPER
2026-09-24 18:50:03,864 [INFO] ================================================================================
2026-09-24 18:50:03,864 [INFO] Input Dataset:  Companies-House-search-results.csv
2026-09-24 18:50:03,864 [INFO] Output Dataset: enriched_uk_companies.csv
2026-09-24 18:50:03,865 [INFO] Batch Size:     3
2026-09-24 18:50:03,865 [INFO] Already processed in previous runs: 10 companies
2026-09-24 18:50:03,912 [INFO] Total remaining companies to scrape: 21
2026-09-24 18:50:03,912 [INFO] Processing next batch of 3 companies...

2026-09-24 18:50:03,914 [INFO] [  1/3] Scraping: THE DAPARIAN FOUNDATION CIC (Co #12810687)
2026-09-24 18:50:06,389 [INFO]       Appointed Officer: GETTINGS, Richard David (Director)
2026-09-24 18:50:06,389 [INFO]       Address:          The Spectrum, Coke Hill, Rotherham, England, S60 2HX
2026-09-24 18:50:07,541 [INFO] [  2/3] Scraping: ORCHARDS COMMUNITY SUPPORT - COMMUNITY INTEREST COMPANY (Co #10255785)
2026-09-24 18:50:09,665 [INFO]       Appointed Officer: CAMP, Jamie Stuart (Director)
2026-09-24 18:50:09,665 [INFO]       Address:          10 Royal Crescent, Weston-Super-Mare, England, BS23 2AX
2026-09-24 18:50:10,808 [INFO] [  3/3] Scraping: LIBERTY LINES PROJECT CIC (Co #12945055)
2026-09-24 18:50:15,879 [INFO]       Appointed Officer: DJAN, Queenie (Director)
2026-09-24 18:50:15,879 [INFO]       Address:          85 Great Portland Street, London, United Kingdom, W1W 7LT
2026-09-24 18:50:17,054 [INFO] ================================================================================
2026-09-24 18:50:17,054 [INFO] BATCH FINISHED: Processed 3 companies in 13.1s.
2026-09-24 18:50:17,055 [INFO] Total Cumulative Enriched: 13 companies.
2026-09-24 18:50:17,055 [INFO] Updated CSV: enriched_uk_companies.csv
2026-09-24 18:50:17,055 [INFO] Updated Log: scraper.log
2026-09-24 18:50:17,055 [INFO] ================================================================================
2026-09-24 13:21:33,963 [INFO] ================================================================================
2026-09-24 13:21:33,963 [INFO] STARTING PRODUCTION UK COMPANIES HOUSE CONTACT SCRAPER
2026-09-24 13:21:33,963 [INFO] ================================================================================
2026-09-24 13:21:33,963 [INFO] Input Dataset:  Companies-House-search-results.csv
2026-09-24 13:21:33,963 [INFO] Output Dataset: enriched_uk_companies.csv
2026-09-24 13:21:33,963 [INFO] Batch Size:     50
2026-09-24 13:21:33,964 [INFO] Already processed in previous runs: 13 companies
2026-09-24 13:21:33,980 [INFO] Total remaining companies to scrape: 18
2026-09-24 13:21:33,980 [INFO] Processing next batch of 18 companies...

2026-09-24 13:21:33,980 [INFO] [  1/18] Scraping: GENZCARE COMMUNITY INTEREST COMPANY (Co #14382451)
2026-09-24 13:21:35,491 [INFO]       Appointed Officer: NDILA, Nacha (Director)
2026-09-24 13:21:35,491 [INFO]       Address:          150 Lee High Road, London, England, SE13 5PR
2026-09-24 13:21:37,395 [INFO]    ✉️ DIRECT EMAIL:    contact@companiesintheuk.co.uk
2026-09-24 13:21:37,395 [INFO]    🌐 WEBSITE:         https://www.companiesintheuk.co.uk/ltd/genzcare-community-interest-company
2026-09-24 13:21:38,395 [INFO] [  2/18] Scraping: CREATION PROPERTY NETWORK C.I.C. (Co #10972195)
2026-09-24 13:21:39,785 [INFO]       Appointed Officer: JOHN, Angharad Sophie (Director)
2026-09-24 13:21:39,786 [INFO]       Address:          1 Cedar Cottages Sarsgrove Wood, Churchill, Chipping Norton, England, OX7 6PB
2026-09-24 13:21:40,592 [INFO]    ✉️ DIRECT EMAIL:    contact@companieslist.co.uk
2026-09-24 13:21:40,592 [INFO]    🌐 WEBSITE:         https://www.companieslist.co.uk/10972195-creation-property-network-c-i-c
2026-09-24 13:21:41,592 [INFO] [  3/18] Scraping: AVELEY PRE-SCHOOL CIC (Co #11964806)
2026-09-24 13:21:43,037 [INFO]       Appointed Officer: HUGHES, Anne Pamela (Director)
2026-09-24 13:21:43,037 [INFO]       Address:          C/O Aveley Primary School, Stifford Road, Aveley, Essex, RM15 4AA
2026-09-24 13:21:44,185 [INFO] [  4/18] Scraping: VALE COMMUNITY FITNESS CIC (Co #12839219)
2026-09-24 13:21:45,729 [INFO]       Appointed Officer: ANDREWS, Collette (Director)
2026-09-24 13:21:45,729 [INFO]       Address:          The Business Centre, Cardiff Road, Barry, Glamorgan, CF63 2AW
2026-09-24 13:21:46,854 [INFO] [  5/18] Scraping: PROTECT ACCENT CIC (Co #12391941)
2026-09-24 13:21:48,382 [INFO]       Appointed Officer: OKECHUKWU, Goodie (Director)
2026-09-24 13:21:48,382 [INFO]       Address:          16 Vicarage Road, Bradford, West Yorkshire, BD18 1HB
2026-09-24 13:21:49,519 [INFO] [  6/18] Scraping: BRITISH AZERBAIJANI ASSOCIATION COMMUNITY INTEREST COMPANY (Co #12913694)
2026-09-24 13:21:50,949 [INFO]       Appointed Officer: BAKHSHALIYEV, Hafiz (Director)
2026-09-24 13:21:50,950 [INFO]       Address:          Flat 23 Embassy Lodge, Regents Park Road, London, England, N3 3LB
2026-09-24 13:21:52,078 [INFO] [  7/18] Scraping: SPIRIT LED WORSHIPERS MINISTRIES CIC (Co #13327646)
2026-09-24 13:21:53,613 [INFO]       Appointed Officer: ANYANETO, Richard (Secretary)
2026-09-24 13:21:53,613 [INFO]       Address:          27 Old Gloucester Street, London, United Kingdom, WC1N 3AX
2026-09-24 13:21:54,752 [INFO] [  8/18] Scraping: IQ SHELTER CIC (Co #14161701)
2026-09-24 13:21:56,228 [INFO]       Appointed Officer: IQBAL, Amjad (Director)
2026-09-24 13:21:56,228 [INFO]       Address:          62a Cromwell Road, Peterborough, England, PE1 2EG
2026-09-24 13:21:57,423 [INFO] [  9/18] Scraping: RAINBOW ISLAND IW COMMUNITY INTEREST COMPANY (Co #14144420)
2026-09-24 13:21:58,801 [INFO]       Appointed Officer: DIAMOND, Caroline Frances (Director)
2026-09-24 13:21:58,801 [INFO]       Address:          18 Castle Street, Ryde, England, PO33 2EF
2026-09-24 13:21:59,933 [INFO] [ 10/18] Scraping: THE RESILIENCE IN UNITY PROJECT CIC (Co #12922385)
2026-09-24 13:22:01,486 [INFO]       Appointed Officer: FRAIN, Travis Dylan (Director)
2026-09-24 13:22:01,486 [INFO]       Address:          7 Bury Fold Lane, Darwen, Lancashire, BB3 2QQ
2026-09-24 13:22:02,616 [INFO] [ 11/18] Scraping: READING CARIBBEAN NATION CIC (Co #15869518)
2026-09-24 13:22:04,171 [INFO]       Appointed Officer: BLAIR, Jamila (Director)
2026-09-24 13:22:04,171 [INFO]       Address:          1a Bamburgh Close, Hexham Road Community Centre, Reading, Berkshire, United Kingdom, RG2 7UD
2026-09-24 13:22:05,304 [INFO] [ 12/18] Scraping: OUR LITTLE MARKETS CIC (Co #12197668)
2026-09-24 13:22:06,699 [INFO]       Appointed Officer: HOWELL BAPTISTE, Troy (Director)
2026-09-24 13:22:06,699 [INFO]       Address:          Suite 4 Compass House, 45 Gildredge Road, Eastbourne, England, BN21 4RY
2026-09-24 13:22:07,840 [INFO] [ 13/18] Scraping: ALTX COMMUNITY SPORTS & TRANSPORT CIC (Co #14928363)
2026-09-24 13:22:09,391 [INFO]       Appointed Officer: BATTLE, Lee Michael (Director)
2026-09-24 13:22:09,391 [INFO]       Address:          Seymour Chambers, 92 London Rd, Liverpool, United Kingdom, L3 5NW
2026-09-24 13:22:10,519 [INFO] [ 14/18] Scraping: 7PK C.I.C. (Co #13176102)
2026-09-24 13:22:11,955 [INFO]       Appointed Officer: HOWELL, Louis (Director)
2026-09-24 13:22:11,955 [INFO]       Address:          Impact Hub London Impact Hub London, 1 Triton Square, London, United Kingdom, NW1 3DX
2026-09-24 13:22:13,085 [INFO] [ 15/18] Scraping: WESTCLIFF ERUV CIC (Co #12611776)
2026-09-24 13:22:14,804 [INFO]       Appointed Officer: BINET, Binyomin (Secretary)
2026-09-24 13:22:14,805 [INFO]       Address:          100 Valkyrie Road, Westcliff-On-Sea, England, SS0 8AP
2026-09-24 13:22:15,934 [INFO] [ 16/18] Scraping: VITALITY HOMES NORTH WEST C.I.C. (Co #12151852)
2026-09-24 13:22:17,317 [INFO]       Appointed Officer: STEWART, Katherine Alison (Director)
2026-09-24 13:22:17,317 [INFO]       Address:          166 - 182 Oakfield Road, Walton, Liverpool, England, L4 0UH
2026-09-24 13:22:18,451 [INFO] [ 17/18] Scraping: MORE THAN A DREAM SCHOOL OF EXCELLENCE CIC (Co #13441857)
2026-09-24 13:22:19,910 [INFO]       Appointed Officer: KING, Renaldo (Director)
2026-09-24 13:22:19,910 [INFO]       Address:          144 Potters Lane, Birmingham, B6 4UU
2026-09-24 13:22:21,056 [INFO] [ 18/18] Scraping: YOUR LEARNING VOICE C.I.C. (Co #13695977)
2026-09-24 13:22:22,435 [INFO]       Appointed Officer: BOSSMAN- QUARSHIE, Charlene (Director)
2026-09-24 13:22:22,435 [INFO]       Address:          100 Lansdowne Road, London, England, N17 9XX
2026-09-24 13:22:23,561 [INFO] ================================================================================
2026-09-24 13:22:23,561 [INFO] BATCH FINISHED: Processed 18 companies in 49.6s.
2026-09-24 13:22:23,561 [INFO] Total Cumulative Enriched: 31 companies.
2026-09-24 13:22:23,562 [INFO] Updated CSV: enriched_uk_companies.csv
2026-09-24 13:22:23,562 [INFO] Updated Log: scraper.log
2026-09-24 13:22:23,562 [INFO] ================================================================================
2026-09-24 13:38:06,307 [INFO] ================================================================================
2026-09-24 13:38:06,308 [INFO] STARTING PRODUCTION UK COMPANIES HOUSE CONTACT SCRAPER
2026-09-24 13:38:06,308 [INFO] ================================================================================
2026-09-24 13:38:06,308 [INFO] Input Dataset:  Companies-House-search-results.csv
2026-09-24 13:38:06,308 [INFO] Output Dataset: enriched_uk_companies.csv
2026-09-24 13:38:06,308 [INFO] Batch Size:     50
2026-09-24 13:38:06,308 [INFO] Already processed in previous runs: 31 companies
2026-09-24 13:38:06,332 [INFO] Total remaining companies to scrape: 4969
2026-09-24 13:38:06,332 [INFO] Processing next batch of 50 companies...

2026-09-24 13:38:06,332 [INFO] [  1/50] Scraping: POSITIVE PEOPLE (NI) C.I.C. (Co #NI623255)
2026-09-24 13:38:08,180 [INFO]       Appointed Officer: HOGG, Emma Elizabeth (Secretary)
2026-09-24 13:38:08,180 [INFO]       Address:          2b Park Drive, Bangor, Co Down, BT20 4JZ
2026-09-24 13:38:09,053 [INFO]    [EMAIL]   contact@1stdirectory.co.uk
2026-09-24 13:38:09,053 [INFO]    [WEBSITE] https://1stdirectory.co.uk/financial/positive-people-ni-cic/
2026-09-24 13:38:10,053 [INFO] [  2/50] Scraping: BIM ENTERPRISES (NI) C.I.C. (Co #NI628165)
2026-09-24 13:38:11,792 [INFO]       Appointed Officer: EVANS, Frazer (Director)
2026-09-24 13:38:11,792 [INFO]       Address:          Suite 5c Stirling House Castlereagh Business Park, 478 Castlereagh Road, Belfast, Co Antrim, BT5 6BQ
2026-09-24 13:38:13,445 [INFO]    [EMAIL]   info@findthatcharity.uk
2026-09-24 13:38:13,445 [INFO]    [WEBSITE] https://findthatcharity.uk/orgid/GB-COH-NI628165
2026-09-24 13:38:14,446 [INFO] [  3/50] Scraping: COMMUNITY HUB C.I.C. (Co #NI636496)
2026-09-24 13:38:16,251 [INFO]       Appointed Officer: MCGEE, Michelle (Secretary)
2026-09-24 13:38:16,251 [INFO]       Address:          Lecale Cf 50 Stranmillis Embankment, Belfast, BT9 5FL
2026-09-24 13:38:17,385 [INFO] [  4/50] Scraping: INFINITY FARM C.I.C. (Co #NI639782)
2026-09-24 13:38:19,138 [INFO]       Appointed Officer: CLARKE, Colm Francis (Director)
2026-09-24 13:38:19,138 [INFO]       Address:          18 18 Tullynakill Road, Comber, Newtownards, Northern Ireland, BT23 6EJ
2026-09-24 13:38:20,266 [INFO] [  5/50] Scraping: THE VILLAGE DEN CIC (Co #NI641532)
2026-09-24 13:38:22,067 [INFO]       Appointed Officer: KELLY, Karen (Director)
2026-09-24 13:38:22,067 [INFO]       Address:          183 Portadown Road, Armagh, BT61 9LG
2026-09-24 13:38:23,191 [INFO] [  6/50] Scraping: THE BELFAST NEWSEUM C.I.C. (Co #NI648607)
2026-09-24 13:38:24,880 [INFO]       Appointed Officer: CONNOLLY, Paul Steven (Director)
2026-09-24 13:38:24,881 [INFO]       Address:          Ferguson Centre Unit 9, Manse Road, Glengormley, Antrim, BT36 6RW
2026-09-24 13:38:26,015 [INFO] [  7/50] Scraping: LEFT EAR C.I.C. (Co #NI656730)
2026-09-24 13:38:27,817 [INFO]       Appointed Officer: CAVALLI, Mara (Director)
2026-09-24 13:38:27,817 [INFO]       Address:          22 Four Seasons Appartments Foyle Road, Old Star Factory, Londonderry, Northern Ireland, BT48 6AX
2026-09-24 13:38:28,949 [INFO] [  8/50] Scraping: FRIENDS OF BALLYMACORMICK PLANTATION CIC (Co #NI655554)
2026-09-24 13:38:30,765 [INFO]       Appointed Officer: MCCONNELL, Mark Ian (Director)
2026-09-24 13:38:30,766 [INFO]       Address:          34 Rossdale Road, Bangor, Co Down, BT19 6BE
2026-09-24 13:38:31,896 [INFO] [  9/50] Scraping: SEE LOVE INTERACT - MINDFULNESS C.I.C. (Co #NI656812)
2026-09-24 13:38:33,706 [INFO]       Appointed Officer: REID, Philip (Secretary)
2026-09-24 13:38:33,706 [INFO]       Address:          98 Upper Newtownards Road, Belfast, Northern Ireland, BT4 3EN
2026-09-24 13:38:34,837 [INFO] [ 10/50] Scraping: TECH EDUCATION NETWORK CIC (Co #NI658778)
2026-09-24 13:38:36,559 [INFO]       Appointed Officer: BAIRD, Yvonne (Secretary)
2026-09-24 13:38:36,560 [INFO]       Address:          1a 1a Princes Drive, Newtownabbey, United Kingdom, BT37 0AY
2026-09-24 13:38:37,689 [INFO] [ 11/50] Scraping: GAIN FORTH MENTAL STRENGTH INITIATIVE C.I.C. (Co #NI659942)
2026-09-24 13:38:39,480 [INFO]       Appointed Officer: CONLON, Brendan (Director)
2026-09-24 13:38:39,481 [INFO]       Address:          14 Lanark Way, Belfast, County Antrim, BT13 3BH
2026-09-24 13:38:40,615 [INFO] [ 12/50] Scraping: WILD SEEDS NATURE CLUB CIC (Co #12490531)
2026-09-24 13:38:42,216 [INFO]       Appointed Officer: MONTANA, Cadey Robyn (Director)
2026-09-24 13:38:42,216 [INFO]       Address:          154 Sneinton Boulevard, Nottingham, England, NG2 4FY
2026-09-24 13:38:43,344 [INFO] [ 13/50] Scraping: MOVEMENT AND MIND COMMUNITY INTEREST COMPANY (Co #12489067)
2026-09-24 13:38:44,970 [INFO]       Appointed Officer: CROSBY, Joanne (Director)
2026-09-24 13:38:44,970 [INFO]       Address:          C1 North East Business And Innovation Centre, Wearfield Enterprise Park East, Sunderland, Tyne And Wear, SR5 2TA
2026-09-24 13:38:46,103 [INFO] [ 14/50] Scraping: NO CHILD LEFT BEHIND UK CIC (Co #12490413)
2026-09-24 13:38:47,795 [INFO]       Appointed Officer: DAVIES, Alex (Director)
2026-09-24 13:38:47,795 [INFO]       Address:          66a The Crescent, Stockport, England, SK3 8SP
2026-09-24 13:38:48,928 [INFO] [ 15/50] Scraping: ABSOLUTE HAVEN LIMITED C.I.C. (Co #12493784)
2026-09-24 13:38:50,506 [INFO]       Appointed Officer: EVANS, Kuda (Director)
2026-09-24 13:38:50,506 [INFO]       Address:          2 Noble Close, Pennyland, Milton Keynes, England, MK15 8AF
2026-09-24 13:38:51,641 [INFO] [ 16/50] Scraping: LIVING BRIDGE CIC (Co #12494035)
2026-09-24 13:38:53,498 [INFO]       Appointed Officer: GREEN, Elizabeth (Director)
2026-09-24 13:38:53,498 [INFO]       Address:          2 Fron Felen, Ffordd Yr Orsaf, Dyffryn Ardudwy, Wales, LL44 2EE
2026-09-24 13:38:54,628 [INFO] [ 17/50] Scraping: PHOENIX FAMILY CIC (Co #12494059)
2026-09-24 13:38:56,446 [INFO]       Appointed Officer: LARCOMBE, Kathleen Amanda, Mrs. (Director)
2026-09-24 13:38:56,446 [INFO]       Address:          15 Shipton Hill, Bradville, Milton Keynes, England, MK13 7ED
2026-09-24 13:38:57,572 [INFO] [ 18/50] Scraping: AGROHI CIC (Co #12494484)
2026-09-24 13:38:59,220 [INFO]       Appointed Officer: TAREQUE, Nazmus Sakib (Director)
2026-09-24 13:38:59,220 [INFO]       Address:          PO Box 12, 12 Henty Close, Trumpington, Cambridge, Cambridgeshire, England, CB2 9FL
2026-09-24 13:39:00,353 [INFO] [ 19/50] Scraping: GLOBE COMMUNITY FITNESS & ACTIVITIES CENTRE CIC (Co #12495579)
2026-09-24 13:39:02,032 [INFO]       Appointed Officer: HENRY, Millicent (Director)
2026-09-24 13:39:02,032 [INFO]       Address:          79 Cornbrook Street, Manchester, England, M16 7QB
2026-09-24 13:39:03,194 [INFO] [ 20/50] Scraping: YOUTH IMPACT STUDIO CIC (Co #12499609)
2026-09-24 13:39:04,871 [INFO]       Appointed Officer: GRAY, Ciara (Director)
2026-09-24 13:39:04,872 [INFO]       Address:          49 Station Road, Polegate, England, BN26 6EA
2026-09-24 13:39:05,998 [INFO] [ 21/50] Scraping: AVRO FC CIC (Co #12499751)
2026-09-24 13:39:07,661 [INFO]       Appointed Officer: FULLER, Robert James (Director)
2026-09-24 13:39:07,661 [INFO]       Address:          211 Manchester New Road, Middleton, Manchester, England, M24 1JT
2026-09-24 13:39:08,793 [INFO] [ 22/50] Scraping: CARBON LOCKDOWN C.I.C. (Co #12500172)
2026-09-24 13:39:10,500 [INFO]       Appointed Officer: HUGHES, Martin (Director)
2026-09-24 13:39:10,500 [INFO]       Address:          3 Malthouse Cottages, Wish Hill, Eastbourne, East Sussex, BN20 9HL
2026-09-24 13:39:11,639 [INFO] [ 23/50] Scraping: LIFE HOUSING CIC (Co #12501899)
2026-09-24 13:39:13,244 [INFO]       Appointed Officer: TAREHWA, Edward (Director)
2026-09-24 13:39:13,244 [INFO]       Address:          Seedbed Business Centre Vanguard Way, Southend On Sea, Southend-On-Sea, Essex, England, SS3 9QY
2026-09-24 13:39:14,380 [INFO] [ 24/50] Scraping: THE LEGACY METHOD C.I.C. (Co #12502554)
2026-09-24 13:39:16,005 [INFO]       Appointed Officer: CORK, Katie (Director)
2026-09-24 13:39:16,005 [INFO]       Address:          52 Greenfield Road, Joys Green, Lydbrook, England, GL17 9RE
2026-09-24 13:39:17,133 [INFO] [ 25/50] Scraping: ALEC CIC (Co #12502152)
2026-09-24 13:39:18,740 [INFO]       Appointed Officer: VOCHITA, Marius Alexandru (Director)
2026-09-24 13:39:18,740 [INFO]       Address:          38 Crown Leys, Aylesbury, England, HP20 2LJ
2026-09-24 13:39:19,875 [INFO] [ 26/50] Scraping: OCEAN AND US CIC (Co #12501716)
2026-09-24 13:39:21,513 [INFO]       Appointed Officer: DONALD, Ian (Director)
2026-09-24 13:39:21,513 [INFO]       Address:          33 Bezant Place, Newquay, England, TR7 1SJ
2026-09-24 13:39:22,645 [INFO] [ 27/50] Scraping: SAFETY OWL 2 CIC (Co #12503455)
2026-09-24 13:39:24,251 [INFO]       Appointed Officer: FENTON, Gary (Director)
2026-09-24 13:39:24,251 [INFO]       Address:          27 Old Gloucester Street, London, United Kingdom, WC1N 3AX
2026-09-24 13:39:25,383 [INFO] [ 28/50] Scraping: OUR FOREST CIC (Co #12503506)
2026-09-24 13:39:27,002 [INFO]       Appointed Officer: MACKINTOSH, Amy Victoria (Director)
2026-09-24 13:39:27,002 [INFO]       Address:          39 Trevor Road, Burscough, Ormskirk, England, L40 7RU
2026-09-24 13:39:28,135 [INFO] [ 29/50] Scraping: SCIENCEFAIRY CIC (Co #12505396)
2026-09-24 13:39:29,707 [INFO]       Appointed Officer: WALKER, Rosamund Carol (Director)
2026-09-24 13:39:29,707 [INFO]       Address:          20 Primrose Drive, Shildon, England, DL4 2JQ
2026-09-24 13:39:30,840 [INFO] [ 30/50] Scraping: YOUTH PREVAIL CIC (Co #12505296)
2026-09-24 13:39:32,448 [INFO]       Appointed Officer: MANSARAY, Mohamed (Director)
2026-09-24 13:39:32,448 [INFO]       Address:          20 Pickwick Mews, London, England, N18 1QR
2026-09-24 13:39:33,586 [INFO] [ 31/50] Scraping: BEANOLOGY C.I.C. (Co #12508194)
2026-09-24 13:39:35,188 [INFO]       Appointed Officer: SKINNER, Elisabeth Anne (Director)
2026-09-24 13:39:35,189 [INFO]       Address:          12 Springfield Road, Quenington, Cirencester, England, GL7 5BU
2026-09-24 13:39:36,317 [INFO] [ 32/50] Scraping: NEW CROSS COMMUNITY FRIDGE CIC (Co #12507246)
2026-09-24 13:39:38,028 [INFO]       Appointed Officer: WILD, Ashley Joe (Director)
2026-09-24 13:39:38,029 [INFO]       Address:          Goldsmiths College, 8 Lewisham Way, London, England, SE14 6NW
2026-09-24 13:39:39,161 [INFO] [ 33/50] Scraping: SECRET TO HAPPINESS CIC (Co #12510366)
2026-09-24 13:39:40,773 [INFO]       Appointed Officer: SHAW, Tia Leoni (Director)
2026-09-24 13:39:40,773 [INFO]       Address:          61 Bridge Street, Kington, United Kingdom, HR5 3DJ
2026-09-24 13:39:41,931 [INFO] [ 34/50] Scraping: EASTBOURNE FESTIVALS AND EVENTS CIC (Co #12509017)
2026-09-24 13:39:43,588 [INFO]       Appointed Officer: PETERS, Vanessa Lindsey (Director)
2026-09-24 13:39:43,588 [INFO]       Address:          74 Brodrick Road, Eastbourne, England, BN22 9NS
2026-09-24 13:39:44,724 [INFO] [ 35/50] Scraping: JUMBO PROSPECTS CIC (Co #12510304)
2026-09-24 13:39:46,482 [INFO]       Appointed Officer: BARRETT, Lloyd Emanuel (Director)
2026-09-24 13:39:46,482 [INFO]       Address:          International House, Canterbury Crescent, London, United Kingdom, SW9 7QD
2026-09-24 13:39:47,610 [INFO] [ 36/50] Scraping: THEPRIMEPROJECT COMMUNITY INTEREST COMPANY (Co #12510552)
2026-09-24 13:39:49,182 [INFO]       Appointed Officer: PARKER, Matthew John (Director)
2026-09-24 13:39:49,182 [INFO]       Address:          8 Church View Close, Arnold, Nottingham, England, NG5 9QP
2026-09-24 13:39:50,313 [INFO] [ 37/50] Scraping: UCAN IQS CIC (Co #12512712)
2026-09-24 13:39:52,157 [INFO]       Appointed Officer: BROWN, Mark (Director)
2026-09-24 13:39:52,157 [INFO]       Address:          1 Rodney House, Cahir Street, London, E14 3QY
2026-09-24 13:39:53,286 [INFO] [ 38/50] Scraping: SUPREME BOXING CLUB COMMUNITY INTEREST COMPANY (Co #12513002)
2026-09-24 13:39:55,109 [INFO]       Appointed Officer: TIMBY, Claire (Secretary)
2026-09-24 13:39:55,109 [INFO]       Address:          Unit 6-8 Leaside Industrial Estate, 78 Stockingswater Lane, Enfield, England, EN3 7RL
2026-09-24 13:39:56,237 [INFO] [ 39/50] Scraping: COASTAL REGENERATION INCLUSION PROJECT C.I.C. (Co #12512575)
2026-09-24 13:39:58,005 [INFO]       Appointed Officer: ELLIOTT, Andrew (Director)
2026-09-24 13:39:58,005 [INFO]       Address:          51 East Cliff, Folkestone, England, CT19 6BX
2026-09-24 13:39:59,138 [INFO] [ 40/50] Scraping: REAL QUEERS CIC (Co #12512961)
2026-09-24 13:40:00,906 [INFO]       Appointed Officer: DAWES, Dominic (Director)
2026-09-24 13:40:00,906 [INFO]       Address:          79 Sandstone Road, London, England, SE12 0UT
2026-09-24 13:40:02,044 [INFO] [ 41/50] Scraping: HORSLEY FARMERS MARKET CIC (Co #12516252)
2026-09-24 13:40:03,861 [INFO]       Appointed Officer: ABBOTT, David Charles Norman (Director)
2026-09-24 13:40:03,861 [INFO]       Address:          Marwood House The Highlands, East Horsley, Leatherhead, England, KT24 5BQ
2026-09-24 13:40:04,987 [INFO] [ 42/50] Scraping: COMMUNITY HEALTH MAPPING CIC (Co #12517694)
2026-09-24 13:40:06,776 [INFO]       Appointed Officer: CROSS, Tracey June (Director)
2026-09-24 13:40:06,776 [INFO]       Address:          Smart7 Business Hub 19 Park Lane Business Centre, Park Lane, Nottingham, United Kingdom, NG6 0DW
2026-09-24 13:40:07,910 [INFO] [ 43/50] Scraping: HULL SOLUTIONS CIC (Co #12517690)
2026-09-24 13:40:09,692 [INFO]       Appointed Officer: APPLETON, Saffron (Director)
2026-09-24 13:40:09,692 [INFO]       Address:          650 Anlaby Road, Hull, East Yorkshire, United Kingdom, HU3 6UU
2026-09-24 13:40:10,821 [INFO] [ 44/50] Scraping: KEESHA'S FIRST STEPS CIC (Co #12519969)
2026-09-24 13:40:12,401 [INFO]       Appointed Officer: ANDERSON, Keesha (Director)
2026-09-24 13:40:12,401 [INFO]       Address:          PO Box 4385, 12519969: COMPANIES HOUSE DEFAULT ADDRESS, Cardiff, CF14 8LH
2026-09-24 13:40:13,534 [INFO] [ 45/50] Scraping: COVID VOLUNTEERS C.I.C. (Co #12520044)
2026-09-24 13:40:15,166 [INFO]       Appointed Officer: JACKSON, Jonathan Thomas (Director)
2026-09-24 13:40:15,167 [INFO]       Address:          25 Petley Road, London, England, W6 9SU
2026-09-24 13:40:16,304 [INFO] [ 46/50] Scraping: YOUTH AND ORPHAN EDUCATION CIC (Co #12519517)
2026-09-24 13:40:17,912 [INFO]       Appointed Officer: MOSOOD, Kanishka (Director)
2026-09-24 13:40:17,912 [INFO]       Address:          133 West Hendon Broadway, London, England, NW9 7DY
2026-09-24 13:40:19,042 [INFO] [ 47/50] Scraping: SEAWEED SURF SHACK CIC (Co #12520216)
2026-09-24 13:40:20,775 [INFO]       Appointed Officer: JOSEPH HORNE, Bethany (Director)
2026-09-24 13:40:20,775 [INFO]       Address:          32 Broadacre Broadacre, Killay, Swansea, Wales, SA2 7RU
2026-09-24 13:40:21,904 [INFO] [ 48/50] Scraping: KEEP LIVE ALIVE CIC (Co #12519994)
2026-09-24 13:40:23,560 [INFO]       Appointed Officer: MARA, Kate (Director)
2026-09-24 13:40:23,560 [INFO]       Address:          5 Bovill Road, London, England, SE23 1HB
2026-09-24 13:40:24,696 [INFO] [ 49/50] Scraping: HUSTHWAITE COMMUNITY HUB CIC (Co #12520007)
2026-09-24 13:40:26,275 [INFO]       Appointed Officer: LAW, John Timothy (Director)
2026-09-24 13:40:26,275 [INFO]       Address:          1 Rose Cottage The Nookin, Husthwaite, York, England, YO61 4PY
2026-09-24 13:40:27,405 [INFO] [ 50/50] Scraping: FREEGANETTE CIC (Co #12525002)
2026-09-24 13:40:29,020 [INFO]       Appointed Officer: YAKIMOV, Elitsa Krasimirova (Director)
2026-09-24 13:40:29,020 [INFO]       Address:          1 Kinnington Way, Backford, Chester, United Kingdom, CH1 6PB
2026-09-24 13:40:30,152 [INFO] ================================================================================
2026-09-24 13:40:30,152 [INFO] BATCH FINISHED: Processed 50 companies in 143.8s.
2026-09-24 13:40:30,152 [INFO] Total Cumulative Enriched: 81 companies.
2026-09-24 13:40:30,152 [INFO] Updated CSV: enriched_uk_companies.csv
2026-09-24 13:40:30,153 [INFO] Updated Log: scraper.log
2026-09-24 13:40:30,153 [INFO] ================================================================================
2026-09-24 19:46:49,409 [INFO] ================================================================================
2026-09-24 19:46:49,409 [INFO] STARTING PRODUCTION UK COMPANIES HOUSE CONTACT SCRAPER
2026-09-24 19:46:49,409 [INFO] ================================================================================
2026-09-24 19:46:49,409 [INFO] Input Dataset:  Companies-House-search-results.csv
2026-09-24 19:46:49,410 [INFO] Output Dataset: enriched_uk_companies.csv
2026-09-24 19:46:49,410 [INFO] Batch Size:     50
2026-09-24 19:46:49,410 [INFO] Already processed in previous runs: 81 companies
2026-09-24 19:46:49,434 [INFO] Total remaining companies to scrape: 4919
2026-09-24 19:46:49,434 [INFO] Processing next batch of 50 companies...

2026-09-24 19:46:49,434 [INFO] [  1/50] Scraping: THE NUTURING EQUINE THERAPY COMMUNITY INTEREST COMPANY (Co #12528544)
2026-09-24 19:46:50,646 [INFO]       Appointed Officer: BANKS, Nigel David (Director)
2026-09-24 19:46:50,647 [INFO]       Address:          8 Tower Walk, Weston-Super-Mare, England, BS23 2JR
2026-09-24 19:46:51,978 [INFO]    [PHONE]   +447360265341
2026-09-24 19:46:51,978 [INFO]    [EMAIL]   lily@nurturingnatureequine.co.uk
2026-09-24 19:46:51,978 [INFO]    [WEBSITE] https://www.nurturingnatureequine.co.uk/
2026-09-24 19:46:53,027 [INFO] [  2/50] Scraping: ACTIVE RECOVERY AND FUNCTIONAL FITNESS COMMUNITY INTEREST COMPANY (Co #12526622)
2026-09-24 19:46:54,129 [INFO]       Appointed Officer: BURT, Nicola (Director)
2026-09-24 19:46:54,129 [INFO]       Address:          32 Stratton Close, Bridgwater, England, TA6 5SL
2026-09-24 19:46:56,055 [INFO]    [PHONE]   0800 313 4630
2026-09-24 19:46:56,056 [INFO]    [EMAIL]   Ali.Taher@bbc.com
2026-09-24 19:46:56,056 [INFO]    [WEBSITE] https://www.bbc.co.uk/news/articles/cx2879rvgxyo
2026-09-24 19:46:57,056 [INFO] [  3/50] Scraping: MY UTILITY DONATION COMMUNITY INTEREST COMPANY (Co #12529094)
2026-09-24 19:46:58,177 [INFO]       Appointed Officer: BAZZEE, Thomas (Secretary)
2026-09-24 19:46:58,178 [INFO]       Address:          Aiden House, Sunderland Road, Gateshead, Tyne And Wear, NE8 3HU
2026-09-24 19:46:59,232 [INFO] [  4/50] Scraping: GENERATION X FITNESS CLUB C.I.C. (Co #12530100)
2026-09-24 19:47:00,365 [INFO]       Appointed Officer: TYSON, Jay Anthony (Director)
2026-09-24 19:47:00,366 [INFO]       Address:          Flat 2, 37 Burton Road, Manchester, England, M20 3GB
2026-09-24 19:47:01,426 [INFO] [  5/50] Scraping: CHATS HUB CIC (Co #12543896)
2026-09-24 19:47:02,910 [INFO]       Appointed Officer: THOMPSON, Shelley Anne (Secretary)
2026-09-24 19:47:02,910 [INFO]       Address:          48 Leeds Road, Oulton, Leeds, England, LS26 8JY
2026-09-24 19:47:03,999 [INFO] [  6/50] Scraping: MISSING PENCIL CIC (Co #12543560)
2026-09-24 19:47:05,109 [INFO]       Appointed Officer: DRAWBRIDGE, Paul (Director)
2026-09-24 19:47:05,109 [INFO]       Address:          7 Neville Avenue, New Malden, England, KT3 4SN
2026-09-24 19:47:06,188 [INFO] [  7/50] Scraping: TEEN INSPIRE C.I.C. (Co #12545109)
2026-09-24 19:47:07,185 [INFO]       Appointed Officer: PRICE, Jemma Marie (Director)
2026-09-24 19:47:07,185 [INFO]       Address:          14 Maesycoed, Aberdare, Wales, CF44 8RG
2026-09-24 19:47:08,263 [INFO] [  8/50] Scraping: PARK LANE FIBRE PROJECT C.I.C. (Co #12546448)
2026-09-24 19:47:09,283 [INFO]       Appointed Officer: RAWLINGS, Simon Alan (Director)
2026-09-24 19:47:09,283 [INFO]       Address:          Foresters, Park Lane, Cranbrook, England, TN17 2SW
2026-09-24 19:47:10,350 [INFO] [  9/50] Scraping: THE CLIMATE ACTION APP CIC (Co #12546856)
2026-09-24 19:47:11,388 [INFO]       Appointed Officer: NAEF, Samuel Edward (Director)
2026-09-24 19:47:11,388 [INFO]       Address:          47a Green Lane, Lower Kingswood, Tadworth, England, KT20 6TJ
2026-09-24 19:47:12,473 [INFO] [ 10/50] Scraping: SPORT FOR CHILDREN C.I.C. (Co #12550111)
2026-09-24 19:47:13,532 [INFO]       Appointed Officer: ROBINSON, Charlotte Constance (Director)
2026-09-24 19:47:13,532 [INFO]       Address:          4 Birberry Court Birbeck Street, Mossley, Ashton-Under-Lyne, England, OL5 0AF
2026-09-24 19:47:14,616 [INFO] [ 11/50] Scraping: PATIENT LED ENGAGEMENT FOR ACCESS CIC (Co #12552132)
2026-09-24 19:47:15,775 [INFO]       Appointed Officer: HUGHES, Abby Louise (Director)
2026-09-24 19:47:15,776 [INFO]       Address:          Flat 5 Marque House, 143 Hills Road, Cambridge, England, CB2 8RA
2026-09-24 19:47:16,830 [INFO] [ 12/50] Scraping: GARDA DACILOR CIC (Co #12554057)
2026-09-24 19:47:17,879 [INFO]       Appointed Officer: ATANASIU, Ionut (Director)
2026-09-24 19:47:17,879 [INFO]       Address:          13 Crowther Grove, Wolverhampton, England, WV6 0JE
2026-09-24 19:47:18,940 [INFO] [ 13/50] Scraping: STARFISHTRAINING C.I.C. (Co #12552222)
2026-09-24 19:47:19,976 [INFO]       Appointed Officer: YOUNG, Nathan Robert (Director)
2026-09-24 19:47:19,976 [INFO]       Address:          3 Spring Meadow, Cotgrave, Nottingham, England, NG12 3TE
2026-09-24 19:47:21,043 [INFO] [ 14/50] Scraping: MI&SI CIC (Co #12553552)
2026-09-24 19:47:22,082 [INFO]       Appointed Officer: YURUKOVA, Silviya Dragomirova (Secretary)
2026-09-24 19:47:22,082 [INFO]       Address:          40 Cliffe Road, Rochester, England, ME2 3DR
2026-09-24 19:47:23,141 [INFO] [ 15/50] Scraping: NWANNEDINAMBA 1 CIC (Co #12554096)
2026-09-24 19:47:24,233 [INFO]       Appointed Officer: ONYI, Repo Kaz (Secretary)
2026-09-24 19:47:24,233 [INFO]       Address:          18 Yewtree Lane, Manchester, England, M22 4DY
2026-09-24 19:47:25,316 [INFO] [ 16/50] Scraping: GLOBAL CAPACITY COMMUNITY INTEREST COMPANY (Co #12556164)
2026-09-24 19:47:26,327 [INFO]       Appointed Officer: NEWTON, Richard (Director)
2026-09-24 19:47:26,327 [INFO]       Address:          110 Wyndham Road, Cardiff, Wales, CF11 9EL
2026-09-24 19:47:27,387 [INFO] [ 17/50] Scraping: TEN FOR GOOD CIC (Co #12556114)
2026-09-24 19:47:28,381 [INFO]       Appointed Officer: PATTISON, Matthew James (Director)
2026-09-24 19:47:28,382 [INFO]       Address:          19 Palmeira Avenue Mansions, 19 Church Road, Hove, United Kingdom, BN3 2FA
2026-09-24 19:47:29,438 [INFO] [ 18/50] Scraping: KETTERING SUPPORT GROUP CIC (Co #12555971)
2026-09-24 19:47:30,483 [INFO]       Appointed Officer: PANDEY, Anup Kumar (Director)
2026-09-24 19:47:30,483 [INFO]       Address:          10 Gillingham Road, Kettering, Northamptonshire, United Kingdom, NN15 7RA
2026-09-24 19:47:31,539 [INFO] [ 19/50] Scraping: XALDOON.NET COMMUNITY INTEREST COMPANY (Co #12557116)
2026-09-24 19:47:32,542 [INFO]       Appointed Officer: MOHAMED, Hassan Noor (Director)
2026-09-24 19:47:32,542 [INFO]       Address:          13d Durants Park Avenue, Enfield, England, EN3 7ED
2026-09-24 19:47:33,597 [INFO] [ 20/50] Scraping: EMPOWER HEALTH AND WELLBEING CIC (Co #12560754)
2026-09-24 19:47:34,691 [INFO]       Appointed Officer: EDWINS, Emily Janet (Director)
2026-09-24 19:47:34,691 [INFO]       Address:          16 Wishaw Square, Manchester, England, M21 7GF
2026-09-24 19:47:35,750 [INFO] [ 21/50] Scraping: CONCEPTUAL ART IN MOTION CIC (Co #12856481)
2026-09-24 19:47:36,742 [INFO]       Appointed Officer: URIBE-GUTIERREZ, Mercedes (Director)
2026-09-24 19:47:36,742 [INFO]       Address:          Flat 59 Wilkins House, Churchill Gardens, London, England, SW1V 3BY
2026-09-24 19:47:37,796 [INFO] [ 22/50] Scraping: THE TALKING TREE COACHING CIC (Co #12855467)
2026-09-24 19:47:38,875 [INFO]       Appointed Officer: BARTON, Charlotte Mary (Director)
2026-09-24 19:47:38,876 [INFO]       Address:          Impact Brixton Cic, 17a Electric Lane, Brixton, Electric Lane, London, England, SW9 8LA
2026-09-24 19:47:39,959 [INFO] [ 23/50] Scraping: ALYNSIDE C.I.C. (Co #12855338)
2026-09-24 19:47:40,951 [INFO]       Appointed Officer: YATES, John James (Director)
2026-09-24 19:47:40,951 [INFO]       Address:          16 Villiers Street, Wrexham, Wales, LL13 7TW
2026-09-24 19:47:42,009 [INFO] [ 24/50] Scraping: CONNECTFORCE COMMUNITY CIC (Co #12856628)
2026-09-24 19:47:43,168 [INFO]       Appointed Officer: BASTEN, Victoria (Director)
2026-09-24 19:47:43,168 [INFO]       Address:          14 St. Lukes Mews, London, England, W11 1DF
2026-09-24 19:47:44,225 [INFO] [ 25/50] Scraping: FLAME TREE COLLECTIVE CIC (Co #12858252)
2026-09-24 19:47:45,316 [INFO]       Appointed Officer: HAYNES, Ellen (Director)
2026-09-24 19:47:45,316 [INFO]       Address:          5 Arbroath Road, London, England, SE9 6RR
2026-09-24 19:47:46,374 [INFO] [ 26/50] Scraping: THE ADVICE HELPLINE C.I.C. (Co #12859883)
2026-09-24 19:47:47,363 [INFO]       Appointed Officer: RICHARDS, Chris (Secretary)
2026-09-24 19:47:47,363 [INFO]       Address:          Harley House, 29 Cambray Pl, Cheltenham, England, GL50 1JN
2026-09-24 19:47:48,416 [INFO] [ 27/50] Scraping: MENTAL HEALTH RUNNER PROJECT CIC (Co #12859398)
2026-09-24 19:47:49,397 [INFO]       Appointed Officer: DUNNING, Amber Mae (Director)
2026-09-24 19:47:49,398 [INFO]       Address:          114 Station Road, Waddington, Lincoln, England, LN5 9QS
2026-09-24 19:47:50,458 [INFO] [ 28/50] Scraping: TORUS WELLBEING CIC (Co #12859914)
2026-09-24 19:47:51,579 [INFO]       Appointed Officer: ABEL, Sally (Director)
2026-09-24 19:47:51,579 [INFO]       Address:          The Dudson Centre C/O Vast, Hope Street, Hanley, Staffordshire, United Kingdom, ST1 5DD
2026-09-24 19:47:52,643 [INFO] [ 29/50] Scraping: FENLAND PASTURES CIC (Co #12863624)
2026-09-24 19:47:53,678 [INFO]       Appointed Officer: MEREDITH, Rebecca Jane (Director)
2026-09-24 19:47:53,678 [INFO]       Address:          30 Newgate Street, Doddington, March, England, PE15 0SR
2026-09-24 19:47:54,752 [INFO] [ 30/50] Scraping: BRIXKIDZ CIC (Co #12866707)
2026-09-24 19:47:55,849 [INFO]       Appointed Officer: MCLAUGHLIN, Barbara (Director)
2026-09-24 19:47:55,849 [INFO]       Address:          Romer House, 132 Lewisham High Street, London, England, SE13 6EE
2026-09-24 19:47:56,904 [INFO] [ 31/50] Scraping: NURTURING CURRICULUM DEVELOPMENT GROUP CIC (Co #12864947)
2026-09-24 19:47:57,942 [INFO]       Appointed Officer: ISITT, Jodie Marie (Director)
2026-09-24 19:47:57,942 [INFO]       Address:          2 Nelson Cottages Oakdene Road, Bookham, Leatherhead, England, KT23 3HD
2026-09-24 19:47:58,998 [INFO] [ 32/50] Scraping: ARMED FORCES COMMUNITY ADVICE SERVICE CIC (Co #12866712)
2026-09-24 19:48:00,313 [INFO]       Appointed Officer: BRADLEY, Ian Richard (Director)
2026-09-24 19:48:00,313 [INFO]       Address:          278 Eakring Road, Mansfield, England, NG18 3ES
2026-09-24 19:48:01,374 [INFO] [ 33/50] Scraping: VODA (SITR NO 2) C.I.C. (Co #12869791)
2026-09-24 19:48:02,474 [INFO]       Appointed Officer: MAHON, Daniel (Director)
2026-09-24 19:48:02,474 [INFO]       Address:          Hammond House 1a North Road, West Kirby, Wirral, United Kingdom, CH48 4DE
2026-09-24 19:48:03,533 [INFO] [ 34/50] Scraping: GAMHELP COMMUNITY INTEREST COMPANY (Co #12873620)
2026-09-24 19:48:04,586 [INFO]       Appointed Officer: JONES, Daniel Joseph (Director)
2026-09-24 19:48:04,586 [INFO]       Address:          48 Gills Hill Lane, Radlett, England, WD7 8DQ
2026-09-24 19:48:05,649 [INFO] [ 35/50] Scraping: PARDESI BAITAK CIC (Co #12873981)
2026-09-24 19:48:06,662 [INFO]       Appointed Officer: HUSSAIN, Annas (Director)
2026-09-24 19:48:06,662 [INFO]       Address:          14 Cooks Wood Road, Sheffield, England, S3 9AB
2026-09-24 19:48:07,726 [INFO] [ 36/50] Scraping: TRETHURGY BROADBAND CIC (Co #12874455)
2026-09-24 19:48:08,766 [INFO]       Appointed Officer: THOMAS, Derek Keith (Director)
2026-09-24 19:48:08,766 [INFO]       Address:          Argel, Trethurgy, St. Austell, England, PL26 8YQ
2026-09-24 19:48:09,852 [INFO] [ 37/50] Scraping: SPEAK UP DIVERSITY CIC (Co #12875321)
2026-09-24 19:48:10,894 [INFO]       Appointed Officer: NJIE, Haddy (Director)
2026-09-24 19:48:10,894 [INFO]       Address:          Unit 3 Millers Yard, Gillygate, York, England, YO31 7EB
2026-09-24 19:48:11,952 [INFO] [ 38/50] Scraping: STMARYSLONDON CIC (Co #12876421)
2026-09-24 19:48:12,975 [INFO]       Appointed Officer: SUBRAMANIAM, Sakila (Director)
2026-09-24 19:48:12,975 [INFO]       Address:          49 Girton Road, Northolt, England, UB5 4SS
2026-09-24 19:48:14,033 [INFO] [ 39/50] Scraping: NW JUST CARING CIC (Co #12876406)
2026-09-24 19:48:15,270 [INFO]       Appointed Officer: MELLOR, David Richard (Director)
2026-09-24 19:48:15,270 [INFO]       Address:          Burwood 23 Ebberston Road West, Rhos On Sea, Colwyn Bay, Wales, LL28 4AP
2026-09-24 19:48:16,327 [INFO] [ 40/50] Scraping: EXIST LOUDLY CIC (Co #12878659)
2026-09-24 19:48:17,306 [INFO]       Appointed Officer: COMPAS, Tanya (Director)
2026-09-24 19:48:17,306 [INFO]       Address:          320 City Road, London, England, EC1V 2NZ
2026-09-24 19:48:18,362 [INFO] [ 41/50] Scraping: DISCOURSE CIC (Co #12878870)
2026-09-24 19:48:19,458 [INFO]       Appointed Officer: EVANS, Caroline Maria Elizabeth (Director)
2026-09-24 19:48:19,458 [INFO]       Address:          Woodside The Street, Bracon Ash, Norwich, Norfolk, United Kingdom, NR14 8EL
2026-09-24 19:48:20,518 [INFO] [ 42/50] Scraping: CHANGE YOUR LIFE PUT DOWN YOUR KNIFE COMMUNITY INTEREST COMPANY (Co #12880902)
2026-09-24 19:48:21,572 [INFO]       Appointed Officer: SPANN, Benjamin Ronald (Director)
2026-09-24 19:48:21,572 [INFO]       Address:          44 Chesford Crescent, Warwick, England, CV34 5PR
2026-09-24 19:48:22,630 [INFO] [ 43/50] Scraping: THE MINORITY PROJECT CIC (Co #12889368)
2026-09-24 19:48:23,653 [INFO]       Appointed Officer: LUNGU, Slydon (Director)
2026-09-24 19:48:23,653 [INFO]       Address:          Business Launchpad, Canterbury Crescent Brixton, London, United Kingdom, SW9 7QE
2026-09-24 19:48:24,708 [INFO] [ 44/50] Scraping: ZEPHANIAH SULWE C.I.C. (Co #12894563)
2026-09-24 19:48:25,720 [INFO]       Appointed Officer: AKINYI, Maria (Director)
2026-09-24 19:48:25,720 [INFO]       Address:          4 Hawfinch Gardens, Romford, England, RM3 0GW
2026-09-24 19:48:26,779 [INFO] [ 45/50] Scraping: CLEAR CARBON WORLD CIC (Co #12896531)
2026-09-24 19:48:27,786 [INFO]       Appointed Officer: SHARPE, Anthony Robert (Director)
2026-09-24 19:48:27,786 [INFO]       Address:          17 Novello Close, Basingstoke, England, RG22 4LF
2026-09-24 19:48:28,845 [INFO] [ 46/50] Scraping: ROCHFORD FINANCIAL HUB COMMUNITY INTEREST COMPANY (Co #12896654)
2026-09-24 19:48:29,965 [INFO]       Appointed Officer: THURGOOD, Paul Stephen (Director)
2026-09-24 19:48:29,965 [INFO]       Address:          Devines Bellefield House, 104 New London Road, Chelmsford, Essex, England, CM2 0RG
2026-09-24 19:48:31,025 [INFO] [ 47/50] Scraping: HAYESGATE RESIDENTS CIC (Co #12905550)
2026-09-24 19:48:32,010 [INFO]       Appointed Officer: GRANT, Neil Ross (Director)
2026-09-24 19:48:32,010 [INFO]       Address:          Hayes Gate House, Hayesgate, Chepstow, Wales, NP16 6LJ
2026-09-24 19:48:33,071 [INFO] [ 48/50] Scraping: UKRSC C.I.C. (Co #12911525)
2026-09-24 19:48:34,171 [INFO]       Appointed Officer: BAKER, Mohammed (Director)
2026-09-24 19:48:34,171 [INFO]       Address:          9 Longmead Avenue, Longmead Avenue, Bristol, England, BS7 8QB
2026-09-24 19:48:35,229 [INFO] [ 49/50] Scraping: SLOWWMO CIC (Co #12912130)
2026-09-24 19:48:36,258 [INFO]       Appointed Officer: TILL, Jonathan William (Director)
2026-09-24 19:48:36,258 [INFO]       Address:          Hartfield Verwood Road, Woodlands, Wimborne, England, BH21 8LJ
2026-09-24 19:48:37,315 [INFO] [ 50/50] Scraping: DIALOGICAL CARE CIC (Co #12912059)
2026-09-24 19:48:38,351 [INFO]       Appointed Officer: BUENO DE MESQUITA, Richard Jaye (Director)
2026-09-24 19:48:38,351 [INFO]       Address:          1 Beauchamp Court, 10 Victors Way, Barnet, Hertfordshire, United Kingdom, EN5 5TZ
2026-09-24 19:48:39,413 [INFO] ================================================================================
2026-09-24 19:48:39,413 [INFO] BATCH FINISHED: Processed 50 companies in 110.0s.
2026-09-24 19:48:39,413 [INFO] Total Cumulative Enriched: 131 companies.
2026-09-24 19:48:39,413 [INFO] Updated CSV: enriched_uk_companies.csv
2026-09-24 19:48:39,413 [INFO] Updated Log: scraper.log
2026-09-24 19:48:39,413 [INFO] ================================================================================
2026-09-24 22:59:46,703 [INFO] ================================================================================
2026-09-24 22:59:46,703 [INFO] STARTING PRODUCTION UK COMPANIES HOUSE CONTACT SCRAPER
2026-09-24 22:59:46,703 [INFO] ================================================================================
2026-09-24 22:59:46,703 [INFO] Input Dataset:  Companies-House-search-results.csv
2026-09-24 22:59:46,703 [INFO] Output Dataset: enriched_uk_companies.csv
2026-09-24 22:59:46,703 [INFO] Batch Size:     50
2026-09-24 22:59:46,704 [INFO] Already processed in previous runs: 131 companies
2026-09-24 22:59:46,722 [INFO] Total remaining companies to scrape: 4869
2026-09-24 22:59:46,723 [INFO] Processing next batch of 50 companies...

2026-09-24 22:59:46,723 [INFO] [  1/50] Scraping: BASKET 4 CHANGE COMMUNITY INTEREST COMPANY (Co #12911959)
2026-09-24 22:59:48,302 [INFO]       Appointed Officer: CHIGODHO, Molline (Director)
2026-09-24 22:59:48,302 [INFO]       Address:          108 Pedmore Valley, Nottingham, England, NG5 5NN
2026-09-24 22:59:49,823 [INFO]    [PHONE]   +44 0 20 7916 0788
2026-09-24 22:59:49,823 [INFO]    [EMAIL]   info@voice4change-england.co.uk
2026-09-24 22:59:49,823 [INFO]    [WEBSITE] https://www.voice4change-england.org/
2026-09-24 22:59:50,823 [INFO] [  2/50] Scraping: LAUGH 4 CHANGE CIC (Co #12914009)
2026-09-24 22:59:52,308 [INFO]       Appointed Officer: KARABIYIK, Cansu (Director)
2026-09-24 22:59:52,308 [INFO]       Address:          483 Green Lanes, London, England, N13 4BS
2026-09-24 22:59:53,143 [INFO]    [EMAIL]   info@ticketsource.com
2026-09-24 22:59:53,144 [INFO]    [WEBSITE] https://www.ticketsource.com/laugh-for-a-change
2026-09-24 22:59:54,144 [INFO] [  3/50] Scraping: GRACE AGE- UK COMMUNITY INTEREST COMPANY (Co #12912008)
2026-09-24 22:59:55,585 [INFO]       Appointed Officer: HALL, Virginia Woodburn (Director)
2026-09-24 22:59:55,585 [INFO]       Address:          66 Weller Avenue, Manchester, England, M21 7ST
2026-09-24 22:59:56,759 [INFO] [  4/50] Scraping: IT4BAME CIC (Co #12912154)
2026-09-24 22:59:58,256 [INFO]       Appointed Officer: OGBONNA, Amanze (Director)
2026-09-24 22:59:58,256 [INFO]       Address:          41 Jenkins Street, Newport, Wales, NP19 0GQ
2026-09-24 22:59:59,456 [INFO] [  5/50] Scraping: BIKANIC COMMUNITY INTEREST COMPANY (Co #12914854)
2026-09-24 23:00:01,001 [INFO]       Appointed Officer: SARKAR, Dilip, Mr. (Director)
2026-09-24 23:00:01,001 [INFO]       Address:          105 (Office 707) London Street, Reading, England, RG1 4QD
2026-09-24 23:00:02,159 [INFO] [  6/50] Scraping: UNITY FEST CIC (Co #12913587)
2026-09-24 23:00:03,615 [INFO]       Appointed Officer: BLAIR, Carley Mellors (Director)
2026-09-24 23:00:03,615 [INFO]       Address:          54 Swallow Crescent, Ravenshead, Nottingham, England, NG15 9JJ
2026-09-24 23:00:04,788 [INFO] [  7/50] Scraping: HOZE-IT PROJECTS COMMUNITY INTEREST COMPANY (Co #12914021)
2026-09-24 23:00:06,393 [INFO]       Appointed Officer: ASHWORTH TAYLOR, Alison, Canon (Director)
2026-09-24 23:00:06,393 [INFO]       Address:          31 Beamish Avenue, Blackburn, England, BB2 4FP
2026-09-24 23:00:07,594 [INFO] [  8/50] Scraping: A PLACE FOR ME CIC (Co #12916462)
2026-09-24 23:00:09,043 [INFO]       Appointed Officer: JOHN, Victoria Louise (Director)
2026-09-24 23:00:09,043 [INFO]       Address:          23 Lovelace Green, London, England, SE9 1LG
2026-09-24 23:00:10,214 [INFO] [  9/50] Scraping: CATI COMMUNITY INTEREST COMPANY (Co #12916321)
2026-09-24 23:00:11,818 [INFO]       Appointed Officer: METIN, Murat (Director)
2026-09-24 23:00:11,818 [INFO]       Address:          12 Nursery Rise, Waltham Abbey, England, EN9 3FB
2026-09-24 23:00:12,976 [INFO] [ 10/50] Scraping: A PLATE FOR LONDON ENTERPRISE CIC (Co #12919208)
2026-09-24 23:00:14,462 [INFO]       Appointed Officer: COOLS-LARTIGUE, Dominic Louis Charles (Director)
2026-09-24 23:00:14,462 [INFO]       Address:          24 Kitchener Close, St. Albans, England, AL1 5RJ
2026-09-24 23:00:15,621 [INFO] [ 11/50] Scraping: ELYMPIA COMMUNITY HUB C.I.C. (Co #12918476)
2026-09-24 23:00:17,339 [INFO]       Appointed Officer: CADDY, Simon Paul (Secretary)
2026-09-24 23:00:17,339 [INFO]       Address:          364-372 Cowbridge Road West, Cardiff, Wales, CF5 5BY
2026-09-24 23:00:18,497 [INFO] [ 12/50] Scraping: ONE STOP BICYCLE SOLUTION CIC (Co #12918546)
2026-09-24 23:00:19,944 [INFO]       Appointed Officer: UCUR, Aziz (Director)
2026-09-24 23:00:19,944 [INFO]       Address:          Flat 6 Passmore House, Fore Street, London, England, N9 0QD
2026-09-24 23:00:21,100 [INFO] [ 13/50] Scraping: MADE BY HUMANITY CIC (Co #12919465)
2026-09-24 23:00:22,687 [INFO]       Appointed Officer: HUTCHINSON, Jamie (Director)
2026-09-24 23:00:22,687 [INFO]       Address:          Dept 3274 196 High Road, Wood Green, London, United Kingdom, N22 8HH
2026-09-24 23:00:23,850 [INFO] [ 14/50] Scraping: ENVIRONMENTAL SMART C.I.C. (Co #12925044)
2026-09-24 23:00:25,476 [INFO]       Appointed Officer: EDSALL, Piers Kendal (Director)
2026-09-24 23:00:25,476 [INFO]       Address:          7 Beech View, Great Habton, Malton, England, YO17 6TX
2026-09-24 23:00:26,633 [INFO] [ 15/50] Scraping: JOBS & TRAINING OPPORTUNITIES COMMUNITY INTEREST COMPANY (Co #12925180)
2026-09-24 23:00:28,264 [INFO]       Appointed Officer: BICKERDIKE, Michael (Director)
2026-09-24 23:00:28,265 [INFO]       Address:          26 Wood End Road, Kempston, Beds, MK43 9BB
2026-09-24 23:00:29,421 [INFO] [ 16/50] Scraping: KRYSTAL FOR TRAINING CIC (Co #12928650)
2026-09-24 23:00:30,939 [INFO]       Appointed Officer: JONES, Krystal Dionne (Director)
2026-09-24 23:00:30,939 [INFO]       Address:          25 Baslow Drive, Beeston, Nottingham, England, NG9 2SU
2026-09-24 23:00:32,113 [INFO] [ 17/50] Scraping: WALTACRE FORWARD CIC (Co #12928696)
2026-09-24 23:00:33,679 [INFO]       Appointed Officer: WHITFIELD, David John (Director)
2026-09-24 23:00:33,679 [INFO]       Address:          Willow House Waltacre, Yealmpton, Plymouth, England, PL8 2LY
2026-09-24 23:00:34,836 [INFO] [ 18/50] Scraping: UAMI CIC (Co #12929023)
2026-09-24 23:00:36,491 [INFO]       Appointed Officer: SANDERSON, Abby (Secretary)
2026-09-24 23:00:36,491 [INFO]       Address:          19 Andrews Lane, Formby, Liverpool, England, L37 2EP
2026-09-24 23:00:37,647 [INFO] [ 19/50] Scraping: THE BUO CIC (Co #12928707)
2026-09-24 23:00:39,252 [INFO]       Appointed Officer: BACKHOUSE, Adam Joseph (Director)
2026-09-24 23:00:39,252 [INFO]       Address:          Hwic Health & Wellbeing Innovation Centre, Treliske, Truro, United Kingdom, TR1 3FF
2026-09-24 23:00:40,455 [INFO] [ 20/50] Scraping: DENE VALLEY HERITAGE CAFE CIC (Co #12929893)
2026-09-24 23:00:41,895 [INFO]       Appointed Officer: BOURNE, Innis Albert (Director)
2026-09-24 23:00:41,895 [INFO]       Address:          Dene Valley Heritage Cafe High Street, Eldon Lane, Bishop Auckland, England, DL14 8TD
2026-09-24 23:00:43,053 [INFO] [ 21/50] Scraping: NORWICH COMMUNITY THEATRE HUB CIC (Co #12930963)
2026-09-24 23:00:44,585 [INFO]       Appointed Officer: MYERS, Joanne Elaine (Director)
2026-09-24 23:00:44,585 [INFO]       Address:          14 Riverside Road, Norwich, England, NR1 1SN
2026-09-24 23:00:45,742 [INFO] [ 22/50] Scraping: MANIFOLD ARTS C.I.C. (Co #12930903)
2026-09-24 23:00:47,430 [INFO]       Appointed Officer: SILEZIN, Victoria Louise (Secretary)
2026-09-24 23:00:47,430 [INFO]       Address:          198 Corporation Road, Cardiff, Wales, CF11 7AY
2026-09-24 23:00:48,619 [INFO] [ 23/50] Scraping: CONNECT & C.H.A.T. C.I.C. (Co #NI663401)
2026-09-24 23:00:50,351 [INFO]       Appointed Officer: BURNS, Mary-Jane Thorburn (Director)
2026-09-24 23:00:50,351 [INFO]       Address:          7 Knowledge House, 46 Belfast Road, Downpatrick, Northern Ireland, BT30 9UP
2026-09-24 23:00:51,515 [INFO] [ 24/50] Scraping: LOCAL VOCAL C.I.C. (Co #NI663634)
2026-09-24 23:00:53,169 [INFO]       Appointed Officer: CANAVAN, Niamh (Director)
2026-09-24 23:00:53,170 [INFO]       Address:          18 Beechwood Avenue, Derry, Derry, BT48 9LP
2026-09-24 23:00:54,369 [INFO] [ 25/50] Scraping: LEGENDERRY WATERS CIC (Co #NI664976)
2026-09-24 23:00:55,804 [INFO]       Appointed Officer: WATT, Alex (Director)
2026-09-24 23:00:55,805 [INFO]       Address:          4 Templetown Mews, Maydown, Londonderry, Northern Ireland, BT47 6GY
2026-09-24 23:00:56,973 [INFO] [ 26/50] Scraping: NEW CITY PRODUCTIONS C.I.C. (Co #NI666633)
2026-09-24 23:00:58,612 [INFO]       Appointed Officer: COONEY, Rebecca (Director)
2026-09-24 23:00:58,612 [INFO]       Address:          42 Oakhurst Avenue, Belfast, Northern Ireland, BT10 0PE
2026-09-24 23:00:59,771 [INFO] [ 27/50] Scraping: SOMEWHERE OVER THE RAINBOW CIC (Co #NI666933)
2026-09-24 23:01:01,326 [INFO]       Appointed Officer: KEANEY, Rosie Bridget (Director)
2026-09-24 23:01:01,326 [INFO]       Address:          2 Corporation Street, Enniskillen, Northern Ireland, BT74 6AF
2026-09-24 23:01:02,500 [INFO] [ 28/50] Scraping: AUSTINS 2020 C.I.C. (Co #NI668422)
2026-09-24 23:01:04,082 [INFO]       Appointed Officer: DUDDY, Patricia Mary (Director)
2026-09-24 23:01:04,082 [INFO]       Address:          City Hotel Derry, Queens Quay, Derry, BT48 7AS
2026-09-24 23:01:05,258 [INFO] [ 29/50] Scraping: HEALTHIERSELF C.I.C. (Co #NI669180)
2026-09-24 23:01:06,836 [INFO]       Appointed Officer: GREGG, Philip James (Director)
2026-09-24 23:01:06,836 [INFO]       Address:          Asc Wylie Ubu Ltd Chartered Accountants, 7, Lisburn Street, Hillsborough, Northern Ireland, BT26 6AB
2026-09-24 23:01:08,000 [INFO] [ 30/50] Scraping: DIGITAL SKILLS FOR WOMEN CIC (Co #NI670214)
2026-09-24 23:01:09,575 [INFO]       Appointed Officer: CUTLIFFE, Patrick (Director)
2026-09-24 23:01:09,575 [INFO]       Address:          6 Bayview Terrace, Derry, Northern Ireland, BT48 7EE
2026-09-24 23:01:10,741 [INFO] [ 31/50] Scraping: C & K HOLISTIC MENTAL HEALTH AND WELLBEING SERVICES COMMUNITY INTEREST COMPANY (Co #NI670823)
2026-09-24 23:01:12,189 [INFO]       Appointed Officer: HILL, Kerri (Director)
2026-09-24 23:01:12,189 [INFO]       Address:          6 Colban Crescent, Lurgan, Craigavon, County Armagh, Northern Ireland, BT66 8HY
2026-09-24 23:01:13,347 [INFO] [ 32/50] Scraping: THE STANDARD FIBRE MILL C.I.C. (Co #NI671603)
2026-09-24 23:01:14,880 [INFO]       Appointed Officer: BRETT, Maryrose (Director)
2026-09-24 23:01:14,880 [INFO]       Address:          108 Mill Hill, Castlewellan, Northern Ireland, BT31 9ND
2026-09-24 23:01:16,043 [INFO] [ 33/50] Scraping: GIANT'S PARK C.I.C. (Co #NI671072)
2026-09-24 23:01:17,573 [INFO]       Appointed Officer: MCCLUSKEY, Molly Elizabeth (Director)
2026-09-24 23:01:17,573 [INFO]       Address:          38-42 Hill Street, Belfast, Antrim, BT1 2LB
2026-09-24 23:01:18,731 [INFO] [ 34/50] Scraping: LOTUS HEALTH AND WELL-BEING CENTRE C.I.C. (Co #NI671369)
2026-09-24 23:01:20,346 [INFO]       Appointed Officer: DAWSON, Lisa (Director)
2026-09-24 23:01:20,347 [INFO]       Address:          123 Spencer Road, Waterside, Derry, Derry, BT47 6AE
2026-09-24 23:01:21,505 [INFO] [ 35/50] Scraping: HUGHES BUY AND SELL E-COMMERCE TRAINING CIC (Co #NI672546)
2026-09-24 23:01:22,995 [INFO]       Appointed Officer: HUGHES, Colum (Director)
2026-09-24 23:01:22,995 [INFO]       Address:          Hughes Buy And Sell E-Commerce Training, Armagh Road, Newry. Co Down, Northern Ireland, BT35 6DW
2026-09-24 23:01:24,153 [INFO] [ 36/50] Scraping: BENAGH RURAL DEVELOPMENT CIC (Co #NI672726)
2026-09-24 23:01:25,795 [INFO]       Appointed Officer: HAMILTON, Gavin (Director)
2026-09-24 23:01:25,795 [INFO]       Address:          30 Benagh Road, Mayobridge, Newry, United Kingdom, BT34 2JE
2026-09-24 23:01:26,955 [INFO] [ 37/50] Scraping: ACCESS SPEECH & COMMUNICATION C.I.C. (Co #NI674606)
2026-09-24 23:01:28,473 [INFO]       Appointed Officer: CREEGAN, Jennifer Mary (Director)
2026-09-24 23:01:28,473 [INFO]       Address:          27 Rathfriland Road, Hilltown, Newry, Northern Ireland, BT34 5YN
2026-09-24 23:01:29,710 [INFO] [ 38/50] Scraping: CONNECT COUNSELLING CIC (Co #12336944)
2026-09-24 23:01:31,115 [INFO]       Appointed Officer: DELANEY, Sean (Director)
2026-09-24 23:01:31,115 [INFO]       Address:          Suite 17 Pine Court Business Centre, 36 Gervis Road, Bournemouth, United Kingdom, BH1 3DH
2026-09-24 23:01:32,318 [INFO] [ 39/50] Scraping: BLACK COUNTRY ADVOCACY ALLIANCE C.I.C. (Co #12339552)
2026-09-24 23:01:33,899 [INFO]       Appointed Officer: COLES, Barbara Ann (Secretary)
2026-09-24 23:01:33,899 [INFO]       Address:          69 Heantun Rise Waterloo Road, Wolverhampton, West Midlands, WV1 4RE
2026-09-24 23:01:35,055 [INFO] [ 40/50] Scraping: PROJECT UPROAR CIC (Co #12337667)
2026-09-24 23:01:36,570 [INFO]       Appointed Officer: STEVENSON, Nicola Jane (Director)
2026-09-24 23:01:36,570 [INFO]       Address:          10 Ploughley Road, Ambrosden, Bicester, Oxfordshire, United Kingdom, OX25 2RJ
2026-09-24 23:01:37,728 [INFO] [ 41/50] Scraping: THE IONA PROJECT CIC (Co #12343701)
2026-09-24 23:01:39,347 [INFO]       Appointed Officer: DZOTSI, Laura (Secretary)
2026-09-24 23:01:39,348 [INFO]       Address:          PO Box 4385, 12343701: COMPANIES HOUSE DEFAULT ADDRESS, Cardiff, CF14 8LH
2026-09-24 23:01:40,507 [INFO] [ 42/50] Scraping: UPLIFT COMMUNITY MEDIA SERVICES (UCMS) C.I.C. (Co #12343480)
2026-09-24 23:01:42,101 [INFO]       Appointed Officer: GRODEN, Pearl (Director)
2026-09-24 23:01:42,101 [INFO]       Address:          23 Wherstead Road, Ipswich, United Kingdom, IP2 8JJ
2026-09-24 23:01:43,298 [INFO] [ 43/50] Scraping: INNER POWERED LIFE C.I.C. (Co #12346161)
2026-09-24 23:01:44,873 [INFO]       Appointed Officer: KNIGHTON, Grace (Director)
2026-09-24 23:01:44,874 [INFO]       Address:          25 Wyndale Drive, Ilkeston, Derbyshire, DE7 4JH
2026-09-24 23:01:46,037 [INFO] [ 44/50] Scraping: TIMMY'S PLACE CIC (Co #12347376)
2026-09-24 23:01:47,558 [INFO]       Appointed Officer: HATHWAY, Mark (Secretary)
2026-09-24 23:01:47,558 [INFO]       Address:          27 Old Gloucester Street, London, United Kingdom, WC1N 3AX
2026-09-24 23:01:48,716 [INFO] [ 45/50] Scraping: BRADFORD WOOLLY HERITAGE COMMUNITY INTEREST COMPANY (Co #12348029)
2026-09-24 23:01:50,375 [INFO]       Appointed Officer: ARMSTRONG, Julia (Director)
2026-09-24 23:01:50,375 [INFO]       Address:          The Jacobs Well, Kent Street, Bradford, West Yorkshire, United Kingdom, BD1 5RL
2026-09-24 23:01:51,532 [INFO] [ 46/50] Scraping: GRAVITY PLYMOUTH CIC (Co #12355467)
2026-09-24 23:01:53,068 [INFO]       Appointed Officer: WICK, Robert David (Director)
2026-09-24 23:01:53,068 [INFO]       Address:          Fairbairn House Thinqtanq, Fairbairn House, Higher Lane, Plymouth, England, PL1 2AN
2026-09-24 23:01:54,232 [INFO] [ 47/50] Scraping: NUTRI-WELLBEING SERVICES CIC (Co #12359261)
2026-09-24 23:01:55,904 [INFO]       Appointed Officer: MANEVSKI, Vicki May (Director)
2026-09-24 23:01:55,904 [INFO]       Address:          35 Rappart Road, Wallasey, United Kingdom, CH44 6QD
2026-09-24 23:01:57,068 [INFO] [ 48/50] Scraping: INN OF SIXTH HAPPINESS COMMUNITY INTEREST COMPANY (Co #12356950)
2026-09-24 23:01:58,573 [INFO]       Appointed Officer: DONALDSON, Paula Marie (Director)
2026-09-24 23:01:58,573 [INFO]       Address:          191 Park View, Whitley Bay, United Kingdom, NE26 3RD
2026-09-24 23:01:59,741 [INFO] [ 49/50] Scraping: SALUTEMWORKSHOPS CIC (Co #12362452)
2026-09-24 23:02:01,176 [INFO]       Appointed Officer: PARKINSON, Rachel Jayne (Director)
2026-09-24 23:02:01,176 [INFO]       Address:          9 Apartment 9, 55 Riding Close, Sale, England, M33 2ZR
2026-09-24 23:02:02,333 [INFO] [ 50/50] Scraping: MISKE CIC (Co #12363042)
2026-09-24 23:02:03,851 [INFO]       Appointed Officer: MACKIALO, Liucina (Director)
2026-09-24 23:02:03,851 [INFO]       Address:          17 Claremont Court 5 Copperfield Mews, London, United Kingdom, E2 6DE
2026-09-24 23:02:05,050 [INFO] ================================================================================
2026-09-24 23:02:05,050 [INFO] BATCH FINISHED: Processed 50 companies in 138.3s.
2026-09-24 23:02:05,050 [INFO] Total Cumulative Enriched: 181 companies.
2026-09-24 23:02:05,050 [INFO] Updated CSV: enriched_uk_companies.csv
2026-09-24 23:02:05,050 [INFO] Updated Log: scraper.log
2026-09-24 23:02:05,050 [INFO] ================================================================================
2026-09-25 03:21:36,558 [INFO] ================================================================================
2026-09-25 03:21:36,559 [INFO] STARTING PRODUCTION UK COMPANIES HOUSE CONTACT SCRAPER
2026-09-25 03:21:36,559 [INFO] ================================================================================
2026-09-25 03:21:36,559 [INFO] Input Dataset:  Companies-House-search-results.csv
2026-09-25 03:21:36,559 [INFO] Output Dataset: enriched_uk_companies.csv
2026-09-25 03:21:36,559 [INFO] Batch Size:     50
2026-09-25 03:21:36,560 [INFO] Already processed in previous runs: 181 companies
2026-09-25 03:21:36,577 [INFO] Total remaining companies to scrape: 4819
2026-09-25 03:21:36,577 [INFO] Processing next batch of 50 companies...

2026-09-25 03:21:36,577 [INFO] [  1/50] Scraping: JADE'S COMMUNITY CUTS CIC (Co #12363738)
2026-09-25 03:21:38,359 [INFO]       Appointed Officer: LEE, Jade (Director)
2026-09-25 03:21:38,359 [INFO]       Address:          9 Comyne Road, Watford, England, WD24 5LQ
2026-09-25 03:21:39,869 [INFO]    [EMAIL]   info@findthatcharity.uk
2026-09-25 03:21:39,869 [INFO]    [WEBSITE] https://findthatcharity.uk/orgid/GB-COH-12363738
2026-09-25 03:21:40,870 [INFO] [  2/50] Scraping: GROUND UP COFFEE + COMPANY (LEEDS CORN EXCHANGE) CIC (Co #12364460)
2026-09-25 03:21:42,143 [INFO]       Appointed Officer: CRITCHETT, Andrew William (Director)
2026-09-25 03:21:42,143 [INFO]       Address:          1 Pearson Street, Calverley, Leeds, England, LS28 5RG
2026-09-25 03:21:43,182 [INFO]    [EMAIL]   contact@chamberofcommerce.uk
2026-09-25 03:21:43,182 [INFO]    [WEBSITE] https://www.chamberofcommerce.uk/business-directory/england/leeds/brunch-restaurant/2619530-ground-up-coffee
2026-09-25 03:21:44,182 [INFO] [  3/50] Scraping: REACH ART C.I.C. (Co #12365831)
2026-09-25 03:21:45,513 [INFO]       Appointed Officer: BANO, Zareena (Director)
2026-09-25 03:21:45,513 [INFO]       Address:          53 Lidget Place, Bradford, England, BD7 2LP
2026-09-25 03:21:46,564 [INFO] [  4/50] Scraping: STRONG COMMUNITY TOGETHER COMMUNITY INTEREST COMPANY (Co #12366805)
2026-09-25 03:21:47,903 [INFO]       Appointed Officer: KOWALEWSKI, Robert (Director)
2026-09-25 03:21:47,903 [INFO]       Address:          55 Tintern Court, Green Man Lane, London, England, W13 0SN
2026-09-25 03:21:48,937 [INFO] [  5/50] Scraping: CHALLENGE 59 CIC (Co #12369782)
2026-09-25 03:21:50,299 [INFO]       Appointed Officer: ABAYOMI, Joanna Rachel (Director)
2026-09-25 03:21:50,299 [INFO]       Address:          4a Waldenshaw Road, Forest Hill, London, SE23 3XP
2026-09-25 03:21:51,350 [INFO] [  6/50] Scraping: THE INNER SIX C.I.C. (Co #12369393)
2026-09-25 03:21:52,762 [INFO]       Appointed Officer: AZOITEI, Antonia (Director)
2026-09-25 03:21:52,762 [INFO]       Address:          117 Priory Road, Raised Ground Floor, Priory Road, London, England, NW6 3NN
2026-09-25 03:21:53,828 [INFO] [  7/50] Scraping: 110% MENTAL HEALTH CIC (Co #12369336)
2026-09-25 03:21:55,172 [INFO]       Appointed Officer: THOMAS, Zoe (Director)
2026-09-25 03:21:55,172 [INFO]       Address:          41 Newlands Park, London, England, SE26 5PN
2026-09-25 03:21:56,209 [INFO] [  8/50] Scraping: SWAN KITCHENS CIC (Co #12370140)
2026-09-25 03:21:57,666 [INFO]       Appointed Officer: DOWNES, Katharine Jane (Director)
2026-09-25 03:21:57,667 [INFO]       Address:          4th Floor Swan Buildings, 20 Swan Street, Manchester, M4 5JW
2026-09-25 03:21:58,732 [INFO] [  9/50] Scraping: THE SECOND SMILE PROJECT CIC (Co #12371337)
2026-09-25 03:22:00,044 [INFO]       Appointed Officer: DAVIES, Cheryl Jane (Director)
2026-09-25 03:22:00,044 [INFO]       Address:          57 Willow Way, Christchurch, England, BH23 1LA
2026-09-25 03:22:01,091 [INFO] [ 10/50] Scraping: FRONTLINE COLLECTIVE CIC (Co #12371302)
2026-09-25 03:22:02,466 [INFO]       Appointed Officer: BROXTON, Matthew (Director)
2026-09-25 03:22:02,466 [INFO]       Address:          4 Osprey Row, Touches Lane, Chard, England, TA20 1RY
2026-09-25 03:22:03,501 [INFO] [ 11/50] Scraping: ALWAYS BEE YOU CIC (Co #12371159)
2026-09-25 03:22:04,812 [INFO]       Appointed Officer: JONES, Paul John (Director)
2026-09-25 03:22:04,812 [INFO]       Address:          14 Lime Close, Ware, England, SG12 7ND
2026-09-25 03:22:05,849 [INFO] [ 12/50] Scraping: LINKINGFAMILIES INDEPENDENT SOCIAL WORKERS CIC (Co #12372391)
2026-09-25 03:22:07,242 [INFO]       Appointed Officer: CHE, Charles Fonchingong, Dr (Director)
2026-09-25 03:22:07,242 [INFO]       Address:          45 Lynwood, Folkestone, England, CT19 5DB
2026-09-25 03:22:08,275 [INFO] [ 13/50] Scraping: CROW PERFORMANCE AND LITERARY ARTS COMMUNITY INTEREST COMPANY (Co #12381560)
2026-09-25 03:22:09,637 [INFO]       Appointed Officer: KINGDON, Sarah (Director)
2026-09-25 03:22:09,637 [INFO]       Address:          4 Deptford High Street, London, United Kingdom, SE8 4AF
2026-09-25 03:22:10,688 [INFO] [ 14/50] Scraping: 1020 MEDIA CIC (Co #12380271)
2026-09-25 03:22:12,065 [INFO]       Appointed Officer: BIBI, Parveen (Director)
2026-09-25 03:22:12,065 [INFO]       Address:          Flat 76 Ellis Court, Textile Street, Dewsbury, England, WF13 2EX
2026-09-25 03:22:13,098 [INFO] [ 15/50] Scraping: WE LOVE FUNNY BOOKS C.I.C. (Co #12384329)
2026-09-25 03:22:14,381 [INFO]       Appointed Officer: MCLAUGHLIN, Tom Peter (Secretary)
2026-09-25 03:22:14,381 [INFO]       Address:          The Generator Quayhouse, The Gallery King's Wharf, Exeter, Devon, EX2 4AN
2026-09-25 03:22:15,421 [INFO] [ 16/50] Scraping: NEWQUAY GYMNASTICS CIC (Co #12383151)
2026-09-25 03:22:16,739 [INFO]       Appointed Officer: BYRNE, Lloyd Philip (Director)
2026-09-25 03:22:16,739 [INFO]       Address:          33 Whitegate Road, Newquay, England, TR7 2RG
2026-09-25 03:22:17,771 [INFO] [ 17/50] Scraping: THE IN-KIND PROJECT CIC (Co #12384669)
2026-09-25 03:22:19,213 [INFO]       Appointed Officer: CRAIG-HARVEY, Timothy John (Director)
2026-09-25 03:22:19,213 [INFO]       Address:          3 Deben Lane, Waldringfield, Woodbridge, England, IP12 4QN
2026-09-25 03:22:20,271 [INFO] [ 18/50] Scraping: PARENT CARERS TOGETHER C.I.C. (Co #12384888)
2026-09-25 03:22:21,647 [INFO]       Appointed Officer: BARKER, Rebecca Louise (Director)
2026-09-25 03:22:21,647 [INFO]       Address:          Suite 0.1 Litchurch Plaza, Litchurch Lane, Derby, England, DE24 8AA
2026-09-25 03:22:22,695 [INFO] [ 19/50] Scraping: PLUGIN 333 CIC (Co #12385565)
2026-09-25 03:22:24,085 [INFO]       Appointed Officer: SURALIA, Alka Amit (Director)
2026-09-25 03:22:24,085 [INFO]       Address:          86 Hill Road, Pinner, England, HA5 1LE
2026-09-25 03:22:25,118 [INFO] [ 20/50] Scraping: ARTHEART CIC (Co #12385812)
2026-09-25 03:22:26,392 [INFO]       Appointed Officer: BIRRELL, Ceinwen Beth Cregeen (Director)
2026-09-25 03:22:26,392 [INFO]       Address:          10 Elfin Road, Bristol, United Kingdom, BS16 2HW
2026-09-25 03:22:27,425 [INFO] [ 21/50] Scraping: JUST YOU COUNSELLING CIC (Co #12388255)
2026-09-25 03:22:28,781 [INFO]       Appointed Officer: MACDONALD, Manuela Eva (Director)
2026-09-25 03:22:28,782 [INFO]       Address:          Sunny Days, Harrowbarrow, Callington, England, PL17 8JN
2026-09-25 03:22:29,820 [INFO] [ 22/50] Scraping: SOCCER ASSIST DEVELOPMENT C.I.C. (Co #12391510)
2026-09-25 03:22:31,091 [INFO]       Appointed Officer: MCLEOD-BENTLEY, Tyrelle (Director)
2026-09-25 03:22:31,091 [INFO]       Address:          Flat 17 Marvels Lane, Oldman Court, London, England, SE12 9PY
2026-09-25 03:22:32,136 [INFO] [ 23/50] Scraping: HIGH HALDEN ROAD COMMUNITY FIBRE PROJECT CIC (Co #12392118)
2026-09-25 03:22:33,560 [INFO]       Appointed Officer: HARMAN, Jacqueline Anne (Secretary)
2026-09-25 03:22:33,560 [INFO]       Address:          Stede Quarter Oast High Halden Rd, Biddenden, Ashford, England, TN27 8JG
2026-09-25 03:22:34,589 [INFO] [ 24/50] Scraping: YOUTH INITIATIVE FOR SUSTAINABLE DEVELOPMENT CIC (Co #12392941)
2026-09-25 03:22:35,938 [INFO]       Appointed Officer: DAVIES, Tijan (Director)
2026-09-25 03:22:35,938 [INFO]       Address:          Flat 22 Raymouth Road, Bradley House, London, England, SE16 2DL
2026-09-25 03:22:36,981 [INFO] [ 25/50] Scraping: IT'S SO PRIDE C.I.C. (Co #12395096)
2026-09-25 03:22:38,403 [INFO]       Appointed Officer: THOMAS, Aaron Rupert (Director)
2026-09-25 03:22:38,404 [INFO]       Address:          95 Oatfield House Perry Court, Tottenham, London, England, N15 6QS
2026-09-25 03:22:39,451 [INFO] [ 26/50] Scraping: THE BIG KICK OFF CIC (Co #12394349)
2026-09-25 03:22:40,694 [INFO]       Appointed Officer: HAYDEN-SMITH, Tayshan Sami (Director)
2026-09-25 03:22:40,695 [INFO]       Address:          562 Hurstway Walk, London, W11 1WF
2026-09-25 03:22:41,741 [INFO] [ 27/50] Scraping: MALDEN COMMUNITY FARMERS' MARKET C.I.C. (Co #12395128)
2026-09-25 03:22:43,032 [INFO]       Appointed Officer: CLARK, Mary Jean (Director)
2026-09-25 03:22:43,032 [INFO]       Address:          53 South Park Grove, New Malden, England, KT3 5DA
2026-09-25 03:22:44,066 [INFO] [ 28/50] Scraping: CAMP CROWN COMMUNITY INTEREST COMPANY (Co #12399800)
2026-09-25 03:22:45,344 [INFO]       Appointed Officer: ENIOLU, Daniel Ayanfeoluwa (Director)
2026-09-25 03:22:45,344 [INFO]       Address:          20-22 Wenlock Road, London, England, N1 7GU
2026-09-25 03:22:46,414 [INFO] [ 29/50] Scraping: AGAINST THE RUN OF PLAY C.I.C. (Co #12397321)
2026-09-25 03:22:47,773 [INFO]       Appointed Officer: COWLING, Lucy Rianna (Secretary)
2026-09-25 03:22:47,773 [INFO]       Address:          Goschen House, 68 Peckham Road, London, England, SE5 8QE
2026-09-25 03:22:48,810 [INFO] [ 30/50] Scraping: BELIEVE IN YOURSELF PROJECT CIC (Co #12399911)
2026-09-25 03:22:50,106 [INFO]       Appointed Officer: COPLEY, Genene Estelle (Director)
2026-09-25 03:22:50,106 [INFO]       Address:          80 Watling Street, Dartford, England, DA2 6AE
2026-09-25 03:22:51,142 [INFO] [ 31/50] Scraping: MAANDHIS CIC (Co #12401021)
2026-09-25 03:22:52,513 [INFO]       Appointed Officer: JAAMAC, Cigaalo Cabdullahi (Director)
2026-09-25 03:22:52,514 [INFO]       Address:          89-91 89-91 Crafton  Street East, Leicester, Leicestershire, United Kingdom, LE1 2DG
2026-09-25 03:22:53,548 [INFO] [ 32/50] Scraping: IUSD INTERNATIONAL UNION FOR STUDIES AND DEVELOPMENT CIC (Co #12402419)
2026-09-25 03:22:54,830 [INFO]       Appointed Officer: SHARAF, Haidy Ahmed Abdelhamid (Director)
2026-09-25 03:22:54,830 [INFO]       Address:          The Apex, 2 Sheriffs Orchard, Coventry, West Midlands, United Kingdom, United Kingdom, CV1 3PP
2026-09-25 03:22:55,867 [INFO] [ 33/50] Scraping: DISABILITY DRIFT PROJECT CIC (Co #12403311)
2026-09-25 03:22:57,182 [INFO]       Appointed Officer: TAISZ, Ferenc (Secretary)
2026-09-25 03:22:57,183 [INFO]       Address:          3 Hamble Rise, Swanmore, Southampton, England, SO32 2FS
2026-09-25 03:22:58,230 [INFO] [ 34/50] Scraping: OAKLANDS WOLVES FOOTBALL CLUB CIC (Co #12401873)
2026-09-25 03:22:59,667 [INFO]       Appointed Officer: CHARLES, Junior (Director)
2026-09-25 03:22:59,667 [INFO]       Address:          100 Park Street Lane, Park Street, St. Albans, England, AL2 2JQ
2026-09-25 03:23:00,706 [INFO] [ 35/50] Scraping: GIVE ME SHELTER - ROMANIAN STRAY DOGS RESCUE C.I.C. (Co #12402495)
2026-09-25 03:23:02,107 [INFO]       Appointed Officer: SVORONOS, Serban Andrei, Mr. (Director)
2026-09-25 03:23:02,107 [INFO]       Address:          22 Trenarren View, St. Austell, England, PL25 3ER
2026-09-25 03:23:03,153 [INFO] [ 36/50] Scraping: MELODY MAKER CIC (Co #12406407)
2026-09-25 03:23:04,518 [INFO]       Appointed Officer: CLAY, Ebony Anne (Director)
2026-09-25 03:23:04,518 [INFO]       Address:          Chapel Cottage Hope House Lane, Stanford Bishop, Worcester, England, WR6 5TY
2026-09-25 03:23:05,572 [INFO] [ 37/50] Scraping: GREEN PURLEY COMMUNITY INTEREST COMPANY (Co #12405428)
2026-09-25 03:23:06,886 [INFO]       Appointed Officer: EVANS, Heidi Jane (Director)
2026-09-25 03:23:06,887 [INFO]       Address:          19 Lister Close, Purley On Thames, Reading, England, RG8 8DB
2026-09-25 03:23:07,955 [INFO] [ 38/50] Scraping: INSIGHT RADIO COMMUNITY INTEREST COMPANY (Co #12405677)
2026-09-25 03:23:09,223 [INFO]       Appointed Officer: GOLDING, Kaylee Ellie (Director)
2026-09-25 03:23:09,223 [INFO]       Address:          461 Shirley Road, Hall Green, Birmingham, England, B28 8QL
2026-09-25 03:23:10,256 [INFO] [ 39/50] Scraping: TRIBAL 20 -20 HUB CIC (Co #12407183)
2026-09-25 03:23:11,564 [INFO]       Appointed Officer: LE ROY, Gemma Faye (Director)
2026-09-25 03:23:11,564 [INFO]       Address:          Flat 3 The Fairway, Bay Court, Bognor Regis, England, PO21 4HD
2026-09-25 03:23:12,600 [INFO] [ 40/50] Scraping: WERRINGTON CENTRAL CIC (Co #12407197)
2026-09-25 03:23:13,987 [INFO]       Appointed Officer: BIRD, Graham Alan (Director)
2026-09-25 03:23:13,987 [INFO]       Address:          1 Staniland Way, Peterborough, England, PE4 6NA
2026-09-25 03:23:15,041 [INFO] [ 41/50] Scraping: RUCEY'S CIC (Co #12407325)
2026-09-25 03:23:16,341 [INFO]       Appointed Officer: SMITH, Stacey (Director)
2026-09-25 03:23:16,342 [INFO]       Address:          36 Gibbons Crescent, Stourport-On-Severn, England, DY13 8ET
2026-09-25 03:23:17,408 [INFO] [ 42/50] Scraping: OUR MINDS CIC (Co #12407195)
2026-09-25 03:23:18,848 [INFO]       Appointed Officer: CHENG, Rebecca Jane (Director)
2026-09-25 03:23:18,848 [INFO]       Address:          Flat 6 The Waterfront, Sterling House, Worthing, England, BN12 4FD
2026-09-25 03:23:19,880 [INFO] [ 43/50] Scraping: FL ACADEMY FOOTBALL CLUB CIC (Co #12407066)
2026-09-25 03:23:21,284 [INFO]       Appointed Officer: LUKE, Francis (Director)
2026-09-25 03:23:21,284 [INFO]       Address:          Gnome House, 7 Blackhorse Lane, London, England, E17 6DS
2026-09-25 03:23:22,320 [INFO] [ 44/50] Scraping: THE LIFT: IMPROVING FUTURES CIC (Co #12929898)
2026-09-25 03:23:23,707 [INFO]       Appointed Officer: PALMER, Nyamekye (Director)
2026-09-25 03:23:23,707 [INFO]       Address:          Unit 13 Freeland Park Wareham Road, Lytchett Matravers, Poole, England, BH16 6FA
2026-09-25 03:23:24,762 [INFO] [ 45/50] Scraping: FOCUS SUPPORTED HOUSING CIC (Co #12930462)
2026-09-25 03:23:26,134 [INFO]       Appointed Officer: CALDER, Nathan (Director)
2026-09-25 03:23:26,134 [INFO]       Address:          371 Bordesley Green, Birmingham, England, B9 5RP
2026-09-25 03:23:27,188 [INFO] [ 46/50] Scraping: CALLEVAFTTP CIC (Co #12932067)
2026-09-25 03:23:28,457 [INFO]       Appointed Officer: STAMVIK, Richard Oesten Anders (Director)
2026-09-25 03:23:28,457 [INFO]       Address:          St. Marys Lee, Silchester, Reading, England, RG7 2HH
2026-09-25 03:23:29,493 [INFO] [ 47/50] Scraping: SPOKE SALFORD CIC (Co #12933805)
2026-09-25 03:23:30,837 [INFO]       Appointed Officer: GRAY, Harry Hamish (Director)
2026-09-25 03:23:30,837 [INFO]       Address:          17 Claredon Road, Manchester, England, M16 8LB
2026-09-25 03:23:31,876 [INFO] [ 48/50] Scraping: CRIW CRAIDD CIC (Co #12933272)
2026-09-25 03:23:33,125 [INFO]       Appointed Officer: MORGAN, Catherine Judith (Secretary)
2026-09-25 03:23:33,125 [INFO]       Address:          8 Holly Field Rise, Bedwas, Caerphilly, United Kingdom, CF83 8JW
2026-09-25 03:23:34,161 [INFO] [ 49/50] Scraping: FRUITIONX CIC (Co #12936190)
2026-09-25 03:23:35,655 [INFO]       Appointed Officer: HOSSENALLY, Farahnaz Binte-Al-Fatema (Director)
2026-09-25 03:23:35,656 [INFO]       Address:          124 City Road, London, England, EC1V 2NX
2026-09-25 03:23:36,694 [INFO] [ 50/50] Scraping: BAILBROOK LANE CIC (Co #12941210)
2026-09-25 03:23:38,146 [INFO]       Appointed Officer: HOOPER, Emma Patricia, Dr (Director)
2026-09-25 03:23:38,147 [INFO]       Address:          29 Bailbrook Lane, Bath, United Kingdom, BA1 7AN
2026-09-25 03:23:39,191 [INFO] ================================================================================
2026-09-25 03:23:39,191 [INFO] BATCH FINISHED: Processed 50 companies in 122.6s.
2026-09-25 03:23:39,191 [INFO] Total Cumulative Enriched: 231 companies.
2026-09-25 03:23:39,191 [INFO] Updated CSV: enriched_uk_companies.csv
2026-09-25 03:23:39,191 [INFO] Updated Log: scraper.log
2026-09-25 03:23:39,191 [INFO] ================================================================================
2026-09-25 09:21:44,514 [INFO] ================================================================================
2026-09-25 09:21:44,514 [INFO] STARTING PRODUCTION UK COMPANIES HOUSE CONTACT SCRAPER
2026-09-25 09:21:44,514 [INFO] ================================================================================
2026-09-25 09:21:44,514 [INFO] Input Dataset:  Companies-House-search-results.csv
2026-09-25 09:21:44,514 [INFO] Output Dataset: enriched_uk_companies.csv
2026-09-25 09:21:44,515 [INFO] Batch Size:     50
2026-09-25 09:21:44,516 [INFO] Already processed in previous runs: 232 companies
2026-09-25 09:21:44,540 [INFO] Total remaining companies to scrape: 4768
2026-09-25 09:21:44,540 [INFO] Processing next batch of 50 companies...

2026-09-25 09:21:44,540 [INFO] [  1/50] Scraping: BOOK&. CIC (Co #12948654)
2026-09-25 09:21:45,741 [INFO]       Appointed Officer: HARRISON, Samuel Tobias (Director)
2026-09-25 09:21:45,741 [INFO]       Address:          52 Thistle Grove, Welwyn Garden City, England, AL7 4AN
2026-09-25 09:21:48,256 [INFO]    [EMAIL]   contact@book.englandfootball.com
2026-09-25 09:21:48,256 [INFO]    [WEBSITE] https://book.englandfootball.com/
2026-09-25 09:21:49,257 [INFO] [  2/50] Scraping: RISBOROUGH BASKET CIC (Co #12949671)
2026-09-25 09:21:50,485 [INFO]       Appointed Officer: POPE, Kirsty Louise (Director)
2026-09-25 09:21:50,485 [INFO]       Address:          Princes Risborough Town Council, The Princes Centre, Clifford Road, Princes Risborough, United Kingdom, HP27 0DP
2026-09-25 09:21:51,632 [INFO] [  3/50] Scraping: BIRDLAND MUSIC CIC (Co #12950329)
2026-09-25 09:21:52,842 [INFO]       Appointed Officer: DONNELLY, Daniel Thomas (Director)
2026-09-25 09:21:52,842 [INFO]       Address:          115 Durham Road, Sunderland, England, SR3 4AL
2026-09-25 09:21:53,987 [INFO] [  4/50] Scraping: ENDUROW CHALLENGE CIC (Co #12949605)
2026-09-25 09:21:55,155 [INFO]       Appointed Officer: DOWD, Steven James (Director)
2026-09-25 09:21:55,156 [INFO]       Address:          2 Peartree Field, Billingshurst, West Sussex, United Kingdom, RH14 9DW
2026-09-25 09:21:56,304 [INFO] [  5/50] Scraping: FEMILAW ENTERTAINMENT CIC (Co #12949578)
2026-09-25 09:21:57,417 [INFO]       Appointed Officer: AYODEJI, Lawretta (Director)
2026-09-25 09:21:57,417 [INFO]       Address:          266 Neville Road, London, England, E7 9QN
2026-09-25 09:21:58,562 [INFO] [  6/50] Scraping: CTRL ALT DHARMA COMMUNITY INTEREST COMPANY (Co #12957778)
2026-09-25 09:21:59,727 [INFO]       Appointed Officer: MAXWELL, Michael George (Director)
2026-09-25 09:21:59,727 [INFO]       Address:          Duet 248 The Quays, Apt. 213, Salford, United Kingdom, M50 3SF
2026-09-25 09:22:01,028 [INFO] [  7/50] Scraping: NINJA ARTS FITNESS ACADEMY CIC (Co #12960903)
2026-09-25 09:22:02,261 [INFO]       Appointed Officer: GORDON, Kai Ashley, Dominick (Director)
2026-09-25 09:22:02,261 [INFO]       Address:          40 Old Hospital Close, London, England, SW12 8SS
2026-09-25 09:22:03,413 [INFO] [  8/50] Scraping: GLOBAL CONNECTIONS INTERNATIONAL CIC (Co #12963064)
2026-09-25 09:22:04,621 [INFO]       Appointed Officer: BIKEBI, Thomas (Director)
2026-09-25 09:22:04,621 [INFO]       Address:          105 Abbots Road, Edgware, United Kingdom, HA8 0RU
2026-09-25 09:22:05,748 [INFO] [  9/50] Scraping: ENJO COMMUNITY CIC (Co #12964235)
2026-09-25 09:22:06,923 [INFO]       Appointed Officer: GUTHRIE, Mark David (Director)
2026-09-25 09:22:06,923 [INFO]       Address:          2a Gannon Road, Worthing, England, BN11 2DT
2026-09-25 09:22:08,065 [INFO] [ 10/50] Scraping: FRESSHSTART UK C.I.C. (Co #12965970)
2026-09-25 09:22:09,220 [INFO]       Appointed Officer: HYLTON, Kevin (Director)
2026-09-25 09:22:09,220 [INFO]       Address:          4 Church Brow, Bowdon, Altrincham, England, WA14 2SF
2026-09-25 09:22:10,453 [INFO] [ 11/50] Scraping: MOTHER AND DAUGHTER GOALZ CIC (Co #12969444)
2026-09-25 09:22:11,640 [INFO]       Appointed Officer: CATOJA, Neusa Cristina Fonseca (Director)
2026-09-25 09:22:11,640 [INFO]       Address:          209 Morley Road, Barking, England, IG11 7DH
2026-09-25 09:22:12,816 [INFO] [ 12/50] Scraping: FADE FABRIC ACADEMY CIC (Co #12969603)
2026-09-25 09:22:13,973 [INFO]       Appointed Officer: MOMODU, Ehinomen Mitchell (Director)
2026-09-25 09:22:13,973 [INFO]       Address:          78 Kingsland High Road, Winchester Place, London, United Kingdon, United Kingdom, E8 2SN
2026-09-25 09:22:15,101 [INFO] [ 13/50] Scraping: DURHAM COMMUNITY CLIMBING PROJECT CIC (Co #12970837)
2026-09-25 09:22:16,267 [INFO]       Appointed Officer: HOBSON, Lewis (Director)
2026-09-25 09:22:16,267 [INFO]       Address:          55 Featherstone Road, Durham, England, DH1 5YW
2026-09-25 09:22:17,406 [INFO] [ 14/50] Scraping: BLACK LIVES MATTER DERBY CIC (Co #12973049)
2026-09-25 09:22:18,591 [INFO]       Appointed Officer: AUGUSTIN, Matthew John (Director)
2026-09-25 09:22:18,591 [INFO]       Address:          Melbourne Villa, 30 Charnwood Street, Derby, England, DE1 2GT
2026-09-25 09:22:19,729 [INFO] [ 15/50] Scraping: MUPANI MENTAL AND SEXUAL HEALTH INITIATIVE CIC (Co #12973511)
2026-09-25 09:22:21,021 [INFO]       Appointed Officer: MAFUBA, Last (Secretary)
2026-09-25 09:22:21,022 [INFO]       Address:          14 Abbey Street, Birmingham, England, B18 5QS
2026-09-25 09:22:22,153 [INFO] [ 16/50] Scraping: BEM NETWORK CIC (Co #12971506)
2026-09-25 09:22:23,452 [INFO]       Appointed Officer: ADESOJI, Toyin Theresa (Director)
2026-09-25 09:22:23,452 [INFO]       Address:          PO Box 4385, 12971506: COMPANIES HOUSE DEFAULT ADDRESS, Cardiff, CF14 8LH
2026-09-25 09:22:24,605 [INFO] [ 17/50] Scraping: RESILIENT WORKS C.I.C. (Co #12972757)
2026-09-25 09:22:25,742 [INFO]       Appointed Officer: TURNER, Sam David Prior (Director)
2026-09-25 09:22:25,743 [INFO]       Address:          9 Staple Close 9 Staple Close, Milton Regis, Sittingbourne, Kent, England, ME10 2NR
2026-09-25 09:22:26,901 [INFO] [ 18/50] Scraping: HUCKING/BROAD ST CFP CIC (Co #12977396)
2026-09-25 09:22:28,086 [INFO]       Appointed Officer: GODFREY, Kevin (Director)
2026-09-25 09:22:28,086 [INFO]       Address:          Charity Barn Pilgrims Way, Hollingbourne, Maidstone, Kent, United Kingdom, ME17 1RB
2026-09-25 09:22:29,230 [INFO] [ 19/50] Scraping: ISLAND CONNECTORS C.I.C. (Co #12978335)
2026-09-25 09:22:30,414 [INFO]       Appointed Officer: CHURCHWARD, Lee Ellen (Director)
2026-09-25 09:22:30,414 [INFO]       Address:          Capriole Clay Lane, Newbridge, Yarmouth, England, PO41 0UA
2026-09-25 09:22:31,551 [INFO] [ 20/50] Scraping: LIVING WORLD INITIATIVE C.I.C. (Co #12976665)
2026-09-25 09:22:32,652 [INFO]       Appointed Officer: MACDONALD, Ryan Angus Peter (Director)
2026-09-25 09:22:32,652 [INFO]       Address:          Kemp House 152-160 City Road, London, England, EC1V 2NX
2026-09-25 09:22:33,805 [INFO] [ 21/50] Scraping: GLOBAL PEACE COMMUNITY INTEREST COMPANY (Co #12978423)
2026-09-25 09:22:35,007 [INFO]       Appointed Officer: HOWELL, Stella Hermoine (Director)
2026-09-25 09:22:35,007 [INFO]       Address:          4 Peter Herve House, Eccles Court, Tetbury, Gloucester, United Kingdom, GL8 8EH
2026-09-25 09:22:36,134 [INFO] [ 22/50] Scraping: THE TOOLKIT PROJECT C.I.C. (Co #12980229)
2026-09-25 09:22:37,340 [INFO]       Appointed Officer: LIDDIARD, Robert (Director)
2026-09-25 09:22:37,340 [INFO]       Address:          Suite 51, 26 The Hornet, Chichester, West Sussex, United Kingdom, PO19 7BB
2026-09-25 09:22:38,481 [INFO] [ 23/50] Scraping: MAKING AFFIRMATIONS A REALITY IN OUR YOUTH CIC (Co #12980368)
2026-09-25 09:22:39,571 [INFO]       Appointed Officer: POWELL, Zunade Reneta (Director)
2026-09-25 09:22:39,571 [INFO]       Address:          86-90 Paul Street, 3rd Floor, London, England, EC2A 4NE
2026-09-25 09:22:40,726 [INFO] [ 24/50] Scraping: WATFORD MOVES CIC (Co #12980339)
2026-09-25 09:22:41,841 [INFO]       Appointed Officer: SUMMER, Sam (Director)
2026-09-25 09:22:41,841 [INFO]       Address:          15 Hemingford Court Gartlet Road, Watford, England, WD17 2AQ
2026-09-25 09:22:43,033 [INFO] [ 25/50] Scraping: ARAB HEALTH ORGANIZATION CIC (Co #12977966)
2026-09-25 09:22:44,297 [INFO]       Appointed Officer: ABDELMAGID, Abuelhassan Mohammed (Director)
2026-09-25 09:22:44,297 [INFO]       Address:          Union House, 111 New Union Street, Coventry, England, United Kingdom, CV1 2NT
2026-09-25 09:22:45,425 [INFO] [ 26/50] Scraping: LONSDALE WAY COMMUNITY INTEREST COMPANY (Co #12979325)
2026-09-25 09:22:46,612 [INFO]       Appointed Officer: MIDGLEY, Howard (Director)
2026-09-25 09:22:46,612 [INFO]       Address:          33 Lonsdale Road, Blackpool, England, FY1 6EE
2026-09-25 09:22:47,752 [INFO] [ 27/50] Scraping: R.K HEALTH & FITNESS CIC (Co #12979235)
2026-09-25 09:22:48,868 [INFO]       Appointed Officer: OSHEA, Katie (Director)
2026-09-25 09:22:48,869 [INFO]       Address:          98 Market Street 98 Market Street, Hoylake, Wirral, England, CH47 3BE
2026-09-25 09:22:50,503 [INFO] [ 28/50] Scraping: THE WIGAN SANCTUARY CIC (Co #12987688)
2026-09-25 09:22:51,633 [INFO]       Appointed Officer: BURGER, Candice Jane (Director)
2026-09-25 09:22:51,633 [INFO]       Address:          13 Vincent Way, Wigan, England, WN5 0RB
2026-09-25 09:22:53,761 [INFO] [ 29/50] Scraping: AFC WULFRUNIANS CIC (Co #12985402)
2026-09-25 09:22:54,999 [INFO]       Appointed Officer: HAGUE, Matthew George (Director)
2026-09-25 09:22:54,999 [INFO]       Address:          Ckw Stadium Castlecroft Road, Castlecroft, Wolverhampton, United Kingdom, WV3 8NA
2026-09-25 09:22:57,134 [INFO] [ 30/50] Scraping: AUDIO REVOLUTION CIC (Co #12985049)
2026-09-25 09:22:58,326 [INFO]       Appointed Officer: CARVALHO, Sophia (Director)
2026-09-25 09:22:58,326 [INFO]       Address:          19 Copper Beech Gardens, Handsworth, Birmingham, England, B20 2EQ
2026-09-25 09:23:00,464 [INFO] [ 31/50] Scraping: SMOOTH LANDINGS COMMUNITY INTEREST COMPANY (Co #12987777)
2026-09-25 09:23:01,711 [INFO]       Appointed Officer: PADGETT, Timothy Paul (Director)
2026-09-25 09:23:01,711 [INFO]       Address:          10 Low Gosforth Court, Newcastle Upon Tyne, United Kingdom, NE3 5QU
2026-09-25 09:23:03,827 [INFO] [ 32/50] Scraping: NEW STIRRUP CIC (Co #12995288)
2026-09-25 09:23:05,071 [INFO]       Appointed Officer: IRESON, Nick (Director)
2026-09-25 09:23:05,071 [INFO]       Address:          23 Dale Crescent, Barton Seagrave, Kettering, England, NN15 6WT
2026-09-25 09:23:07,186 [INFO] [ 33/50] Scraping: PRIDE FIVES C.I.C. (Co #12994767)
2026-09-25 09:23:08,338 [INFO]       Appointed Officer: NIKOI, Kwashie (Director)
2026-09-25 09:23:08,338 [INFO]       Address:          4th Floor 18 St. Cross Street, London, England, EC1N 8UN
2026-09-25 09:23:10,477 [INFO] [ 34/50] Scraping: BEARHUGS 365 CIC (Co #12994504)
2026-09-25 09:23:11,668 [INFO]       Appointed Officer: PEREIRA, Michelle Abigail (Director)
2026-09-25 09:23:11,668 [INFO]       Address:          Flat 13 Windermere Point, Old Kent Road, London, England, SE15 1DY
2026-09-25 09:23:13,781 [INFO] [ 35/50] Scraping: THE WORKHOUSE PROJECT C.I.C. (Co #12995099)
2026-09-25 09:23:14,867 [INFO]       Appointed Officer: SAGAR, Dominic (Director)
2026-09-25 09:23:14,867 [INFO]       Address:          3 Cakebread Street, Manchester, England, M12 6HF
2026-09-25 09:23:17,030 [INFO] [ 36/50] Scraping: NOODLE FOUNDATION CIC (Co #12996482)
2026-09-25 09:23:18,247 [INFO]       Appointed Officer: JOHNSON, Nichola Jane (Director)
2026-09-25 09:23:18,247 [INFO]       Address:          V1-2 Staniforth Works, Hackenthorpe, Sheffield, S12 4LB
2026-09-25 09:23:20,368 [INFO] [ 37/50] Scraping: FIBRE4THORNBY CIC (Co #12996130)
2026-09-25 09:23:21,505 [INFO]       Appointed Officer: SLAUGHTER, Timothy (Director)
2026-09-25 09:23:21,505 [INFO]       Address:          Orchard House Barn, Thornby, Wigton, Cumbria, United Kingdom, CA7 0HH
2026-09-25 09:23:23,740 [INFO] [ 38/50] Scraping: IMAM CONNECT WELFARE GRANT C.I.C. (Co #12998107)
2026-09-25 09:23:24,974 [INFO]       Appointed Officer: AHMED, Muddassar (Director)
2026-09-25 09:23:24,974 [INFO]       Address:          8 Sedona House, 8 Victory Parade, Stratford, London, United Kingdom, E20 1FX
2026-09-25 09:23:27,081 [INFO] [ 39/50] Scraping: MEANT FOR MORE CIC (Co #13001583)
2026-09-25 09:23:28,196 [INFO]       Appointed Officer: PORTER, Ashley (Director)
2026-09-25 09:23:28,196 [INFO]       Address:          20-22 Wenlock Road, London, England, N1 7GU
2026-09-25 09:23:30,315 [INFO] [ 40/50] Scraping: INNOVATION FOREST SCHOOL & EXPERIENTIAL LEARNING LABORATORY C.I.C. (Co #13002135)
2026-09-25 09:23:31,468 [INFO]       Appointed Officer: MCALLISTER, Andrew Patrick (Director)
2026-09-25 09:23:31,469 [INFO]       Address:          Flat 2 Dale House, Boundary Road, London, England, NW8 0JB
2026-09-25 09:23:33,576 [INFO] [ 41/50] Scraping: THE MOTHER HEN MISSION COMMUNITY INTEREST COMPANY (Co #13002727)
2026-09-25 09:23:34,750 [INFO]       Appointed Officer: WATMOUGH, Victoria Anne (Director)
2026-09-25 09:23:34,750 [INFO]       Address:          9 Chatterton Road, Yate, Bristol, England, BS37 4BJ
2026-09-25 09:23:36,861 [INFO] [ 42/50] Scraping: HARMONIOUS HOUSING C.I.C. (Co #13002341)
2026-09-25 09:23:37,996 [INFO]       Appointed Officer: DAWODU, Olabisi Adeola (Director)
2026-09-25 09:23:37,996 [INFO]       Address:          960 Capability Green, Luton, England, LU1 3PE
2026-09-25 09:23:40,226 [INFO] [ 43/50] Scraping: LEADERSHIP EMPOWERMENT DIVERSITY CIC (Co #13003547)
2026-09-25 09:23:41,497 [INFO]       Appointed Officer: BROWN, Sarah (Director)
2026-09-25 09:23:41,497 [INFO]       Address:          7b Church Ave 7  B Church Avenue, Daybrook, Nottingham, England, NG5 6LB
2026-09-25 09:23:43,614 [INFO] [ 44/50] Scraping: DOMESTIC ABUSE: SHOUT FOR HELP - UK CIC (Co #13002481)
2026-09-25 09:23:44,746 [INFO]       Appointed Officer: LESSORE, Chloe Paule Rachel (Director)
2026-09-25 09:23:44,746 [INFO]       Address:          9 Wentworth Crescent, London, England, SE15 5UG
2026-09-25 09:23:46,856 [INFO] [ 45/50] Scraping: WORLD GOOD NEWS COMMUNITY INTEREST COMPANY (Co #13002699)
2026-09-25 09:23:48,070 [INFO]       Appointed Officer: DZIDZORVI, Olivia Mariam (Director)
2026-09-25 09:23:48,070 [INFO]       Address:          6 Newlin Close, Oxford, England, OX4 4UR
2026-09-25 09:23:50,173 [INFO] [ 46/50] Scraping: APPYAVEN CIC (Co #13002844)
2026-09-25 09:23:51,398 [INFO]       Appointed Officer: HOPE, Eric (Director)
2026-09-25 09:23:51,399 [INFO]       Address:          St Paul's Hall, Murray Street, Hartlepool, England, TS26 8PD
2026-09-25 09:23:53,513 [INFO] [ 47/50] Scraping: JPSL CREATIVE SPACE CIC (Co #13003569)
2026-09-25 09:23:54,670 [INFO]       Appointed Officer: ADESANYA, Esther (Director)
2026-09-25 09:23:54,670 [INFO]       Address:          27 Studio, 11 Oackfield Road, Ilford, England, United Kingdom, IG1 1ZJ
2026-09-25 09:23:56,788 [INFO] [ 48/50] Scraping: THE CARE WORKERS NETWORK CIC (Co #13077864)
2026-09-25 09:23:58,011 [INFO]       Appointed Officer: BARNES, Simon David (Director)
2026-09-25 09:23:58,011 [INFO]       Address:          5 Langham Road, Raunds, Wellingborough, England, NN9 6LB
2026-09-25 09:24:00,138 [INFO] [ 49/50] Scraping: THE COACHING COLLABORATIVE CIC (Co #13078083)
2026-09-25 09:24:01,271 [INFO]       Appointed Officer: SEALE, Becky (Director)
2026-09-25 09:24:01,271 [INFO]       Address:          Flat 24 Howard Court, Peckham Rye, London, England, SE15 3PH
2026-09-25 09:24:03,386 [INFO] [ 50/50] Scraping: HAMDARD CIC (Co #13081930)
2026-09-25 09:24:04,538 [INFO]       Appointed Officer: JAVAID, Tariq (Director)
2026-09-25 09:24:04,538 [INFO]       Address:          18 Dinsdale Drive, Bolton, England, BL3 5JE
2026-09-25 09:24:06,657 [INFO] ================================================================================
2026-09-25 09:24:06,657 [INFO] BATCH FINISHED: Processed 50 companies in 142.1s.
2026-09-25 09:24:06,657 [INFO] Total Cumulative Enriched: 282 companies.
2026-09-25 09:24:06,657 [INFO] Updated CSV: enriched_uk_companies.csv
2026-09-25 09:24:06,657 [INFO] Updated Log: scraper.log
2026-09-25 09:24:06,657 [INFO] ================================================================================
2026-09-25 16:29:37,806 [INFO] ================================================================================
2026-09-25 16:29:37,806 [INFO] STARTING PRODUCTION UK COMPANIES HOUSE CONTACT SCRAPER
2026-09-25 16:29:37,806 [INFO] ================================================================================
2026-09-25 16:29:37,806 [INFO] Input Dataset:  Companies-House-search-results.csv
2026-09-25 16:29:37,806 [INFO] Output Dataset: enriched_uk_companies.csv
2026-09-25 16:29:37,807 [INFO] Batch Size:     50
2026-09-25 16:29:37,808 [INFO] Already processed in previous runs: 282 companies
2026-09-25 16:29:37,832 [INFO] Total remaining companies to scrape: 4718
2026-09-25 16:29:37,832 [INFO] Processing next batch of 50 companies...

2026-09-25 16:29:37,832 [INFO] [  1/50] Scraping: BEYOND NEW HORIZONS CIC (Co #13083170)
2026-09-25 16:29:38,953 [INFO]       Appointed Officer: DOYLE, Edward (Director)
2026-09-25 16:29:38,953 [INFO]       Address:          PO Box 4385, 13083170: COMPANIES HOUSE DEFAULT ADDRESS, Cardiff, CF14 8LH
2026-09-25 16:29:48,772 [INFO]    [EMAIL]   contact@bizstats.co.uk
2026-09-25 16:29:48,772 [INFO]    [WEBSITE] https://www.bizstats.co.uk/ltd/beyond-new-horizons-cic-13083170/
2026-09-25 16:29:49,772 [INFO] [  2/50] Scraping: BUMP COMMUNITY SKATE C.I.C. (Co #13083986)
2026-09-25 16:29:50,822 [INFO]       Appointed Officer: FITZGERALD, Rebecca Emily (Director)
2026-09-25 16:29:50,822 [INFO]       Address:          8 Hill Street, Totterdown, Bristol, England, BS3 4TP
2026-09-25 16:29:51,943 [INFO] [  3/50] Scraping: SOUTHERN STARS PROJECTS C.I.C. (Co #13085505)
2026-09-25 16:29:53,000 [INFO]       Appointed Officer: SALGADO, Gabriela (Director)
2026-09-25 16:29:53,000 [INFO]       Address:          PO Box N165RX, Flat 9 Beechwood Lodge 5 East Bank 5 East Bank, 9 Beechwood Lodge, London, United Kingdom, N16 5RX
2026-09-25 16:29:54,262 [INFO] [  4/50] Scraping: IPSWICH ROAD FIBRE BROADBAND COMMUNITY INTEREST COMPANY (Co #13085835)
2026-09-25 16:29:55,305 [INFO]       Appointed Officer: BAILEY, Barry Norman (Director)
2026-09-25 16:29:55,305 [INFO]       Address:          Peartree Cottage Ipswich Road, Otley, Ipswich, England, IP6 9JP
2026-09-25 16:29:56,423 [INFO] [  5/50] Scraping: A BETTER COMMUNITY CIC (Co #13088220)
2026-09-25 16:29:57,537 [INFO]       Appointed Officer: BROWN, Lauren (Director)
2026-09-25 16:29:57,537 [INFO]       Address:          27 Old Gloucester Street, London, United Kingdom, WC1N 3AX
2026-09-25 16:29:58,649 [INFO] [  6/50] Scraping: DIZZY HEIGHT DRONES CIC (Co #13086476)
2026-09-25 16:29:59,743 [INFO]       Appointed Officer: FRANCIS, Stephen David (Director)
2026-09-25 16:29:59,743 [INFO]       Address:          Flat 5 Fernley House, Long Gore, Godalming, England, GU7 3TN
2026-09-25 16:30:00,896 [INFO] [  7/50] Scraping: TOPSHAM FIBRE CFP CIC (Co #13088203)
2026-09-25 16:30:02,119 [INFO]       Appointed Officer: ROOK, Andrew Nigel (Director)
2026-09-25 16:30:02,119 [INFO]       Address:          30 Greatwood Terrace, Topsham, Exeter, England, EX3 0EB
2026-09-25 16:30:03,243 [INFO] [  8/50] Scraping: PINK SPLAT PRODUCTIONS CIC (Co #13096364)
2026-09-25 16:30:04,323 [INFO]       Appointed Officer: DESROCHES, Rob (Director)
2026-09-25 16:30:04,323 [INFO]       Address:          177 Sebert Road, London, England, E7 0NP
2026-09-25 16:30:05,517 [INFO] [  9/50] Scraping: HALT CHILDREN IN CRISIS CIC (Co #13096018)
2026-09-25 16:30:06,640 [INFO]       Appointed Officer: ALBATI, Kalonda Brandon (Director)
2026-09-25 16:30:06,640 [INFO]       Address:          22 Temple Square, Manchester, England, M8 8UP
2026-09-25 16:30:07,784 [INFO] [ 10/50] Scraping: ACTIVE DEVON COMMUNITY INTEREST COMPANY (Co #13096512)
2026-09-25 16:30:08,831 [INFO]       Appointed Officer: EVANS, Matthew William (Director)
2026-09-25 16:30:08,831 [INFO]       Address:          The Loft Haven Banks, Haven Road, Exeter, England, EX2 8DP
2026-09-25 16:30:09,965 [INFO] [ 11/50] Scraping: ONE CHANGE PROJECT CIC (Co #13096906)
2026-09-25 16:30:11,136 [INFO]       Appointed Officer: ALFORD, Emma Jane (Director)
2026-09-25 16:30:11,136 [INFO]       Address:          37 Elmdene Road, Kenilworth, England, CV8 2BW
2026-09-25 16:30:12,286 [INFO] [ 12/50] Scraping: LOVE AND KINDNESS CIC (Co #13097112)
2026-09-25 16:30:13,309 [INFO]       Appointed Officer: DAHLICK, Madlen (Director)
2026-09-25 16:30:13,309 [INFO]       Address:          Pentire House, 5-9 Beach Road, Newquay, England, TR7 1ES
2026-09-25 16:30:14,424 [INFO] [ 13/50] Scraping: GOODMILES CIC (Co #13098457)
2026-09-25 16:30:15,551 [INFO]       Appointed Officer: CHARTERS, Jonathan Daniel (Director)
2026-09-25 16:30:15,551 [INFO]       Address:          15 Tudor Road, Easton, Bristol, England, BS5 6BN
2026-09-25 16:30:16,658 [INFO] [ 14/50] Scraping: MOTTO MUSIC CIC (Co #13099882)
2026-09-25 16:30:17,668 [INFO]       Appointed Officer: HARRINGTON, Peter Robin (Director)
2026-09-25 16:30:17,668 [INFO]       Address:          99 Clonmell Road, London, England, N17 6JT
2026-09-25 16:30:18,802 [INFO] [ 15/50] Scraping: PORT FEST EVENTS C.I.C. (Co #13099591)
2026-09-25 16:30:19,801 [INFO]       Appointed Officer: MALONE, Edward Francis (Director)
2026-09-25 16:30:19,801 [INFO]       Address:          3 Albany Gardens, Little Sutton, Ellesmere Port, United Kingdom, CH66 1HJ
2026-09-25 16:30:21,018 [INFO] [ 16/50] Scraping: SRI CHAITANYA SARASWAT TEMPLE EAST LONDON CIC (Co #13100127)
2026-09-25 16:30:22,032 [INFO]       Appointed Officer: PEREZ CONTRERAS, Iraida (Director)
2026-09-25 16:30:22,032 [INFO]       Address:          466 Green Street, London, England, E13 9DB
2026-09-25 16:30:23,159 [INFO] [ 17/50] Scraping: OAK TREE SUSTAINABLE LIVING CENTRE CIC (Co #13104827)
2026-09-25 16:30:24,168 [INFO]       Appointed Officer: AKRIGG, Wendy Ann (Director)
2026-09-25 16:30:24,168 [INFO]       Address:          8 Langdale Road, Woodlesford, Leeds, England, LS26 8XF
2026-09-25 16:30:25,320 [INFO] [ 18/50] Scraping: THE CLIMATE VENTURE COLLECTIVE CIC (Co #13104858)
2026-09-25 16:30:26,415 [INFO]       Appointed Officer: GRAHAM, Joshua Mcculloch (Director)
2026-09-25 16:30:26,415 [INFO]       Address:          New Barn Cottage, Buriton, Petersfield, England, GU31 5SN
2026-09-25 16:30:27,529 [INFO] [ 19/50] Scraping: ECO PARTY HIRE AND TERRACYCLE SUTTON CIC (Co #13106688)
2026-09-25 16:30:28,592 [INFO]       Appointed Officer: THIRU, Nishanthy (Director)
2026-09-25 16:30:28,592 [INFO]       Address:          10 West Way, Carshalton, England, SM5 4EW
2026-09-25 16:30:29,704 [INFO] [ 20/50] Scraping: RESTORING MINDS BUILDING LIVES CIC (Co #13108130)
2026-09-25 16:30:30,691 [INFO]       Appointed Officer: CANEPA-ANSON, Abi (Director)
2026-09-25 16:30:30,691 [INFO]       Address:          170 Queens Road, Watford, England, WD17 2NT
2026-09-25 16:30:31,816 [INFO] [ 21/50] Scraping: REALITY ON AIR CIC (Co #13117304)
2026-09-25 16:30:32,935 [INFO]       Appointed Officer: BRAYSHER, David Paul (Director)
2026-09-25 16:30:32,935 [INFO]       Address:          2 High Road, Eastcote, Pinner, England, HA5 2EW
2026-09-25 16:30:35,199 [INFO]    [EMAIL]   username@website.com
2026-09-25 16:30:35,199 [INFO]    [WEBSITE] https://collider.com/british-reality-tv-shows-best-ranked/
2026-09-25 16:30:36,200 [INFO] [ 22/50] Scraping: RIGHT TRACKS NOTTINGHAM COMMUNITY INTEREST COMPANY (Co #13117229)
2026-09-25 16:30:37,298 [INFO]       Appointed Officer: JOHNSON, Christian Alfred (Director)
2026-09-25 16:30:37,298 [INFO]       Address:          19 Stratford Road, West Bridgford, Nottingham, England, NG2 6AZ
2026-09-25 16:30:38,490 [INFO]    [PHONE]   07887717024
2026-09-25 16:30:38,490 [INFO]    [EMAIL]   rail@righttracks.co.uk
2026-09-25 16:30:38,490 [INFO]    [WEBSITE] https://righttracks.co.uk/
2026-09-25 16:30:39,490 [INFO] [ 23/50] Scraping: THE OUTDOOR EDUCATION SPACE C.I.C. (Co #13119143)
2026-09-25 16:30:40,560 [INFO]       Appointed Officer: WIID, Emma Kate (Director)
2026-09-25 16:30:40,560 [INFO]       Address:          21 Market Place, Long Buckby, Northampton, England, NN6 7RR
2026-09-25 16:30:41,678 [INFO] [ 24/50] Scraping: BRO CORS CARON CIC (Co #13117935)
2026-09-25 16:30:42,705 [INFO]       Appointed Officer: MILLS, Terry Robert (Director)
2026-09-25 16:30:42,706 [INFO]       Address:          4 Bridge Street, Hay On Wye, Powys, United Kingdom, HR3 5DE
2026-09-25 16:30:43,825 [INFO] [ 25/50] Scraping: BACK ON TRACK WIRRAL CIC (Co #13117887)
2026-09-25 16:30:44,861 [INFO]       Appointed Officer: HURST, Gemma (Director)
2026-09-25 16:30:44,861 [INFO]       Address:          86 Grange Road, Birkenhead, Merseyside, United Kingdom, CH41 6DY
2026-09-25 16:30:45,975 [INFO] [ 26/50] Scraping: THE CRAFTY FOLKS CIC (Co #13118126)
2026-09-25 16:30:46,990 [INFO]       Appointed Officer: IVORS, Francis Patrick Anthony (Director)
2026-09-25 16:30:46,990 [INFO]       Address:          108 Warrensway, Telford, England, TF7 5QE
2026-09-25 16:30:48,105 [INFO] [ 27/50] Scraping: GETTING KIDS SOCIAL AGAIN C.I.C. (Co #13118369)
2026-09-25 16:30:49,229 [INFO]       Appointed Officer: HARTLEY, Kevin Richard (Director)
2026-09-25 16:30:49,230 [INFO]       Address:          10 Eastmead, Bognor Regis, England, PO21 4QT
2026-09-25 16:30:50,347 [INFO] [ 28/50] Scraping: BEYOND THE NILE COMMUNITY INTEREST COMPANY (Co #13120744)
2026-09-25 16:30:51,397 [INFO]       Appointed Officer: GROWADA, Rose (Director)
2026-09-25 16:30:51,397 [INFO]       Address:          4 Cedar Road, Trumpington, Cambridge, England, CB2 9PA
2026-09-25 16:30:53,486 [INFO] [ 29/50] Scraping: EEL PIE ISLAND BOAT BUILDING SCHOOL CIC (Co #13121449)
2026-09-25 16:30:54,570 [INFO]       Appointed Officer: JOHNSTON, Beverley (Secretary)
2026-09-25 16:30:54,570 [INFO]       Address:          Cruisemaster, Eel Pie Island, Twickenham, United Kingdom, TW1 3DY
2026-09-25 16:30:56,688 [INFO] [ 30/50] Scraping: MY-TOWN RECORDS CIC (Co #13120363)
2026-09-25 16:30:57,689 [INFO]       Appointed Officer: LYNN, David Gavin (Director)
2026-09-25 16:30:57,689 [INFO]       Address:          3 Clifford Street, Glascote, Tamworth, England, B77 2BU
2026-09-25 16:30:59,795 [INFO] [ 31/50] Scraping: UNLOCK IT LOVE COMMUNITY INTEREST COMPANY (Co #13121313)
2026-09-25 16:31:00,864 [INFO]       Appointed Officer: SOWAH, Solse Tonye (Director)
2026-09-25 16:31:00,864 [INFO]       Address:          30 Liardet Street, London, England, SE14 6HT
2026-09-25 16:31:02,961 [INFO] [ 32/50] Scraping: FAMILY BOXING CIC (Co #13122345)
2026-09-25 16:31:04,012 [INFO]       Appointed Officer: BOUANANE, Samir (Director)
2026-09-25 16:31:04,012 [INFO]       Address:          1 Anstice Close, London, England, W4 2RJ
2026-09-25 16:31:06,140 [INFO] [ 33/50] Scraping: WORK IN FAMILY CIC (Co #13122306)
2026-09-25 16:31:07,175 [INFO]       Appointed Officer: ADU KWAPONG, Manfred (Secretary)
2026-09-25 16:31:07,175 [INFO]       Address:          1 Long Lane, London, England, SE1 4PG
2026-09-25 16:31:09,269 [INFO] [ 34/50] Scraping: FULFIL - YOUR MENTAL WELLNESS CIC (Co #12789393)
2026-09-25 16:31:10,375 [INFO]       Appointed Officer: BEATTIE, Victoria Louise (Director)
2026-09-25 16:31:10,375 [INFO]       Address:          Fernbank Claremont Terrace, Bill Quay, Gateshead, United Kingdom, NE10 0SJ
2026-09-25 16:31:12,471 [INFO] [ 35/50] Scraping: CHROBIS NETWORK CIC (Co #12790595)
2026-09-25 16:31:13,572 [INFO]       Appointed Officer: SHOWEMIMO, Sam Olufemi (Director)
2026-09-25 16:31:13,572 [INFO]       Address:          150 Sevenoaks Road, Orpington, England, BR6 9JZ
2026-09-25 16:31:15,663 [INFO] [ 36/50] Scraping: MINDFUL AND MEDITATION THERAPY COMMUNITY INTEREST COMPANY (Co #12789644)
2026-09-25 16:31:16,749 [INFO]       Appointed Officer: CAWLEY, Pauline (Director)
2026-09-25 16:31:16,749 [INFO]       Address:          6 Highfield Park, Liverpool, England, L31 6EA
2026-09-25 16:31:18,841 [INFO] [ 37/50] Scraping: HELP ME OUT NORTH EAST CIC (Co #12791760)
2026-09-25 16:31:19,897 [INFO]       Appointed Officer: THORNTON, Melanie (Director)
2026-09-25 16:31:19,897 [INFO]       Address:          The Old Rectory, The Broadway, Houghton Le Spring, England, DH4 4BB
2026-09-25 16:31:21,989 [INFO] [ 38/50] Scraping: INSPIRE TO ASPIRE AUTISM CONSULTANCY TEAM CIC (Co #12794041)
2026-09-25 16:31:23,051 [INFO]       Appointed Officer: PL MOORE, Gillian (Director)
2026-09-25 16:31:23,051 [INFO]       Address:          55 Larch Avenue, Newton-Le-Willows, England, WA12 8JF
2026-09-25 16:31:25,149 [INFO] [ 39/50] Scraping: NEW HORYZONS C.I.C. (Co #12795554)
2026-09-25 16:31:26,247 [INFO]       Appointed Officer: COLEMAN, Jacob (Director)
2026-09-25 16:31:26,247 [INFO]       Address:          117 Mersey Bank Avenue, Manchester, England, M21 7WP
2026-09-25 16:31:28,341 [INFO] [ 40/50] Scraping: DREAM CATCHER ARTS CIC (Co #12794949)
2026-09-25 16:31:29,492 [INFO]       Appointed Officer: COXON, April Elizabeth (Director)
2026-09-25 16:31:29,492 [INFO]       Address:          10 Northfield Drive, Sunderland, England, SR4 9SA
2026-09-25 16:31:31,585 [INFO] [ 41/50] Scraping: FORT PAULL BATTERY HERITAGE SITE CIC (Co #12796943)
2026-09-25 16:31:32,672 [INFO]       Appointed Officer: MOORE, Nicholas James (Director)
2026-09-25 16:31:32,672 [INFO]       Address:          23 Castle Park, Aldbrough, Hull, England, HU11 4RG
2026-09-25 16:31:34,760 [INFO] [ 42/50] Scraping: EMPOWERMENT SOLUTIONS (NORTH EAST) CIC (Co #12800658)
2026-09-25 16:31:35,993 [INFO]       Appointed Officer: WOODLAND, Helen Elizabeth (Director)
2026-09-25 16:31:35,993 [INFO]       Address:          28 Westfield, Frosterley, Bishop Auckland, England, DL13 2QQ
2026-09-25 16:31:38,080 [INFO] [ 43/50] Scraping: MR SUKHPAL DEGUN COMMUNITY INTEREST COMPANY (Co #12800289)
2026-09-25 16:31:39,158 [INFO]       Appointed Officer: DEGUN, Sukhpal (Director)
2026-09-25 16:31:39,159 [INFO]       Address:          179 Syon Lane, Isleworth, England, TW7 5PU
2026-09-25 16:31:41,257 [INFO] [ 44/50] Scraping: NABERA CIC (Co #12800985)
2026-09-25 16:31:42,259 [INFO]       Appointed Officer: GOBEKILE, Reena (Director)
2026-09-25 16:31:42,259 [INFO]       Address:          35 Yorkshire Road, Leicester, England, LE4 6PH
2026-09-25 16:31:44,349 [INFO] [ 45/50] Scraping: ENHANCEABLE EVENTS C.I.C. (Co #12800278)
2026-09-25 16:31:45,444 [INFO]       Appointed Officer: BARLOW, Lindsay O'Brien (Secretary)
2026-09-25 16:31:45,444 [INFO]       Address:          259 Whitegate Drive, Blackpool, England, FY3 9JL
2026-09-25 16:31:47,532 [INFO] [ 46/50] Scraping: ENGINE HOUSE PUBLISHING C.I.C. (Co #12805071)
2026-09-25 16:31:48,579 [INFO]       Appointed Officer: MCEVOY, Jessica Louise (Director)
2026-09-25 16:31:48,579 [INFO]       Address:          Prasygow Stables, Higher Ninnis, Redruth, England, TR16 5HD
2026-09-25 16:31:50,684 [INFO] [ 47/50] Scraping: BELGRAVIA HOUSING CIC (Co #12804402)
2026-09-25 16:31:51,763 [INFO]       Appointed Officer: KHAN, Javed (Director)
2026-09-25 16:31:51,763 [INFO]       Address:          85b Headstone Road, Harrow, London, England, HA1 1PG
2026-09-25 16:31:53,866 [INFO] [ 48/50] Scraping: CHILDHOOD COUNTS CIC (Co #12808130)
2026-09-25 16:31:55,075 [INFO]       Appointed Officer: STAFF, Judith Catherine (Director)
2026-09-25 16:31:55,075 [INFO]       Address:          36 Penn Gardens, Northampton, England, NN4 0QX
2026-09-25 16:31:57,161 [INFO] [ 49/50] Scraping: MR B’S YOUTH DEVELOPMENT PROGRAM CIC (Co #12810431)
2026-09-25 16:31:58,185 [INFO]       Appointed Officer: SCOTT, Matthew William (Director)
2026-09-25 16:31:58,185 [INFO]       Address:          3 Kendal Drive, Flitwick, Bedfordshire, MK45 1NW
2026-09-25 16:32:00,288 [INFO] [ 50/50] Scraping: HUNNI QUEST CIC (Co #12810855)
2026-09-25 16:32:01,417 [INFO]       Appointed Officer: FOLKES-HUNNIGAL, Mckhylla Kora Makeda (Director)
2026-09-25 16:32:01,417 [INFO]       Address:          3b Vauxhall Grove, London, England, SW8 1TD
2026-09-25 16:32:03,572 [INFO] ================================================================================
2026-09-25 16:32:03,572 [INFO] BATCH FINISHED: Processed 50 companies in 145.7s.
2026-09-25 16:32:03,572 [INFO] Total Cumulative Enriched: 332 companies.
2026-09-25 16:32:03,572 [INFO] Updated CSV: enriched_uk_companies.csv
2026-09-25 16:32:03,572 [INFO] Updated Log: scraper.log
2026-09-25 16:32:03,572 [INFO] ================================================================================
2026-09-25 23:03:47,173 [INFO] ================================================================================
2026-09-25 23:03:47,173 [INFO] STARTING PRODUCTION UK COMPANIES HOUSE CONTACT SCRAPER
2026-09-25 23:03:47,173 [INFO] ================================================================================
2026-09-25 23:03:47,173 [INFO] Input Dataset:  Companies-House-search-results.csv
2026-09-25 23:03:47,173 [INFO] Output Dataset: enriched_uk_companies.csv
2026-09-25 23:03:47,173 [INFO] Batch Size:     50
2026-09-25 23:03:47,175 [INFO] Already processed in previous runs: 332 companies
2026-09-25 23:03:47,198 [INFO] Total remaining companies to scrape: 4668
2026-09-25 23:03:47,198 [INFO] Processing next batch of 50 companies...

2026-09-25 23:03:47,198 [INFO] [  1/50] Scraping: BAME (BLACK, ASIAN AND MINORITY ETHNIC) COMMUNITY SOLUTIONS CIC (Co #12811915)
2026-09-25 23:03:48,681 [INFO]       Appointed Officer: SIGBA, Sony Sorient (Director)
2026-09-25 23:03:48,681 [INFO]       Address:          4a Barnehurst Avenue, Erith, England, DA8 3NE
2026-09-25 23:03:50,959 [INFO]    [EMAIL]   info@bamehubuk.org
2026-09-25 23:03:50,959 [INFO]    [WEBSITE] https://bamehubuk.org/
2026-09-25 23:03:51,960 [INFO] [  2/50] Scraping: SHRIMPY'S, LOOE CIC (Co #12819058)
2026-09-25 23:03:53,454 [INFO]       Appointed Officer: LUNDY, Alice Lily (Director)
2026-09-25 23:03:53,454 [INFO]       Address:          Woodlands, St. Martins Road, Looe, England, PL13 1LP
2026-09-25 23:03:54,710 [INFO] [  3/50] Scraping: TURNSTONE HOUSING CIC (Co #12818796)
2026-09-25 23:03:56,051 [INFO]       Appointed Officer: MTETWA, Tendai Sharleen (Director)
2026-09-25 23:03:56,052 [INFO]       Address:          31 Thistledown Drive, Featherstone, Wolverhampton, England, WV10 7SX
2026-09-25 23:03:57,340 [INFO] [  4/50] Scraping: MIGHTY ACORNS COMMUNITY INTEREST COMPANY (Co #12820274)
2026-09-25 23:03:58,710 [INFO]       Appointed Officer: KELLY, Clare (Director)
2026-09-25 23:03:58,710 [INFO]       Address:          45 Swanbourne Drive, Hornchurch, England, RM12 6RE
2026-09-25 23:03:59,961 [INFO] [  5/50] Scraping: THE RUSTIC KITCHEN CIC (Co #12822798)
2026-09-25 23:04:01,451 [INFO]       Appointed Officer: KNIGHT, Linda Catherine (Director)
2026-09-25 23:04:01,452 [INFO]       Address:          12 Newbury Close, Widnes, England, WA8 9YX
2026-09-25 23:04:02,757 [INFO] [  6/50] Scraping: REBOOT WELLBEING CIC (Co #12825303)
2026-09-25 23:04:04,170 [INFO]       Appointed Officer: HEALY, Mairead (Director)
2026-09-25 23:04:04,170 [INFO]       Address:          80 Bellevue Road, Cowes, England, PO31 7JR
2026-09-25 23:04:05,431 [INFO] [  7/50] Scraping: PARKINSON'S ART COMMUNITY INTEREST COMPANY (Co #12826507)
2026-09-25 23:04:06,927 [INFO]       Appointed Officer: AMOS, Nicolette Olivia (Director)
2026-09-25 23:04:06,927 [INFO]       Address:          19 Lancaster Way, Pitstone, Leighton Buzzard, England, LU7 9RH
2026-09-25 23:04:08,202 [INFO] [  8/50] Scraping: WE ARE BLACK GOLD CIC (Co #12826408)
2026-09-25 23:04:09,674 [INFO]       Appointed Officer: ESDAILLE, Geraldine Rosetta (Director)
2026-09-25 23:04:09,674 [INFO]       Address:          Westwood House, Knowsley Street, Manchester, England, M8 8HQ
2026-09-25 23:04:10,929 [INFO] [  9/50] Scraping: ACHIEVABLE WAYS OF LIVING CIC (Co #12828986)
2026-09-25 23:04:12,292 [INFO]       Appointed Officer: JONES, Rickeem Richardo (Director)
2026-09-25 23:04:12,292 [INFO]       Address:          48 Dodgson Place, Preston, England, PR1 5JY
2026-09-25 23:04:13,546 [INFO] [ 10/50] Scraping: ETHNIC CARE CIC (Co #12838095)
2026-09-25 23:04:14,940 [INFO]       Appointed Officer: CAMPBELL, Paulette (Director)
2026-09-25 23:04:14,940 [INFO]       Address:          26 Filey Drive Hamilton, Leicester, England, LE5 1ET
2026-09-25 23:04:16,204 [INFO] [ 11/50] Scraping: INCLUSIVE ROUTES C.I.C. (Co #12837864)
2026-09-25 23:04:17,566 [INFO]       Appointed Officer: AFOLABI, Fola Zara (Director)
2026-09-25 23:04:17,566 [INFO]       Address:          12 Constance Street, London, England, E16 2DQ
2026-09-25 23:04:18,832 [INFO] [ 12/50] Scraping: PARENTPLUS CIC (Co #12840676)
2026-09-25 23:04:20,198 [INFO]       Appointed Officer: NEMETH, Judith Rachel (Director)
2026-09-25 23:04:20,199 [INFO]       Address:          54 St. Georges Road, London, England, NW11 0LR
2026-09-25 23:04:21,460 [INFO] [ 13/50] Scraping: LONDON COMMUNITY ACADEMY C.I.C. (Co #12841240)
2026-09-25 23:04:22,772 [INFO]       Appointed Officer: MURUNGI, Jean (Director)
2026-09-25 23:04:22,772 [INFO]       Address:          Flat 4 Morley Street, London, England, SE1 7QE
2026-09-25 23:04:24,030 [INFO] [ 14/50] Scraping: BUSINESS INCUBATOR GROUP CIC (Co #12840451)
2026-09-25 23:04:25,468 [INFO]       Appointed Officer: BISHYIKA, Eric (Director)
2026-09-25 23:04:25,468 [INFO]       Address:          21 Chelbourne Drive, Oldham, England, OL8 4RE
2026-09-25 23:04:26,721 [INFO] [ 15/50] Scraping: TOGETHER WE ARE STRONGER CIC (Co #12843535)
2026-09-25 23:04:28,184 [INFO]       Appointed Officer: MENSAH, Gavin (Director)
2026-09-25 23:04:28,184 [INFO]       Address:          10b Cato Road, Clapham North, London, United Kingdom, SW4 7TX
2026-09-25 23:04:29,451 [INFO] [ 16/50] Scraping: GENERATION HEART FOR CHRIST MINISTRY CIC (Co #12846249)
2026-09-25 23:04:30,922 [INFO]       Appointed Officer: HABTU, Mulugeta (Director)
2026-09-25 23:04:30,922 [INFO]       Address:          Flat 33 Geach Tower, Uxbridge Street, Birmingham, England, B19 3UP
2026-09-25 23:04:32,182 [INFO] [ 17/50] Scraping: SHEBA HOUSING SUPPORT CIC (Co #12848569)
2026-09-25 23:04:33,549 [INFO]       Appointed Officer: SAAD, Ahmad Awad Ahmad (Director)
2026-09-25 23:04:33,549 [INFO]       Address:          Flat 52 Windmill Court, 52 Mapesbury Road, London, England, NW2 4JH
2026-09-25 23:04:34,806 [INFO] [ 18/50] Scraping: HOPE FOR HOOPER'S MEMORY CIC (Co #12850217)
2026-09-25 23:04:36,146 [INFO]       Appointed Officer: GREENWOOD, Nicola Louise (Director)
2026-09-25 23:04:36,147 [INFO]       Address:          112 Green Crescent, Gosport, England, PO13 0DS
2026-09-25 23:04:37,413 [INFO] [ 19/50] Scraping: YOUNG HEARTS PROJECT CIC (Co #12850998)
2026-09-25 23:04:38,889 [INFO]       Appointed Officer: BALL, Cheryl Jean (Director)
2026-09-25 23:04:38,889 [INFO]       Address:          80 Junction Road, Leek, England, ST13 5QP
2026-09-25 23:04:40,147 [INFO] [ 20/50] Scraping: BRIDGWATER DIGITAL CIC (Co #12850551)
2026-09-25 23:04:41,516 [INFO]       Appointed Officer: JENKINS, Jason Aaron (Director)
2026-09-25 23:04:41,516 [INFO]       Address:          42 Blacklands, Bridgwater, Somerset, United Kingdom, TA6 3EZ
2026-09-25 23:04:42,777 [INFO] [ 21/50] Scraping: VISHEBILITY TRIBE CIC (Co #12851873)
2026-09-25 23:04:44,128 [INFO]       Appointed Officer: ADEYEMI, Mary Mosope (Director)
2026-09-25 23:04:44,128 [INFO]       Address:          115 Aldermere Avenue, Cheshunt, Waltham Cross, England, EN8 0FF
2026-09-25 23:04:45,436 [INFO] [ 22/50] Scraping: RUN THE TRACK (NOTTINGHAM) CIC (Co #12853115)
2026-09-25 23:04:46,896 [INFO]       Appointed Officer: GOLDING, Jermaine Simion (Director)
2026-09-25 23:04:46,896 [INFO]       Address:          Diagraph Building, Croydon Road, Nottingham, United Kingdom, NG7 3DS
2026-09-25 23:04:48,153 [INFO] [ 23/50] Scraping: BAME AND BLESSED MINDS C.I.C. (Co #12853747)
2026-09-25 23:04:49,575 [INFO]       Appointed Officer: MANGWIRO, Michelle Amberlique (Director)
2026-09-25 23:04:49,575 [INFO]       Address:          7 Church Lane, St. Mildreds, Canterbury, England, CT1 2PZ
2026-09-25 23:04:50,830 [INFO] [ 24/50] Scraping: TRENTMILL COMMUNITY INTEREST COMPANY (Co #12854538)
2026-09-25 23:04:52,285 [INFO]       Appointed Officer: CASEWELL, Amanda (Director)
2026-09-25 23:04:52,285 [INFO]       Address:          3 Dean Place, Stoke-On-Trent, England, ST1 3HS
2026-09-25 23:04:53,545 [INFO] [ 25/50] Scraping: 3T COLLECTIVE CIC (Co #13009997)
2026-09-25 23:04:54,983 [INFO]       Appointed Officer: TRIO MARKETING LTD (Director)
2026-09-25 23:04:54,983 [INFO]       Address:          7 Bell Yard, London, England, WC2A 2JR
2026-09-25 23:04:56,237 [INFO] [ 26/50] Scraping: NQA FOODBANK C.I.C. (Co #13012426)
2026-09-25 23:04:57,721 [INFO]       Appointed Officer: HADAWAY, Anne-Louise (Secretary)
2026-09-25 23:04:57,721 [INFO]       Address:          Nqa Support Hub, 5 Garden Street, Darlington, England, DL1 1QP
2026-09-25 23:04:59,110 [INFO] [ 27/50] Scraping: POSITIVE BLACK NEWS NETWORK COMMUNITY INTEREST COMPANY (Co #13012254)
2026-09-25 23:05:00,466 [INFO]       Appointed Officer: GRANT, Derrick Lloyd (Director)
2026-09-25 23:05:00,466 [INFO]       Address:          6 Gedney Close, Shirley, Solihull, England, B90 1LJ
2026-09-25 23:05:02,216 [INFO] [ 28/50] Scraping: HISTORY C COMMUNITY INTEREST COMPANY (Co #13013964)
2026-09-25 23:05:03,637 [INFO]       Appointed Officer: RASHID, Emdadur (Director)
2026-09-25 23:05:03,637 [INFO]       Address:          471 Liverpool Road, London, England, N7 8PG
2026-09-25 23:05:05,939 [INFO] [ 29/50] Scraping: AAPA ORGANISATION CIC (Co #13013424)
2026-09-25 23:05:07,320 [INFO]       Appointed Officer: SOBIROV, Bekhzodbek Bakhodir Ugli (Director)
2026-09-25 23:05:07,320 [INFO]       Address:          Heather Apartments Flat 16, 1 Cypress Road, Luton, England, LU1 4FY
2026-09-25 23:05:09,582 [INFO] [ 30/50] Scraping: TURF CHELTENHAM COMMUNITY INTEREST COMPANY (Co #13014072)
2026-09-25 23:05:11,099 [INFO]       Appointed Officer: ORME, David John (Secretary)
2026-09-25 23:05:11,099 [INFO]       Address:          62 Haywards Road, Cheltenham, England, GL52 6RH
2026-09-25 23:05:13,330 [INFO] [ 31/50] Scraping: FG PINNER ADVICE SERVICES CIC (Co #13017639)
2026-09-25 23:05:14,739 [INFO]       Appointed Officer: GASANA, Francis (Director)
2026-09-25 23:05:14,739 [INFO]       Address:          63 Abbotshall Road, London, SE6 1SQ
2026-09-25 23:05:16,966 [INFO] [ 32/50] Scraping: FRIENDS OF THE WOODHAMS STONE COLLECTION CIC (Co #13018380)
2026-09-25 23:05:18,315 [INFO]       Appointed Officer: WILSON, Jill Elizabeth (Director)
2026-09-25 23:05:18,315 [INFO]       Address:          3 Commercial Street, Norton, Malton, United Kingdom, YO17 9HX
2026-09-25 23:05:20,520 [INFO] [ 33/50] Scraping: COMMUNITY TOGETHER UTD COMMUNITY INTEREST COMPANY (Co #13023094)
2026-09-25 23:05:21,879 [INFO]       Appointed Officer: HAMILTON, Christopher John (Director)
2026-09-25 23:05:21,879 [INFO]       Address:          120 Beech Road, Horsham, England, RH12 4TX
2026-09-25 23:05:24,085 [INFO] [ 34/50] Scraping: 8SIDEFOOTBALL CIC (Co #13024532)
2026-09-25 23:05:25,487 [INFO]       Appointed Officer: ISHOLA, Olalekan Adewale (Director)
2026-09-25 23:05:25,487 [INFO]       Address:          Flat 6 Rainsborough Avenue, London, England, SE8 5RU
2026-09-25 23:05:27,704 [INFO] [ 35/50] Scraping: KSLC CIC (Co #13022932)
2026-09-25 23:05:29,157 [INFO]       Appointed Officer: HEWITT, Jo (Director)
2026-09-25 23:05:29,157 [INFO]       Address:          29 West Drive, Swinton, Manchester, England, M27 4ED
2026-09-25 23:05:31,361 [INFO] [ 36/50] Scraping: N-YEP CIC (Co #13022980)
2026-09-25 23:05:32,827 [INFO]       Appointed Officer: JABITTA, Oluwaseun Olasumbo (Director)
2026-09-25 23:05:32,827 [INFO]       Address:          N-Yep 3rd Floor, 86 - 90 Paul Street, London, United Kingdom, EC2A 4NE
2026-09-25 23:05:35,022 [INFO] [ 37/50] Scraping: CENTRAL BEHAVIOUR & ATTENDANCE COLLABORATION CIC (Co #13024216)
2026-09-25 23:05:36,379 [INFO]       Appointed Officer: CURRAN, Patricia (Director)
2026-09-25 23:05:36,379 [INFO]       Address:          43 Oswald Road, Scunthorpe, England, DN15 7PN
2026-09-25 23:05:38,590 [INFO] [ 38/50] Scraping: SKATE UP NORTH COMMUNITY INTEREST COMPANY (Co #13024242)
2026-09-25 23:05:39,926 [INFO]       Appointed Officer: STOCKTON-SIMS, Bradley (Director)
2026-09-25 23:05:39,926 [INFO]       Address:          330 Bury Road, Rochdale, England, OL11 4EE
2026-09-25 23:05:42,133 [INFO] [ 39/50] Scraping: PKC ACADEMY COMMUNITY INTEREST COMPANY (Co #13026446)
2026-09-25 23:05:43,580 [INFO]       Appointed Officer: WILLIAMSON, Marlon (Director)
2026-09-25 23:05:43,580 [INFO]       Address:          110 Beauchamp Road, London, England, SE19 3DB
2026-09-25 23:05:45,784 [INFO] [ 40/50] Scraping: NOTTINGHAM COMMONS CARGOBIKE CIC (Co #13026185)
2026-09-25 23:05:47,161 [INFO]       Appointed Officer: GARRETTY, Adam James (Director)
2026-09-25 23:05:47,161 [INFO]       Address:          19 19 Mill Lane, Treeton, Rotherham, S.Yorks, United Kingdom, S60 5PL
2026-09-25 23:05:49,363 [INFO] [ 41/50] Scraping: BRIGHTERFUTURES-NW CIC (Co #13025828)
2026-09-25 23:05:50,736 [INFO]       Appointed Officer: BOYHAM, Linda (Director)
2026-09-25 23:05:50,736 [INFO]       Address:          1 Dereham Way, Wigan, England, WN3 6HX
2026-09-25 23:05:52,940 [INFO] [ 42/50] Scraping: UNILABAID CIC (Co #13027503)
2026-09-25 23:05:54,343 [INFO]       Appointed Officer: ITUMOH, Martin, Dr (Director)
2026-09-25 23:05:54,343 [INFO]       Address:          Unit 19 Bar Lane Industrial Estate, Basford, Nottingham, Nottinghamshire, United Kingdom, NG6 0JA
2026-09-25 23:05:56,549 [INFO] [ 43/50] Scraping: THE EMPORIUM (LOUGHBOROUGH) CIC (Co #13027275)
2026-09-25 23:05:58,000 [INFO]       Appointed Officer: BAGLEY, Jemma Louise (Director)
2026-09-25 23:05:58,000 [INFO]       Address:          C/O Loughborough Wellbeing Centre Ground Floor, Asha House, 63 Woodgate, Loughborough, Leicestershire, United Kingdom, LE11 2TZ
2026-09-25 23:06:00,205 [INFO] [ 44/50] Scraping: OFF 2 THE MOON CIC (Co #13027215)
2026-09-25 23:06:01,550 [INFO]       Appointed Officer: BOYLE, Hollie Samantha (Director)
2026-09-25 23:06:01,550 [INFO]       Address:          5 Laburnum Drive, Barnstaple, Devon, United Kingdom, EX32 8PX
2026-09-25 23:06:03,750 [INFO] [ 45/50] Scraping: GUIDE IN GRIEF C.I.C. (Co #13032519)
2026-09-25 23:06:05,130 [INFO]       Appointed Officer: STERRY, Clive Mark (Director)
2026-09-25 23:06:05,130 [INFO]       Address:          5 London Road, River, Dover, England, CT17 0SF
2026-09-25 23:06:07,332 [INFO] [ 46/50] Scraping: WOMENIN-CONSTRUCTION UK CIC (Co #13034978)
2026-09-25 23:06:08,738 [INFO]       Appointed Officer: MAY, Heidi Sarah (Director)
2026-09-25 23:06:08,738 [INFO]       Address:          18 Fairy Grove, Killay, Swansea, Wales, SA2 7BY
2026-09-25 23:06:10,954 [INFO] [ 47/50] Scraping: GETTING IT RIGHT CIC (Co #13034177)
2026-09-25 23:06:12,320 [INFO]       Appointed Officer: SAMUELS, Adrian (Director)
2026-09-25 23:06:12,320 [INFO]       Address:          48 The Crescent, New Malden, England, KT3 3LH
2026-09-25 23:06:14,526 [INFO] [ 48/50] Scraping: TSILI'S KITCHEN CIC (Co #13035546)
2026-09-25 23:06:15,938 [INFO]       Appointed Officer: MLAMBO, Matsiliso (Director)
2026-09-25 23:06:15,938 [INFO]       Address:          8 Eldon Street, Leicester, England, LE1 3QL
2026-09-25 23:06:18,148 [INFO] [ 49/50] Scraping: THE IAL COLLABORATIVE COMMUNITY INTEREST COMPANY (Co #13037926)
2026-09-25 23:06:19,650 [INFO]       Appointed Officer: CHAMBERLAIN, Andrew (Secretary)
2026-09-25 23:06:19,650 [INFO]       Address:          11 Mallard Close, Romsey, England, SO51 7DD
2026-09-25 23:06:21,869 [INFO] [ 50/50] Scraping: THE OP59 PROJECT C.I.C. (Co #13038705)
2026-09-25 23:06:23,376 [INFO]       Appointed Officer: BIRCHALL, Robert William (Director)
2026-09-25 23:06:23,376 [INFO]       Address:          9 Croft Road, Chalfont St. Peter, Gerrards Cross, England, SL9 9AE
2026-09-25 23:06:25,589 [INFO] ================================================================================
2026-09-25 23:06:25,589 [INFO] BATCH FINISHED: Processed 50 companies in 158.4s.
2026-09-25 23:06:25,589 [INFO] Total Cumulative Enriched: 382 companies.
2026-09-25 23:06:25,589 [INFO] Updated CSV: enriched_uk_companies.csv
2026-09-25 23:06:25,589 [INFO] Updated Log: scraper.log
2026-09-25 23:06:25,589 [INFO] ================================================================================
2026-09-26 03:26:47,617 [INFO] ================================================================================
2026-09-26 03:26:47,617 [INFO] STARTING PRODUCTION UK COMPANIES HOUSE CONTACT SCRAPER
2026-09-26 03:26:47,617 [INFO] ================================================================================
2026-09-26 03:26:47,617 [INFO] Input Dataset:  Companies-House-search-results.csv
2026-09-26 03:26:47,617 [INFO] Output Dataset: enriched_uk_companies.csv
2026-09-26 03:26:47,617 [INFO] Batch Size:     50
2026-09-26 03:26:47,619 [INFO] Already processed in previous runs: 382 companies
2026-09-26 03:26:47,643 [INFO] Total remaining companies to scrape: 4618
2026-09-26 03:26:47,643 [INFO] Processing next batch of 50 companies...

2026-09-26 03:26:47,643 [INFO] [  1/50] Scraping: THE RUDO MASAWI C.I.C. (Co #13038676)
2026-09-26 03:26:49,315 [INFO]       Appointed Officer: MASAWI, Rudo Rachael (Director)
2026-09-26 03:26:49,315 [INFO]       Address:          19 Faraday Avenue, Tuxford, Newark, England, NG22 0HT
2026-09-26 03:26:52,157 [INFO]    [EMAIL]   contact@pappers.co.uk
2026-09-26 03:26:52,157 [INFO]    [WEBSITE] https://www.pappers.co.uk/company/the-rudo-masawi-cic-13038676
2026-09-26 03:26:53,158 [INFO] [  2/50] Scraping: INTERVENTION SUPPORT SERVICES CIC (Co #13040241)
2026-09-26 03:26:54,749 [INFO]       Appointed Officer: CRAWFORD, Emma Louise (Director)
2026-09-26 03:26:54,749 [INFO]       Address:          141 Bournes Hill, Halesowen, England, B63 4EB
2026-09-26 03:26:55,905 [INFO] [  3/50] Scraping: CENTRE FOR STRATEGIC RESEARCH AND ANALYSIS CIC (Co #13040186)
2026-09-26 03:26:57,496 [INFO]       Appointed Officer: TUFEKCI, Ozgur, Professor (Director)
2026-09-26 03:26:57,496 [INFO]       Address:          Tower Court Business Centre, Oakdale Road, York, England, YO30 4XL
2026-09-26 03:26:58,598 [INFO] [  4/50] Scraping: AXMINSTER COMPUTER CLINIC COMMUNITY INTEREST COMPANY (Co #13041986)
2026-09-26 03:27:00,206 [INFO]       Appointed Officer: KINCH, Paul Anthony (Director)
2026-09-26 03:27:00,206 [INFO]       Address:          Hanover House, Chard Street, Axminster, England, EX13 5DZ
2026-09-26 03:27:01,319 [INFO] [  5/50] Scraping: MRU CENTRE FOR DISTRIBUTIVE TRADE CIC (Co #13042982)
2026-09-26 03:27:02,940 [INFO]       Appointed Officer: BANGURA, Tina (Director)
2026-09-26 03:27:02,941 [INFO]       Address:          Flat 65 Comber House, Comber Grove, London, England, SE5 0LL
2026-09-26 03:27:04,028 [INFO] [  6/50] Scraping: RSL TRANSITIONS C.I.C. (Co #13043187)
2026-09-26 03:27:05,581 [INFO]       Appointed Officer: SIMPSON, Claudia Simone (Director)
2026-09-26 03:27:05,581 [INFO]       Address:          Portland House 431 Chester Road, Old Trafford, Manchester, Lancashire, United Kingdom, M16 9HA
2026-09-26 03:27:06,808 [INFO] [  7/50] Scraping: UMYWEB CIC (Co #13042004)
2026-09-26 03:27:08,441 [INFO]       Appointed Officer: AJAIB, Umran (Director)
2026-09-26 03:27:08,441 [INFO]       Address:          Apartment 120 The Velvet Mill, Lilycroft Road, Bradford, England, BD9 5BQ
2026-09-26 03:27:09,565 [INFO] [  8/50] Scraping: AS ONE COUNSELLING & HOLISTIC HEALING CIC (Co #13044856)
2026-09-26 03:27:11,127 [INFO]       Appointed Officer: TURNER, Sarah Ann (Director)
2026-09-26 03:27:11,127 [INFO]       Address:          48 Prince Of Wales Road, Norwich, Norfolk, United Kingdom, NR1 1LL
2026-09-26 03:27:12,272 [INFO] [  9/50] Scraping: DSK ENTERPRISE C.I.C. (Co #13045128)
2026-09-26 03:27:13,799 [INFO]       Appointed Officer: DHAKAL, Drishya (Director)
2026-09-26 03:27:13,799 [INFO]       Address:          70 Braund Avenue, Greenford, England, UB6 9JL
2026-09-26 03:27:14,903 [INFO] [ 10/50] Scraping: BMP PERFORMANCE CIC (Co #13046282)
2026-09-26 03:27:16,605 [INFO]       Appointed Officer: MORRIS, Miguel (Director)
2026-09-26 03:27:16,606 [INFO]       Address:          10 Paul Pursehouse Paul Pursehouse Road, Bilston, England, WV14 0SE
2026-09-26 03:27:17,706 [INFO] [ 11/50] Scraping: MENUNITED4CHANGE CIC (Co #13046556)
2026-09-26 03:27:19,295 [INFO]       Appointed Officer: FOX, Najee Najaar (Director)
2026-09-26 03:27:19,295 [INFO]       Address:          26 Hartley Close, Stone, England, ST15 0WB
2026-09-26 03:27:20,389 [INFO] [ 12/50] Scraping: WESTHAY GROUP CIC (Co #13046557)
2026-09-26 03:27:21,946 [INFO]       Appointed Officer: PULLINGER, Jonathan David (Director)
2026-09-26 03:27:21,946 [INFO]       Address:          1 Ludford Close, Croydon, England, CR0 4BY
2026-09-26 03:27:23,039 [INFO] [ 13/50] Scraping: DIRECTIONAL TRAINING AND YOUTH SERVICES CIC (Co #13048679)
2026-09-26 03:27:24,691 [INFO]       Appointed Officer: HALL, Jermaine (Director)
2026-09-26 03:27:24,691 [INFO]       Address:          Apartment 15 The Academy, Holly Street, Luton, England, LU1 3DD
2026-09-26 03:27:25,828 [INFO] [ 14/50] Scraping: KARDIA SPORTS CIC (Co #13048462)
2026-09-26 03:27:27,531 [INFO]       Appointed Officer: HOOPER, Olivia Elizabeth (Director)
2026-09-26 03:27:27,531 [INFO]       Address:          14 South Street, Lytham St. Annes, England, FY8 5AF
2026-09-26 03:27:28,622 [INFO] [ 15/50] Scraping: INDIGO COMMUNITY CIC (Co #13049472)
2026-09-26 03:27:30,121 [INFO]       Appointed Officer: FARIA, Kareem Jamal (Director)
2026-09-26 03:27:30,121 [INFO]       Address:          10 Nelson Close, Croydon, England, CR0 3SU
2026-09-26 03:27:31,214 [INFO] [ 16/50] Scraping: NEUROKAY CIC (Co #13050701)
2026-09-26 03:27:32,927 [INFO]       Appointed Officer: BLANEY-WOMBWELL, Alison (Director)
2026-09-26 03:27:32,927 [INFO]       Address:          6 Chandlers Close, The Marina, Hartlepool, England, TS24 0XL
2026-09-26 03:27:34,028 [INFO] [ 17/50] Scraping: PTSD PROJECT UK-VETERANS IN CRISIS CIC (Co #13051754)
2026-09-26 03:27:35,677 [INFO]       Appointed Officer: EDWARDS, Jonathan (Secretary)
2026-09-26 03:27:35,677 [INFO]       Address:          Blackthorn House, Mary Ann Street, Birmingham, England, B3 1RL
2026-09-26 03:27:36,762 [INFO] [ 18/50] Scraping: FACTORY OF WONDER CIC (Co #13053554)
2026-09-26 03:27:38,262 [INFO]       Appointed Officer: KHOURI, Carolina (Director)
2026-09-26 03:27:38,262 [INFO]       Address:          1 Overbury Road, London, England, N15 6RH
2026-09-26 03:27:39,351 [INFO] [ 19/50] Scraping: WE ARE FORMLESS CIC (Co #13068125)
2026-09-26 03:27:40,998 [INFO]       Appointed Officer: LAWES, Shannon Rae (Secretary)
2026-09-26 03:27:40,998 [INFO]       Address:          64 Nile Street, London, England, N1 7SR
2026-09-26 03:27:42,130 [INFO] [ 20/50] Scraping: CHURCH FARM HERITAGE PROJECT COMMUNITY INTEREST COMPANY (Co #13068462)
2026-09-26 03:27:43,715 [INFO]       Appointed Officer: WARREN-GREEN, Christopher (Director)
2026-09-26 03:27:43,715 [INFO]       Address:          Concorde House, Grenville Place, London, England, NW7 3SA
2026-09-26 03:27:44,817 [INFO] [ 21/50] Scraping: NATURE FIX CIC (Co #13070377)
2026-09-26 03:27:46,523 [INFO]       Appointed Officer: COCKMAN, Victoria Louise (Director)
2026-09-26 03:27:46,523 [INFO]       Address:          162 Albion Road, London, England, N16 9JS
2026-09-26 03:27:47,616 [INFO] [ 22/50] Scraping: MIDLANDS PRACTICAL SPORTS CLUB C.I.C. (Co #13070534)
2026-09-26 03:27:49,287 [INFO]       Appointed Officer: CLARKE, Jason (Director)
2026-09-26 03:27:49,287 [INFO]       Address:          1 Stoney Hill Close, Bromsgrove, England, B60 2LY
2026-09-26 03:27:50,408 [INFO] [ 23/50] Scraping: SOUTH WALES CHINESE SCHOOL CIC (Co #13070071)
2026-09-26 03:27:51,952 [INFO]       Appointed Officer: CHAN, Kit Yee (Director)
2026-09-26 03:27:51,952 [INFO]       Address:          5 Maes-Y-Deri, Graigwen, Pontypridd, Wales, CF37 2JA
2026-09-26 03:27:53,044 [INFO] [ 24/50] Scraping: PARENT POVERTY C.I.C. (Co #13068766)
2026-09-26 03:27:54,593 [INFO]       Appointed Officer: SALVATO, Nichola (Director)
2026-09-26 03:27:54,593 [INFO]       Address:          24 Newham Close, Steyning, England, BN44 3ND
2026-09-26 03:27:55,716 [INFO] [ 25/50] Scraping: KEMERTON EARLY YEARS & FOREST SCHOOL C.I.C (Co #6930959)
2026-09-26 03:27:57,424 [INFO]       Appointed Officer: ALDRIDGE, Lisette Isabella Helen (Secretary)
2026-09-26 03:27:57,424 [INFO]       Address:          4 Waterloo Way, Bredon, Tewkesbury, Gloucestershire, GL20 7UA
2026-09-26 03:27:58,519 [INFO] [ 26/50] Scraping: MINDFUL NE COMMUNITY INTEREST COMPANY (Co #6928498)
2026-09-26 03:28:00,236 [INFO]       Appointed Officer: KANE-FIDGEON, Leanda Mary (Secretary)
2026-09-26 03:28:00,236 [INFO]       Address:          24 Yarm Road, Stockton-On-Tees, Cleveland, TS18 3NA
2026-09-26 03:28:01,350 [INFO] [ 27/50] Scraping: LISTED THEATRE COMMUNITY INTEREST COMPANY (Co #6944869)
2026-09-26 03:28:03,114 [INFO]       Appointed Officer: MANLEY, Jessica Rachel (Director)
2026-09-26 03:28:03,114 [INFO]       Address:          17 Garnett Street, Hebden Bridge, England, HX7 6AL
2026-09-26 03:28:04,696 [INFO] [ 28/50] Scraping: BRIXTON MARKET TRADERS' FEDERATION COMMUNITY INTEREST COMPANY (Co #6955281)
2026-09-26 03:28:06,518 [INFO]       Appointed Officer: FOSTER, Robert (Secretary)
2026-09-26 03:28:06,518 [INFO]       Address:          31 Beech House Ainsty Estate, London, SE16 7DQ
2026-09-26 03:28:08,600 [INFO] [ 29/50] Scraping: BRILLIANT BRAINS PARTNERSHIP COMMUNITY INTEREST COMPANY (Co #6972608)
2026-09-26 03:28:10,088 [INFO]       Appointed Officer: MORRISON, Neena (Secretary)
2026-09-26 03:28:10,089 [INFO]       Address:          118 Northleigh Road, Ward End, Birmingham, B8 2QL
2026-09-26 03:28:12,161 [INFO] [ 30/50] Scraping: POSITIVE INPACT COMMUNITY INTEREST COMPANY (Co #6987535)
2026-09-26 03:28:13,899 [INFO]       Appointed Officer: TAPPER, Maria (Director)
2026-09-26 03:28:13,899 [INFO]       Address:          86 New Road, Rednal, Birmingham, B45 9HY
2026-09-26 03:28:15,972 [INFO] [ 31/50] Scraping: VIOLET 'ROSE' MOON CIC (Co #7001694)
2026-09-26 03:28:17,690 [INFO]       Appointed Officer: BROWN, Maureen (Director)
2026-09-26 03:28:17,690 [INFO]       Address:          31 Grove Road, Thornton Heath 31, Grove Road, Thornton Heath, England, CR7 6HN
2026-09-26 03:28:19,766 [INFO] [ 32/50] Scraping: THE COMMUNITY POOL C.I.C. (Co #7376915)
2026-09-26 03:28:21,500 [INFO]       Appointed Officer: TEMPEST, Alistair Mark (Secretary)
2026-09-26 03:28:21,500 [INFO]       Address:          15 Church Path, London, Greater London, E17 9RQ
2026-09-26 03:28:23,582 [INFO] [ 33/50] Scraping: SPIRAL HEALTH C.I.C. (Co #7393181)
2026-09-26 03:28:25,362 [INFO]       Appointed Officer: BUSH, Tracey Christine (Director)
2026-09-26 03:28:25,362 [INFO]       Address:          Regency House, 45-53 Chorley New Road, Bolton, BL1 4QR
2026-09-26 03:28:27,437 [INFO] [ 34/50] Scraping: TRADE4LIFE COMMUNITY INTEREST COMPANY (Co #7422637)
2026-09-26 03:28:29,153 [INFO]       Appointed Officer: GREGSON, Stephen Neil, Dr (Secretary)
2026-09-26 03:28:29,153 [INFO]       Address:          30 Carlton Road, Sidcup, Kent, DA14 6AH
2026-09-26 03:28:31,232 [INFO] [ 35/50] Scraping: CORPORATE SR CIC (Co #7430390)
2026-09-26 03:28:32,780 [INFO]       Appointed Officer: THOMPSON, Hugh Byron (Director)
2026-09-26 03:28:32,781 [INFO]       Address:          15 Queen Square, Leeds, West Yorkshire, England, LS2 8AJ
2026-09-26 03:28:34,855 [INFO] [ 36/50] Scraping: STANLEY DAY NURSERY C.I.C. (Co #7432997)
2026-09-26 03:28:36,502 [INFO]       Appointed Officer: SCHOFIELD, Christopher John (Secretary)
2026-09-26 03:28:36,502 [INFO]       Address:          47a Manorfield Drive, Horbury, Wakefield, England, WF4 6JY
2026-09-26 03:28:38,572 [INFO] [ 37/50] Scraping: CHILTERN VALE HEALTH CIC (Co #7442847)
2026-09-26 03:28:40,317 [INFO]       Appointed Officer: CONDELL, Chantal (Director)
2026-09-26 03:28:40,317 [INFO]       Address:          Caddington Surgery 33 Manor Road, Caddington, Luton, England, LU1 4EE
2026-09-26 03:28:42,390 [INFO] [ 38/50] Scraping: INVOLVING FAMILIES COMMUNITY INTEREST COMPANY (Co #7463132)
2026-09-26 03:28:44,075 [INFO]       Appointed Officer: DALYRIMPLE, Jane, Dr (Director)
2026-09-26 03:28:44,075 [INFO]       Address:          Parella House, 9 Brunswick Street, Bath, Avon, BA1 6PQ
2026-09-26 03:28:46,151 [INFO] [ 39/50] Scraping: CEN8 COMMUNITY INTEREST COMPANY (Co #7465568)
2026-09-26 03:28:47,671 [INFO]       Appointed Officer: BREINBURG, Kenneth (Director)
2026-09-26 03:28:47,672 [INFO]       Address:          42 Southcourt Avenue, Leighton Buzzard, Bedfordshire, LU7 2QD
2026-09-26 03:28:49,748 [INFO] [ 40/50] Scraping: CHAGFOOD COMMUNITY INTEREST COMPANY (Co #7467468)
2026-09-26 03:28:51,495 [INFO]       Appointed Officer: FREND, Ysanne Mary (Director)
2026-09-26 03:28:51,495 [INFO]       Address:          PROPER JOB, Crannafords Chagford, Newton Abbot, Devon, TQ13 8DR
2026-09-26 03:28:53,570 [INFO] [ 41/50] Scraping: BLAZE FM - COMMUNITY INTERNET RADIO C.I.C. (Co #7487586)
2026-09-26 03:28:55,300 [INFO]       Appointed Officer: BEATON, Andrew John (Director)
2026-09-26 03:28:55,300 [INFO]       Address:          15 Woodward Drive, Warwick, England, CV34 7BZ
2026-09-26 03:28:57,378 [INFO] [ 42/50] Scraping: NORTH EAST DARTMOOR COMMUNITY LAND TRUST C.I.C. (Co #7503864)
2026-09-26 03:28:59,195 [INFO]       Appointed Officer: WILLIS, John Howard (Secretary)
2026-09-26 03:28:59,195 [INFO]       Address:          Green Hill Fore Street, Moretonhampstead, Newton Abbot, Devon, TQ13 8LL
2026-09-26 03:29:01,270 [INFO] [ 43/50] Scraping: ONE TO ONE DIRECT SUPPORT CIC (Co #7224153)
2026-09-26 03:29:02,839 [INFO]       Appointed Officer: ALLMARK, Robert John (Director)
2026-09-26 03:29:02,839 [INFO]       Address:          17 Parkfield Avenue Parkfield Avenue, 17, Bootle, England, L30 1PG
2026-09-26 03:29:04,915 [INFO] [ 44/50] Scraping: BE FESTIVAL C.I.C. (Co #7264409)
2026-09-26 03:29:06,650 [INFO]       Appointed Officer: NEWMAN, Sadie Emma (Secretary)
2026-09-26 03:29:06,650 [INFO]       Address:          23 Willows Road, Walsall, England, WS1 2DR
2026-09-26 03:29:08,728 [INFO] [ 45/50] Scraping: WRITE HERE WRITE NOW C.I.C. (Co #7277541)
2026-09-26 03:29:10,469 [INFO]       Appointed Officer: CRATHORNE, David (Director)
2026-09-26 03:29:10,469 [INFO]       Address:          19 Sandway Grove, Birmingham, England, B13 0HU
2026-09-26 03:29:12,552 [INFO] [ 46/50] Scraping: LITTLE LEINTWARDINE NURSERY CIC (Co #7277497)
2026-09-26 03:29:14,448 [INFO]       Appointed Officer: CHILVERS, Sheila (Director)
2026-09-26 03:29:14,448 [INFO]       Address:          9 Hockley Court, Hockley Heath, Solihull No 9 Hockley Court, Hockley Heath, Solihull, England, B94 6NW
2026-09-26 03:29:16,527 [INFO] [ 47/50] Scraping: OFF THE PAGE DRAMA C.I.C. (Co #7325115)
2026-09-26 03:29:18,231 [INFO]       Appointed Officer: CASTLING, Christina Kay (Secretary)
2026-09-26 03:29:18,231 [INFO]       Address:          12 Ormesby Way, Spennymoor, County Durham, England, DL16 7FN
2026-09-26 03:29:20,304 [INFO] [ 48/50] Scraping: STEP BY STEP COMMUNITY CHILDCARE SERVICES CIC (Co #7340509)
2026-09-26 03:29:21,848 [INFO]       Appointed Officer: ALLEN, Donna Marie (Director)
2026-09-26 03:29:21,848 [INFO]       Address:          26 C/O 26a Dean Road, Willesden Green, London, NW2 5AE
2026-09-26 03:29:23,937 [INFO] [ 49/50] Scraping: ADVANCE PERSONAL SUPPORT SERVICES CIC (Co #7765077)
2026-09-26 03:29:25,606 [INFO]       Appointed Officer: CLARK, Laurence Antony (Director)
2026-09-26 03:29:25,606 [INFO]       Address:          375 Eaton Road West Derby, Liverpool, Merseyside, England, L12 2AH
2026-09-26 03:29:27,683 [INFO] [ 50/50] Scraping: CHURCH STRETTON AREA COMMUNITY INTEREST COMPANY (Co #7769185)
2026-09-26 03:29:29,436 [INFO]       Appointed Officer: CHAPMAN, Lee (Director)
2026-09-26 03:29:29,436 [INFO]       Address:          60 High Street, Church Stretton, Shropshire, SY6 6BY
2026-09-26 03:29:31,518 [INFO] ================================================================================
2026-09-26 03:29:31,518 [INFO] BATCH FINISHED: Processed 50 companies in 163.9s.
2026-09-26 03:29:31,518 [INFO] Total Cumulative Enriched: 432 companies.
2026-09-26 03:29:31,518 [INFO] Updated CSV: enriched_uk_companies.csv
2026-09-26 03:29:31,518 [INFO] Updated Log: scraper.log
2026-09-26 03:29:31,518 [INFO] ================================================================================
2026-09-26 09:04:42,696 [INFO] ================================================================================
2026-09-26 09:04:42,696 [INFO] STARTING PRODUCTION UK COMPANIES HOUSE CONTACT SCRAPER
2026-09-26 09:04:42,696 [INFO] ================================================================================
2026-09-26 09:04:42,696 [INFO] Input Dataset:  Companies-House-search-results.csv
2026-09-26 09:04:42,696 [INFO] Output Dataset: enriched_uk_companies.csv
2026-09-26 09:04:42,696 [INFO] Batch Size:     50
2026-09-26 09:04:42,698 [INFO] Already processed in previous runs: 432 companies
2026-09-26 09:04:42,721 [INFO] Total remaining companies to scrape: 4568
2026-09-26 09:04:42,721 [INFO] Processing next batch of 50 companies...

2026-09-26 09:04:42,721 [INFO] [  1/50] Scraping: SUCCESS LOOKS LIKE YOU CIC (Co #7778090)
2026-09-26 09:04:44,525 [INFO]       Appointed Officer: BANKOLE, Adeyinka (Director)
2026-09-26 09:04:44,525 [INFO]       Address:          Flat 8 48 Coram Street, London, England, WC1N 1HE
2026-09-26 09:04:49,078 [INFO]    [PHONE]   07941 690391
2026-09-26 09:04:49,078 [INFO]    [EMAIL]   info@blog.davecordle.co.uk
2026-09-26 09:04:49,078 [INFO]    [WEBSITE] https://blog.davecordle.co.uk/what-does-success-look-like-to-you-exploring-personal-definitions-of-success
2026-09-26 09:04:50,078 [INFO] [  2/50] Scraping: JUDE THEATRE COMPANY CIC (Co #7782990)
2026-09-26 09:04:51,814 [INFO]       Appointed Officer: MACKAY, Stuart (Secretary)
2026-09-26 09:04:51,814 [INFO]       Address:          13 Gowy Close, Sandbach, England, CW11 1YF
2026-09-26 09:04:53,086 [INFO] [  3/50] Scraping: LITTLE SPROUTS CATERING COMMUNITY INTEREST COMPANY (Co #7803031)
2026-09-26 09:04:54,819 [INFO]       Appointed Officer: FIXTER, Debra (Director)
2026-09-26 09:04:54,819 [INFO]       Address:          Mrs D Fixter, 4 Winpenny Close, Yarm, Cleveland, TS15 9XG
2026-09-26 09:04:56,104 [INFO] [  4/50] Scraping: THE ASHLIE PROJECT C.I.C. (Co #7092725)
2026-09-26 09:04:57,701 [INFO]       Appointed Officer: PARKES, Jacqueline Amanda (Director)
2026-09-26 09:04:57,701 [INFO]       Address:          5a Signal Walk, Highams Park, London, England, E4 9BW
2026-09-26 09:04:58,957 [INFO] [  5/50] Scraping: THE FLUENT SELF C.I.C (Co #7096075)
2026-09-26 09:05:00,715 [INFO]       Appointed Officer: JACKSON, Elizabeth Ann (Secretary)
2026-09-26 09:05:00,716 [INFO]       Address:          Fysshers Croft, Church Green, Burford, England, OX18 4RY
2026-09-26 09:05:02,017 [INFO] [  6/50] Scraping: JIDCUK CIC (Co #7100253)
2026-09-26 09:05:03,683 [INFO]       Appointed Officer: LANGRIDGE, Gemma, Dr (Director)
2026-09-26 09:05:03,683 [INFO]       Address:          7 Ditton Green, Woodditton, Newmarket, Suffolk, England, CB8 9SH
2026-09-26 09:05:04,943 [INFO] [  7/50] Scraping: CART SHED ENTERPRISES CIC (Co #7106133)
2026-09-26 09:05:06,676 [INFO]       Appointed Officer: CAVE-BROWNE-CAVE, Katharine Elizabeth Sophia (Director)
2026-09-26 09:05:06,676 [INFO]       Address:          Devereux Wootton Farm, Norton Canon, Hereford, Herefordshire, HR4 8QN
2026-09-26 09:05:07,937 [INFO] [  8/50] Scraping: CANTILUPE PROJECTS CIC (Co #7114249)
2026-09-26 09:05:09,615 [INFO]       Appointed Officer: BRANCZIK, Richard Anthony (Director)
2026-09-26 09:05:09,615 [INFO]       Address:          8 Bodenham Road, Hereford, England, HR1 2TS
2026-09-26 09:05:10,936 [INFO] [  9/50] Scraping: ON FOCUS COMMUNITY INTEREST COMPANY (Co #7138293)
2026-09-26 09:05:12,653 [INFO]       Appointed Officer: ROBINSON, Mark, Dr (Director)
2026-09-26 09:05:12,653 [INFO]       Address:          24 Dalton Avenue, Whitefield, Manchester, M45 6DF
2026-09-26 09:05:13,909 [INFO] [ 10/50] Scraping: HEALTHEQUALITY COMMUNITY INTEREST COMPANY (Co #7176300)
2026-09-26 09:05:15,690 [INFO]       Appointed Officer: MACRAE, Donald Christopher (Director)
2026-09-26 09:05:15,690 [INFO]       Address:          Suite 15800 20-22 Wenlock Road, London, United Kingdom, N1 7GU
2026-09-26 09:05:16,964 [INFO] [ 11/50] Scraping: LONDON EAST HEALTH CIC (Co #7175897)
2026-09-26 09:05:18,693 [INFO]       Appointed Officer: MACRAE, Donald Christopher (Director)
2026-09-26 09:05:18,693 [INFO]       Address:          Suite 15800 20-22 Wenlock Road, London, N1 7GU
2026-09-26 09:05:19,989 [INFO] [ 12/50] Scraping: KOTUKU COMMUNITY INTEREST COMPANY (Co #7196377)
2026-09-26 09:05:21,732 [INFO]       Appointed Officer: PEARS, Andrew Roger (Secretary)
2026-09-26 09:05:21,732 [INFO]       Address:          22 Addison Grove, London, England, W4 1ER
2026-09-26 09:05:23,006 [INFO] [ 13/50] Scraping: NXG GROUP C.I.C. (Co #7199599)
2026-09-26 09:05:24,732 [INFO]       Appointed Officer: KOSMAS, Michael Takudzwa (Director)
2026-09-26 09:05:24,732 [INFO]       Address:          Alpha House, 100 Borough High Street, London, England, SE1 1LB
2026-09-26 09:05:25,986 [INFO] [ 14/50] Scraping: COMMUNITIES FOOD COMMUNITY INTEREST COMPANY (Co #7512872)
2026-09-26 09:05:27,710 [INFO]       Appointed Officer: ADAMS, Carl Paul (Director)
2026-09-26 09:05:27,711 [INFO]       Address:          134 London Road, Southborough, Tunbridge Wells, Kent, England, TN4 0PL
2026-09-26 09:05:28,979 [INFO] [ 15/50] Scraping: THE BRINK CAFE C.I.C. (Co #7533303)
2026-09-26 09:05:30,719 [INFO]       Appointed Officer: CORNER, Cherry Eleanor (Secretary)
2026-09-26 09:05:30,720 [INFO]       Address:          Head Office, East Knoyle, Salisbury, Wiltshire, SP3 6BE
2026-09-26 09:05:31,975 [INFO] [ 16/50] Scraping: CYCLING INSTRUCTOR COMMUNITY CIC (Co #7534883)
2026-09-26 09:05:33,700 [INFO]       Appointed Officer: POOLE, Michael Thomas (Director)
2026-09-26 09:05:33,701 [INFO]       Address:          74 Munster Road, Fulham, London, SW6 4EP
2026-09-26 09:05:34,962 [INFO] [ 17/50] Scraping: SUNNYHILL HEALTHCARE C.I.C. (Co #7539169)
2026-09-26 09:05:36,716 [INFO]       Appointed Officer: PILSWORTH, Kelly Louise (Director)
2026-09-26 09:05:36,716 [INFO]       Address:          Arlesey Medical Centre, The High Street, Arlesey, Bedfordshire, SG15 6SN
2026-09-26 09:05:37,985 [INFO] [ 18/50] Scraping: BUY FOR GOOD CIC (Co #7548143)
2026-09-26 09:05:39,743 [INFO]       Appointed Officer: MARSHALL, Karen Ann (Secretary)
2026-09-26 09:05:39,743 [INFO]       Address:          100 Hatherton Street, Walsall, WS1 1AB
2026-09-26 09:05:40,993 [INFO] [ 19/50] Scraping: DISCOVER VOLUNTEERING CIC (Co #7553641)
2026-09-26 09:05:42,551 [INFO]       Appointed Officer: BUSHBY, Christopher James (Director)
2026-09-26 09:05:42,552 [INFO]       Address:          10a High Street, Market Deeping, Peterborough, England, PE6 8EB
2026-09-26 09:05:43,814 [INFO] [ 20/50] Scraping: AIM2INSPIRE COMMUNITY INTEREST COMPANY (Co #7555636)
2026-09-26 09:05:45,592 [INFO]       Appointed Officer: MUNROE-MIGNOTT, Joycelin (Secretary)
2026-09-26 09:05:45,592 [INFO]       Address:          19 Craigmore Avenue, West Didsbury, Manchester, Lancashire, M20 2XL
2026-09-26 09:05:46,848 [INFO] [ 21/50] Scraping: EVESHAM ARTS ASSOCIATION (BOX OFFICE) CIC (Co #7609496)
2026-09-26 09:05:48,553 [INFO]       Appointed Officer: BLOOMFIELD, Christopher Thomas (Director)
2026-09-26 09:05:48,553 [INFO]       Address:          14 Woodpecker Walk, Walton Cardiff, Tewkesbury, England, GL20 7TY
2026-09-26 09:05:49,811 [INFO] [ 22/50] Scraping: RELATIVE STRENGTH C.I.C. (Co #7616472)
2026-09-26 09:05:51,527 [INFO]       Appointed Officer: DOWNING, Jain Suzanne (Director)
2026-09-26 09:05:51,527 [INFO]       Address:          8 Union Street, Welshpool, Powys, Wales, SY21 7PG
2026-09-26 09:05:52,791 [INFO] [ 23/50] Scraping: THE GUILD SOCIAL ECONOMY SERVICES C.I.C. (Co #7623432)
2026-09-26 09:05:54,519 [INFO]       Appointed Officer: BENDELL, Keith Richard (Secretary)
2026-09-26 09:05:54,519 [INFO]       Address:          8 Ward Crescent, Swanton Morley, Dereham, Norfolk, England, NR20 4PH
2026-09-26 09:05:55,780 [INFO] [ 24/50] Scraping: COMMUNITY REUSE AND TRAINING ESSEX CIC (Co #6842476)
2026-09-26 09:05:57,540 [INFO]       Appointed Officer: PENN, Mark Andrew (Director)
2026-09-26 09:05:57,540 [INFO]       Address:          24 High Street, Community Furniture & Electrical Shop, Clacton-On-Sea, England, CO15 1NR
2026-09-26 09:05:58,802 [INFO] [ 25/50] Scraping: DARTMOOR CENTRE FOR COUNSELLING AND PSYCHOTHERAPY COMMUNITY INTEREST COMPANY (Co #6846069)
2026-09-26 09:06:00,545 [INFO]       Appointed Officer: GANDY, Susan Ann (Secretary)
2026-09-26 09:06:00,545 [INFO]       Address:          28 Mount Pleasant Road, Newton Abbot, Devon, TQ12 1AS
2026-09-26 09:06:01,812 [INFO] [ 26/50] Scraping: FIT FOOD FIT LIFE COMMUNITY INTEREST COMPANY (Co #6844627)
2026-09-26 09:06:03,564 [INFO]       Appointed Officer: VARMA, Kailash Chand (Secretary)
2026-09-26 09:06:03,565 [INFO]       Address:          18 Elizabeth Road, Walsall, West Midlands, WS5 3PF
2026-09-26 09:06:04,820 [INFO] [ 27/50] Scraping: TRITONS SWIM SCHOOL COMMUNITY INTEREST COMPANY (Co #6856957)
2026-09-26 09:06:06,571 [INFO]       Appointed Officer: HAYES, Karen (Secretary)
2026-09-26 09:06:06,572 [INFO]       Address:          25 Moorgate, London, EC2R 6AY
2026-09-26 09:06:08,789 [INFO] [ 28/50] Scraping: TACTICAL SHOOTING SPORTS CLUB COMMUNITY INTEREST COMPANY (Co #6864338)
2026-09-26 09:06:10,564 [INFO]       Appointed Officer: JOHNSON, Jack (Director)
2026-09-26 09:06:10,564 [INFO]       Address:          Tithebarns Farm Tithebarns Lane, Send, Woking, Surrey, GU23 7LE
2026-09-26 09:06:12,759 [INFO] [ 29/50] Scraping: THE STAR FOUNDATION UK COMMUNITY INTEREST COMPANY (Co #6887287)
2026-09-26 09:06:14,497 [INFO]       Appointed Officer: WALSH, Elizabeth (Secretary)
2026-09-26 09:06:14,497 [INFO]       Address:          113 Church Road, Stretton, Burton-On-Trent, Staffordshire, DE13 0HF
2026-09-26 09:06:16,700 [INFO] [ 30/50] Scraping: YOUNG ADULTS MATTER NETWORKS C.I.C. (Co #7899710)
2026-09-26 09:06:18,474 [INFO]       Appointed Officer: BAILEY-BROWN, Kara (Director)
2026-09-26 09:06:18,474 [INFO]       Address:          109 Swan Street, Sileby, Loughborough, LE12 7NN
2026-09-26 09:06:20,674 [INFO] [ 31/50] Scraping: DIVERSE PEOPLE SOLUTIONS CIC (Co #7924560)
2026-09-26 09:06:22,234 [INFO]       Appointed Officer: GRACE, John Philip (Director)
2026-09-26 09:06:22,234 [INFO]       Address:          15 Green Lane North, Liverpool, L16 8NH
2026-09-26 09:06:24,455 [INFO] [ 32/50] Scraping: NORTH EAST SUPPORTED HOUSING CIC (Co #7926841)
2026-09-26 09:06:26,039 [INFO]       Appointed Officer: PAUL, John (Director)
2026-09-26 09:06:26,039 [INFO]       Address:          Easington Business Centre, Seaside Lane, Easington, County Durham, SR8 3LJ
2026-09-26 09:06:28,241 [INFO] [ 33/50] Scraping: THE WISDOM FACTORY CIC (Co #7948302)
2026-09-26 09:06:29,822 [INFO]       Appointed Officer: MOUNFIELD, Michael (Director)
2026-09-26 09:06:29,822 [INFO]       Address:          407 Jewellery Business Centre 95 Spencer Street, Birmingham, West Midlands, England, B18 6DA
2026-09-26 09:06:32,026 [INFO] [ 34/50] Scraping: CHICHESTER CITY CENTRE PARTNERSHIP CIC (Co #7961000)
2026-09-26 09:06:34,057 [INFO]       Appointed Officer: BROWN, Jeremy (Director)
2026-09-26 09:06:34,057 [INFO]       Address:          Cawley Priory, South Pallant, Chichester, West Sussex, United Kingdom, PO19 1SY
2026-09-26 09:06:36,258 [INFO] [ 35/50] Scraping: JST ENTERPRISES CIC (Co #7963982)
2026-09-26 09:06:37,835 [INFO]       Appointed Officer: STEVENS-TURNER, James, Dr (Director)
2026-09-26 09:06:37,835 [INFO]       Address:          96 96 Phipps Bridge Road, Merton, Surrey, United Kingdom, SW19 2ST
2026-09-26 09:06:40,044 [INFO] [ 36/50] Scraping: COEXIST COMMUNITY INTEREST COMPANY (Co #6671870)
2026-09-26 09:06:41,948 [INFO]       Appointed Officer: BALLA, Daniel (Director)
2026-09-26 09:06:41,948 [INFO]       Address:          3 The Courtyard Woodlands, Bradley Stoke, Bristol, BS32 4NQ
2026-09-26 09:06:44,147 [INFO] [ 37/50] Scraping: HOMEZONE RENEWABLES CIC (Co #6704262)
2026-09-26 09:06:45,719 [INFO]       Appointed Officer: MCKEON, Adrian John (Secretary)
2026-09-26 09:06:45,719 [INFO]       Address:          PO Box DEFAULT, 290 Moston Lane, Manchester, England, M40 9WB
2026-09-26 09:06:47,919 [INFO] [ 38/50] Scraping: ESINH COMMUNITY INTEREST COMPANY (Co #6724062)
2026-09-26 09:06:49,657 [INFO]       Appointed Officer: FLETCHER, Julie Margaret (Secretary)
2026-09-26 09:06:49,657 [INFO]       Address:          St John Vianney School, King Oswy Drive, Hartlepool, Cleveland, TS24 9PA
2026-09-26 09:06:51,856 [INFO] [ 39/50] Scraping: LITTLE GROWERS C.I.C (Co #6728683)
2026-09-26 09:06:53,625 [INFO]       Appointed Officer: RALPH-SMITH, Jason (Secretary)
2026-09-26 09:06:53,625 [INFO]       Address:          Unit 5 108 Hawley Lane, Farnborough, Hampshire, England, GU14 8JE
2026-09-26 09:06:55,827 [INFO] [ 40/50] Scraping: PLAN-IT EARTH ENVIRONMENTAL EDUCATION COMMUNITY INTEREST COMPANY (Co #6754768)
2026-09-26 09:06:57,590 [INFO]       Appointed Officer: ADAMS, Leonora Lucille Emma (Director)
2026-09-26 09:06:57,590 [INFO]       Address:          Chy Ena, Sancreed, Penzance, Cornwall, TR20 8QS
2026-09-26 09:06:59,793 [INFO] [ 41/50] Scraping: CULTURAL (CON)FUSION COMMUNITY INTEREST COMPANY (Co #6611691)
2026-09-26 09:07:01,503 [INFO]       Appointed Officer: BENDIXEN, Njaal Smelvaer, Mr. (Secretary)
2026-09-26 09:07:01,503 [INFO]       Address:          126 Hamilton Road, London, NW11 9EA
2026-09-26 09:07:03,708 [INFO] [ 42/50] Scraping: FOCUS ABILITY COMMUNITY INTEREST COMPANY (Co #6611732)
2026-09-26 09:07:05,454 [INFO]       Appointed Officer: DICKIE, Gavin Anthony (Director)
2026-09-26 09:07:05,454 [INFO]       Address:          26a Rake Industries, Canhouse Lane Rogate, Petersfield, Hampshire, GU31 5DU
2026-09-26 09:07:07,655 [INFO] [ 43/50] Scraping: THE LEARNING TO LISTEN COMMUNITY PARTNERSHIP C.I.C. (Co #6629810)
2026-09-26 09:07:09,366 [INFO]       Appointed Officer: RICHARDSON, Joanne Lynn (Director)
2026-09-26 09:07:09,366 [INFO]       Address:          The Calf House Easthall Farm, St Pauls Walden, Hitchin, England, SH4 8DJ
2026-09-26 09:07:11,568 [INFO] [ 44/50] Scraping: SLOUGH HEALTH CIC (Co #6675690)
2026-09-26 09:07:13,299 [INFO]       Appointed Officer: SADHRA, Kesar Singh, Dr (Secretary)
2026-09-26 09:07:13,299 [INFO]       Address:          Manor Park Medical Centre, 2 Lerwick Drive, Slough, SL1 3XU
2026-09-26 09:07:15,500 [INFO] [ 45/50] Scraping: BUMPS BABES AND BEYOND COMMUNITY INTEREST COMPANY (Co #6675836)
2026-09-26 09:07:17,230 [INFO]       Appointed Officer: WATSON, Emily (Secretary)
2026-09-26 09:07:17,231 [INFO]       Address:          53 10 Olantigh Court, Alpha Road, Birchington, Kent, England, CT7 9EH
2026-09-26 09:07:19,430 [INFO] [ 46/50] Scraping: ENTERPRISE HERTS COMMUNITY INTEREST COMPANY (Co #6678725)
2026-09-26 09:07:21,173 [INFO]       Appointed Officer: COLLINS, John (Secretary)
2026-09-26 09:07:21,173 [INFO]       Address:          The Castle, Hertford, Hertford, England, SG14 1HR
2026-09-26 09:07:23,383 [INFO] [ 47/50] Scraping: SUSTAINABLE BAKEWELL COMMUNITY INTEREST COMPANY (Co #6737757)
2026-09-26 09:07:25,117 [INFO]       Appointed Officer: ZAMOYSKI, Julia Anne (Secretary)
2026-09-26 09:07:25,117 [INFO]       Address:          18 The Fairway, Loansdean, Morpeth, Northumberland, England, NE61 2DW
2026-09-26 09:07:27,316 [INFO] [ 48/50] Scraping: START AGAIN PROJECT COMMUNITY INTEREST COMPANY (Co #6736387)
2026-09-26 09:07:29,064 [INFO]       Appointed Officer: PETERS, Mark Phillip (Secretary)
2026-09-26 09:07:29,064 [INFO]       Address:          1 Kings Avenue, Winchmore Hill, London, N21 3NA
2026-09-26 09:07:31,271 [INFO] [ 49/50] Scraping: COTTONFIELD FILMS COMMUNITY INTEREST COMPANY (Co #6746022)
2026-09-26 09:07:32,957 [INFO]       Appointed Officer: CLARKE, John Edward (Secretary)
2026-09-26 09:07:32,957 [INFO]       Address:          6 Acton Grove, Liverpool, England, L6 0DA
2026-09-26 09:07:35,160 [INFO] [ 50/50] Scraping: EUROPEAN NETWORK FOR INDIGENOUS AUSTRALIAN RIGHTS (ENIAR) COMMUNITY INTEREST COMPANY (Co #6744875)
2026-09-26 09:07:36,909 [INFO]       Appointed Officer: NOON, Colin (Secretary)
2026-09-26 09:07:36,909 [INFO]       Address:          Pentland, Farley Heath, Albury, Surrey, GU5 9EW
2026-09-26 09:07:39,118 [INFO] ================================================================================
2026-09-26 09:07:39,118 [INFO] BATCH FINISHED: Processed 50 companies in 176.4s.
2026-09-26 09:07:39,118 [INFO] Total Cumulative Enriched: 482 companies.
2026-09-26 09:07:39,118 [INFO] Updated CSV: enriched_uk_companies.csv
2026-09-26 09:07:39,118 [INFO] Updated Log: scraper.log
2026-09-26 09:07:39,118 [INFO] ================================================================================
2026-09-26 15:44:04,866 [INFO] ================================================================================
2026-09-26 15:44:04,866 [INFO] STARTING PRODUCTION UK COMPANIES HOUSE CONTACT SCRAPER
2026-09-26 15:44:04,866 [INFO] ================================================================================
2026-09-26 15:44:04,866 [INFO] Input Dataset:  Companies-House-search-results.csv
2026-09-26 15:44:04,866 [INFO] Output Dataset: enriched_uk_companies.csv
2026-09-26 15:44:04,866 [INFO] Batch Size:     50
2026-09-26 15:44:04,868 [INFO] Already processed in previous runs: 482 companies
2026-09-26 15:44:04,887 [INFO] Total remaining companies to scrape: 4518
2026-09-26 15:44:04,887 [INFO] Processing next batch of 50 companies...

2026-09-26 15:44:04,887 [INFO] [  1/50] Scraping: SAFFRON WALDEN COMMUNITY INTEREST COMPANY (Co #6753891)
2026-09-26 15:44:06,496 [INFO]       Appointed Officer: SCAMMELL, Suzanne Adelle (Secretary)
2026-09-26 15:44:06,496 [INFO]       Address:          Oaklands Barcham Road, Soham, Ely, England, CB7 5TU
2026-09-26 15:44:08,045 [INFO]    [EMAIL]   contact@britannica.com
2026-09-26 15:44:08,045 [INFO]    [WEBSITE] https://www.britannica.com/place/Saffron-Walden
2026-09-26 15:44:09,046 [INFO] [  2/50] Scraping: RADIO AFRIC-AYE CIC (Co #11272841)
2026-09-26 15:44:10,411 [INFO]       Appointed Officer: KALANGA, Emmy Emmahuella (Secretary)
2026-09-26 15:44:10,411 [INFO]       Address:          Commerce House, Bridgeman Place, Bolton, Lancashire, BL2 1DW
2026-09-26 15:44:11,609 [INFO] [  3/50] Scraping: YOSAFE CIC (Co #11296342)
2026-09-26 15:44:12,985 [INFO]       Appointed Officer: DERRICK, Stephen Andrew (Director)
2026-09-26 15:44:12,985 [INFO]       Address:          17 Roundhay Mount, Leeds, West Yorkshire, LS8 4DW
2026-09-26 15:44:14,079 [INFO] [  4/50] Scraping: FAMILY VISION COACHING CIC (Co #11297040)
2026-09-26 15:44:15,487 [INFO]       Appointed Officer: BRANDRICK, Ann Louise (Director)
2026-09-26 15:44:15,487 [INFO]       Address:          Tavistock Enterprise Hub, 1st & 2nd Floor Pearl Assu, Brook Street, Tavistock, Devon, PL19 0BN
2026-09-26 15:44:16,609 [INFO] [  5/50] Scraping: RAILSPORT C.I.C. (Co #11300036)
2026-09-26 15:44:17,876 [INFO]       Appointed Officer: O'CONNOR, Paul Andrew (Director)
2026-09-26 15:44:17,876 [INFO]       Address:          Leopold Villa, 45 Leopold Street, Derby, Derbyshire, DE1 2HF
2026-09-26 15:44:18,976 [INFO] [  6/50] Scraping: LEARN GROW LOVE CIC (Co #11304823)
2026-09-26 15:44:20,238 [INFO]       Appointed Officer: DAVIES, Carol (Director)
2026-09-26 15:44:20,238 [INFO]       Address:          Low Hill Community Centre, Kempthorne Avenue, Wolverhampton, England, WV10 9JJ
2026-09-26 15:44:21,343 [INFO] [  7/50] Scraping: 3 SISTERS YOUTH CARE COMMUNITY INTEREST COMPANY (Co #11307854)
2026-09-26 15:44:22,681 [INFO]       Appointed Officer: LYN, Haydae Chiquita (Director)
2026-09-26 15:44:22,681 [INFO]       Address:          The Hive, Beaufighter Road, Weston-Super-Mare, England, BS24 8EE
2026-09-26 15:44:23,910 [INFO] [  8/50] Scraping: CAROUSEL EVENTS C.I.C. (Co #11309454)
2026-09-26 15:44:25,314 [INFO]       Appointed Officer: ANDREWS-CLIFFORD, Julia (Director)
2026-09-26 15:44:25,314 [INFO]       Address:          58, Lower Park Road, Lower Park Road, Hastings, England, TN34 2LD
2026-09-26 15:44:26,376 [INFO] [  9/50] Scraping: HOLBEFEST CIC (Co #11319821)
2026-09-26 15:44:27,767 [INFO]       Appointed Officer: GREEN, James Matthew (Director)
2026-09-26 15:44:27,767 [INFO]       Address:          The Old Vicarage Vicarage Hill, Holbeton, Plymouth, Devon, PL8 1LH
2026-09-26 15:44:28,850 [INFO] [ 10/50] Scraping: THE SISTERS CLUB COMMUNITY INTEREST COMPANY (Co #11321984)
2026-09-26 15:44:30,147 [INFO]       Appointed Officer: SAVAGE, Rosalind Elizabeth Adriana (Director)
2026-09-26 15:44:30,148 [INFO]       Address:          Redlands, Leddington, Ledbury, England, HR8 2LG
2026-09-26 15:44:31,216 [INFO] [ 11/50] Scraping: THE COUNTRY CLOTH WEAVERS DEVELOPMENT COMMUNITY INTEREST COMPANY (Co #11322684)
2026-09-26 15:44:32,567 [INFO]       Appointed Officer: DAVIES, Miranda Aisie (Director)
2026-09-26 15:44:32,567 [INFO]       Address:          12 Castlemaine Court 20 Rectory Lane, Byfleet Village, Surrey, KT14 7LW
2026-09-26 15:44:33,667 [INFO] [ 12/50] Scraping: MU COLLECTIVE COMMUNITY INTEREST COMPANY (Co #11330433)
2026-09-26 15:44:35,078 [INFO]       Appointed Officer: HARROD, Sai (Secretary)
2026-09-26 15:44:35,078 [INFO]       Address:          2 And A Half, Portland Street, Southhampton, Hampshire, SO14 7EB
2026-09-26 15:44:36,167 [INFO] [ 13/50] Scraping: STEP-UP HOMES LONDON C.I.C. (Co #12062142)
2026-09-26 15:44:37,572 [INFO]       Appointed Officer: TAYLOR, Nadine (Secretary)
2026-09-26 15:44:37,572 [INFO]       Address:          71 Gloucester Road, Tottenham, London, England, N17 6DA
2026-09-26 15:44:38,639 [INFO] [ 14/50] Scraping: WELL BEING CREATIVES C.I.C. (Co #12065093)
2026-09-26 15:44:40,055 [INFO]       Appointed Officer: HOPKINS, Susan Patricia (Director)
2026-09-26 15:44:40,055 [INFO]       Address:          Unit 3 St. Mary's Complex, Waverley Street, Bootle, Merseyside, England, L20 4AP
2026-09-26 15:44:41,125 [INFO] [ 15/50] Scraping: LIVERPOOL EMPOWERMENT & TENANTS SUPPORT (LETS) SERVICES C.I.C. (Co #12065761)
2026-09-26 15:44:42,535 [INFO]       Appointed Officer: ABDI, Fahad Abdulaziz (Secretary)
2026-09-26 15:44:42,535 [INFO]       Address:          79 Lodge Lane, Toxteth, Liverpool, Merseyside, L8 0EQ
2026-09-26 15:44:43,635 [INFO] [ 16/50] Scraping: RECENTRE LANCASTER CIC (Co #12067380)
2026-09-26 15:44:44,972 [INFO]       Appointed Officer: CALLIHAN, Angelina Michelle (Director)
2026-09-26 15:44:44,972 [INFO]       Address:          184 Brookhouse Road, Brookhouse, Lancaster, Lancashire, LA2 9NY
2026-09-26 15:44:46,041 [INFO] [ 17/50] Scraping: FIGHTING CHANCE CIC (Co #12067699)
2026-09-26 15:44:47,344 [INFO]       Appointed Officer: LYNCH, Mike (Director)
2026-09-26 15:44:47,344 [INFO]       Address:          16 Cornbrook Grove, Waterlooville, England, PO7 8RD
2026-09-26 15:44:48,504 [INFO] [ 18/50] Scraping: GURU NANAK STOKE CIC (Co #12067973)
2026-09-26 15:44:49,903 [INFO]       Appointed Officer: SINGH, Gurpal (Secretary)
2026-09-26 15:44:49,903 [INFO]       Address:          61 Liverpool Road, Stoke On Trent, Staffordshire, ST4 1AQ
2026-09-26 15:44:50,976 [INFO] [ 19/50] Scraping: START2RUNTOGETHER CIC (Co #12069977)
2026-09-26 15:44:52,282 [INFO]       Appointed Officer: AUSTIN, Deborah (Director)
2026-09-26 15:44:52,283 [INFO]       Address:          41 High Street, Wouldham, Rochester, England, ME1 3XE
2026-09-26 15:44:53,372 [INFO] [ 20/50] Scraping: JF INSPIRES CIC (Co #12072924)
2026-09-26 15:44:54,662 [INFO]       Appointed Officer: HASSAN, Jamal (Director)
2026-09-26 15:44:54,662 [INFO]       Address:          74b Radipole Road, London, England, SW6 5DL
2026-09-26 15:44:55,769 [INFO] [ 21/50] Scraping: NATIONAL FOREST GARDENING SCHEME CIC (Co #12072766)
2026-09-26 15:44:57,215 [INFO]       Appointed Officer: BARTLETT, Nicola, Dr (Director)
2026-09-26 15:44:57,215 [INFO]       Address:          20 Belgrave Crescent, Bath, Somerset, BA1 5JU
2026-09-26 15:44:58,302 [INFO] [ 22/50] Scraping: ASSOCIATION OF CARRYING EDUCATORS AND SLING LIBRARIES CIC (Co #12073360)
2026-09-26 15:44:59,690 [INFO]       Appointed Officer: LAWSON, Nicola Jane (Director)
2026-09-26 15:44:59,691 [INFO]       Address:          55 Thornfield Avenue, Farsley, Leeds, LS28 5HJ
2026-09-26 15:45:00,761 [INFO] [ 23/50] Scraping: MUSIC AND YOU COMMUNITY C.I.C. (Co #12076125)
2026-09-26 15:45:02,085 [INFO]       Appointed Officer: WILLIAMSON, Jack Christopher (Director)
2026-09-26 15:45:02,085 [INFO]       Address:          10 Lewis Mews, Chislehurst, Kent, England, BR7 5FJ
2026-09-26 15:45:03,167 [INFO] [ 24/50] Scraping: LETS COMMUNITY CIC (Co #12077298)
2026-09-26 15:45:04,527 [INFO]       Appointed Officer: JAGDEV, Avtar Singh (Director)
2026-09-26 15:45:04,527 [INFO]       Address:          251 Soho Road, Birmingham, United Kingdom, B21 9RY
2026-09-26 15:45:05,619 [INFO] [ 25/50] Scraping: MATCHPOINT MULTISPORTS COMMUNITY INTEREST COMPANY (Co #12079778)
2026-09-26 15:45:06,920 [INFO]       Appointed Officer: ACKAH, Malcolm (Director)
2026-09-26 15:45:06,920 [INFO]       Address:          81 St. Barts Road, Sandwich, England, CT13 0AS
2026-09-26 15:45:07,998 [INFO] [ 26/50] Scraping: GREY MATTER SUFFOLK CIC (Co #12080449)
2026-09-26 15:45:09,285 [INFO]       Appointed Officer: BENNETT, Kelly (Director)
2026-09-26 15:45:09,285 [INFO]       Address:          77 Palfrey Heights, Brantham, Manningtree, England, CO11 1SG
2026-09-26 15:45:10,368 [INFO] [ 27/50] Scraping: TAILOR EDUCATION CIC (Co #12081742)
2026-09-26 15:45:11,610 [INFO]       Appointed Officer: ESSON, Gareth Christopher (Director)
2026-09-26 15:45:11,610 [INFO]       Address:          493 Flat B Norwood Road, London, United Kingdom, SE27 9DJ
2026-09-26 15:45:13,201 [INFO] [ 28/50] Scraping: CHASING RAINBOWS- I AM HER VOICE CIC (Co #12084104)
2026-09-26 15:45:14,506 [INFO]       Appointed Officer: BLANEY-WOMBWELL, Alison Ann (Director)
2026-09-26 15:45:14,506 [INFO]       Address:          81 Stranton, Hartlepower Energy Hub, Hartlepool, England, TS24 7QT
2026-09-26 15:45:16,693 [INFO] [ 29/50] Scraping: PERRY & EVA MINISTRIES / CARE INT. CIC (Co #12084055)
2026-09-26 15:45:18,143 [INFO]       Appointed Officer: KEMBABAZI, Perusi (Director)
2026-09-26 15:45:18,143 [INFO]       Address:          13 Ridgeway Road, Redhill, United Kingdom, RH1 6PG
2026-09-26 15:45:20,225 [INFO] [ 30/50] Scraping: NOURISH REJUVENATE GROW COMMUNITY INTEREST COMPANY (Co #12086002)
2026-09-26 15:45:21,708 [INFO]       Appointed Officer: HAMILTON, Natalie Louise (Director)
2026-09-26 15:45:21,708 [INFO]       Address:          16 Martin Avenue, Lytham St Annes, Lancashire, FY8 2SJ
2026-09-26 15:45:23,789 [INFO] [ 31/50] Scraping: SNAPS ENSEMBLE CIC (Co #12086270)
2026-09-26 15:45:25,099 [INFO]       Appointed Officer: BUTCHER, Naomi Hannah (Director)
2026-09-26 15:45:25,099 [INFO]       Address:          47a Childeric Road, London, England, SE14 6DQ
2026-09-26 15:45:27,171 [INFO] [ 32/50] Scraping: AEP (ASSESS EMPOWER PROGRESS) CIC (Co #12087326)
2026-09-26 15:45:28,708 [INFO]       Appointed Officer: HUGHES, Pamela (Secretary)
2026-09-26 15:45:28,708 [INFO]       Address:          300 St. Marys Road, Garston, Liverpool, England, L19 0NQ
2026-09-26 15:45:30,955 [INFO] [ 33/50] Scraping: THE ORGANIC ASPIE COMMUNITY INTEREST COMPANY (Co #12089177)
2026-09-26 15:45:32,303 [INFO]       Appointed Officer: WIGGINS, Stuart John (Director)
2026-09-26 15:45:32,303 [INFO]       Address:          47 Sheepscombe Drive, Worcester, England, WR4 9JY
2026-09-26 15:45:34,424 [INFO] [ 34/50] Scraping: CREATIVE WAYS HARLOW CIC (Co #12091054)
2026-09-26 15:45:35,819 [INFO]       Appointed Officer: BAILEY, Robyn (Director)
2026-09-26 15:45:35,819 [INFO]       Address:          21 Potter Street, Harlow, Essex, United Kingdom, CM17 9AE
2026-09-26 15:45:37,906 [INFO] [ 35/50] Scraping: INDEPENDENT RESEARCH UNIT CIC (Co #12092416)
2026-09-26 15:45:39,305 [INFO]       Appointed Officer: CORK, Nigel David (Director)
2026-09-26 15:45:39,305 [INFO]       Address:          9 Heathness Road, Addingham, Ilkley, West Yorkshire, LS29 0JP
2026-09-26 15:45:41,382 [INFO] [ 36/50] Scraping: WELFARE WEAR CIC (Co #12093850)
2026-09-26 15:45:42,620 [INFO]       Appointed Officer: MOORE, Eve Alexandra Anne (Director)
2026-09-26 15:45:42,620 [INFO]       Address:          25 Station Road, Mirfield, England, WF14 8LN
2026-09-26 15:45:44,690 [INFO] [ 37/50] Scraping: ADVANTAGE DYSLEXIA CIC (Co #12093860)
2026-09-26 15:45:46,072 [INFO]       Appointed Officer: SHOREMAN, Alan Anthony (Director)
2026-09-26 15:45:46,073 [INFO]       Address:          3 Torridon Walk, Woodhouse Park, Manchester, United Kingdom, M22 1PE
2026-09-26 15:45:48,305 [INFO] [ 38/50] Scraping: DEB DAY SEWING ROOM CIC (Co #12094222)
2026-09-26 15:45:49,562 [INFO]       Appointed Officer: DAY, Deborah (Director)
2026-09-26 15:45:49,562 [INFO]       Address:          The Old Print Works, 498-506 Moseley Road, Birmingham, United Kingdom, B12 9AH
2026-09-26 15:45:51,704 [INFO] [ 39/50] Scraping: TRANSFIT MCR COMMUNITY INTEREST COMPANY (Co #12094153)
2026-09-26 15:45:53,176 [INFO]       Appointed Officer: ELLIOTT VALENTINE, Katherine Marie (Secretary)
2026-09-26 15:45:53,176 [INFO]       Address:          168 Verdun Road, Eccles, Manchester, United Kingdom, M30 8HJ
2026-09-26 15:45:55,244 [INFO] [ 40/50] Scraping: TEACH YOUR CLASS TO DRAW COMMUNITY INTEREST COMPANY (Co #12094903)
2026-09-26 15:45:56,603 [INFO]       Appointed Officer: ANGEL, Gillian Beryl (Director)
2026-09-26 15:45:56,603 [INFO]       Address:          38 Beechwood Avenue, Brighton, England, BN1 8EE
2026-09-26 15:45:58,687 [INFO] [ 41/50] Scraping: SHOP STAMFORD CIC (Co #12097433)
2026-09-26 15:46:00,071 [INFO]       Appointed Officer: DYKES, Ross (Director)
2026-09-26 15:46:00,071 [INFO]       Address:          9 Ironmonger Street, Stamford, England, PE9 1PL
2026-09-26 15:46:02,146 [INFO] [ 42/50] Scraping: DON'T SLEEP ON US CIC (Co #12098534)
2026-09-26 15:46:03,551 [INFO]       Appointed Officer: KESHWALA, Neelam Laxman (Director)
2026-09-26 15:46:03,551 [INFO]       Address:          48 Holkham Close, Luton, United Kingdom, LU4 0YW
2026-09-26 15:46:05,626 [INFO] [ 43/50] Scraping: ROMANIAN FRIENDS ADVISORY CENTRE SOUTHAMPTON CIC (Co #12101505)
2026-09-26 15:46:06,949 [INFO]       Appointed Officer: GHEORGHITA, Elena (Director)
2026-09-26 15:46:06,949 [INFO]       Address:          PO Box 18, 317 Shirley Road Shirley Road, Southampton, England, SO15 3HW
2026-09-26 15:46:09,019 [INFO] [ 44/50] Scraping: ZUZA RECYCLING CIC (Co #12101085)
2026-09-26 15:46:10,319 [INFO]       Appointed Officer: SHEPHERD, Claire (Director)
2026-09-26 15:46:10,319 [INFO]       Address:          Ouse Bridge Guest House, Bassenthwaite Lake, Cockermouth, United Kingdom, CA13 9YD
2026-09-26 15:46:12,390 [INFO] [ 45/50] Scraping: PEACEFUL STREAMS COMMUNITY INTEREST COMPANY (Co #12101239)
2026-09-26 15:46:13,775 [INFO]       Appointed Officer: ATKINS, Jamie (Director)
2026-09-26 15:46:13,775 [INFO]       Address:          Brae Cottage Little Bookham Street, Bookham, Leatherhead, United Kingdom, KT23 3BX
2026-09-26 15:46:15,857 [INFO] [ 46/50] Scraping: SHABBY SLEEK C.I.C. (Co #12100974)
2026-09-26 15:46:17,301 [INFO]       Appointed Officer: WEINOWSKI, James Anthony (Director)
2026-09-26 15:46:17,301 [INFO]       Address:          15 Brow Avenue, Alkrington, Middleton, Greater Manchester, M24 1UL
2026-09-26 15:46:19,371 [INFO] [ 47/50] Scraping: TRUTH FOR YOUTH CIC (Co #12104117)
2026-09-26 15:46:20,845 [INFO]       Appointed Officer: BECKHAM, Heidi Giselle (Director)
2026-09-26 15:46:20,846 [INFO]       Address:          21 Fife Court, Tattenhoe, Milton Keynes, United Kingdom, MK4 3HB
2026-09-26 15:46:22,917 [INFO] [ 48/50] Scraping: K'S NEW FROM OLD CIC (Co #12106025)
2026-09-26 15:46:24,252 [INFO]       Appointed Officer: MUSGRAVE, Christopher Tarrant (Director)
2026-09-26 15:46:24,252 [INFO]       Address:          149 Victory Street, Plymouth, United Kingdom, PL2 2DB
2026-09-26 15:46:26,319 [INFO] [ 49/50] Scraping: STRETTON STREET FIBRE CO COMMUNITY INTEREST COMPANY (Co #12106031)
2026-09-26 15:46:27,637 [INFO]       Appointed Officer: THOMPSON, Benjamin (Director)
2026-09-26 15:46:27,637 [INFO]       Address:          24 Stretton Street, Adwick-Le-Street, Doncaster, England, DN6 7UJ
2026-09-26 15:46:29,740 [INFO] [ 50/50] Scraping: CARIBBEAN SETTLE IN THE UK CIC (Co #12106943)
2026-09-26 15:46:31,167 [INFO]       Appointed Officer: CAMERON, Michele (Secretary)
2026-09-26 15:46:31,167 [INFO]       Address:          Kemp House, 152-160 City Road, London, England, EC1V 2NX
2026-09-26 15:46:33,263 [INFO] ================================================================================
2026-09-26 15:46:33,263 [INFO] BATCH FINISHED: Processed 50 companies in 148.4s.
2026-09-26 15:46:33,263 [INFO] Total Cumulative Enriched: 532 companies.
2026-09-26 15:46:33,263 [INFO] Updated CSV: enriched_uk_companies.csv
2026-09-26 15:46:33,263 [INFO] Updated Log: scraper.log
2026-09-26 15:46:33,263 [INFO] ================================================================================
2026-09-26 18:58:46,549 [INFO] ================================================================================
2026-09-26 18:58:46,549 [INFO] STARTING PRODUCTION UK COMPANIES HOUSE CONTACT SCRAPER
2026-09-26 18:58:46,550 [INFO] ================================================================================
2026-09-26 18:58:46,550 [INFO] Input Dataset:  Companies-House-search-results.csv
2026-09-26 18:58:46,550 [INFO] Output Dataset: enriched_uk_companies.csv
2026-09-26 18:58:46,550 [INFO] Batch Size:     50
2026-09-26 18:58:46,552 [INFO] Already processed in previous runs: 532 companies
2026-09-26 18:58:46,569 [INFO] Total remaining companies to scrape: 4468
2026-09-26 18:58:46,569 [INFO] Processing next batch of 50 companies...

2026-09-26 18:58:46,569 [INFO] [  1/50] Scraping: RHYTHMWISE CENTRE FOR CREATIVE AND HEALING ARTS C.I.C. (Co #12106972)
2026-09-26 18:58:48,189 [INFO]       Appointed Officer: TEMPLE, Laurie (Director)
2026-09-26 18:58:48,189 [INFO]       Address:          Flat 3 Nelson Road, Hastings, United Kingdom, TN34 3RZ
2026-09-26 18:58:58,130 [INFO]    [EMAIL]   contact@bizstats.co.uk
2026-09-26 18:58:58,130 [INFO]    [WEBSITE] https://www.bizstats.co.uk/ltd/rhythmwise-centre-for-creative-and-healing-arts-cic-12106972/
2026-09-26 18:58:59,131 [INFO] [  2/50] Scraping: THE SEED GROUP C.I.C. (Co #12116161)
2026-09-26 18:59:00,692 [INFO]       Appointed Officer: HENRY, Devina (Director)
2026-09-26 18:59:00,693 [INFO]       Address:          20 Raeburn Road, Birmingham, England, B43 7LG
2026-09-26 18:59:03,736 [INFO]    [PHONE]   07807127635
2026-09-26 18:59:03,736 [INFO]    [EMAIL]   hello@theseedgroup.co.uk
2026-09-26 18:59:03,736 [INFO]    [WEBSITE] https://www.theseedgroup.co.uk/contact-us
2026-09-26 18:59:04,737 [INFO] [  3/50] Scraping: RESTORING RESPECTFUL FAMILIES C.I.C. (Co #12120193)
2026-09-26 18:59:06,316 [INFO]       Appointed Officer: BALL, Sophie Eleanor (Director)
2026-09-26 18:59:06,316 [INFO]       Address:          Britannia House Caerphilly Business Park, Van Road, Caerphilly, Gwent, Wales, CF83 3GG
2026-09-26 18:59:07,331 [INFO]    [EMAIL]   contact@magan-nyomozas.com
2026-09-26 18:59:07,331 [INFO]    [WEBSITE] https://magan-nyomozas.com/company/12120193
2026-09-26 18:59:08,331 [INFO] [  4/50] Scraping: THE LIBERTÉ PROJECT CIC (Co #12120624)
2026-09-26 18:59:10,034 [INFO]       Appointed Officer: DUNN, Robyn Martine (Director)
2026-09-26 18:59:10,034 [INFO]       Address:          53c Withington Road, Whalley Range, Manchester, Greater Manchester, M16 7EX
2026-09-26 18:59:11,385 [INFO] [  5/50] Scraping: WOLVERHAMPTON INTERNATIONAL STUDY ON HEALTH CIC (Co #12121056)
2026-09-26 18:59:12,923 [INFO]       Appointed Officer: BHATARA, Shivali (Director)
2026-09-26 18:59:12,923 [INFO]       Address:          9 Saxon Court, Wolverhampton, United Kingdom, WV6 8SA
2026-09-26 18:59:14,241 [INFO] [  6/50] Scraping: YALEE C.I.C. (Co #12127777)
2026-09-26 18:59:15,698 [INFO]       Appointed Officer: DAVISON, Adam John (Director)
2026-09-26 18:59:15,698 [INFO]       Address:          19 Barngate Drive, Mossley, Ashton-Under-Lyne, England, OL5 0DH
2026-09-26 18:59:17,046 [INFO] [  7/50] Scraping: KAIZEN SEICHO HENSHIN KARATE COMMUNITY INTEREST COMPANY (Co #12127767)
2026-09-26 18:59:18,511 [INFO]       Appointed Officer: BOOTH, Paddy (Director)
2026-09-26 18:59:18,511 [INFO]       Address:          4 Prescot Street, Chester, United Kingdom, CH2 3BL
2026-09-26 18:59:19,883 [INFO] [  8/50] Scraping: OYM TRAINING C.I.C. (Co #12127741)
2026-09-26 18:59:21,368 [INFO]       Appointed Officer: JOHNSON, Matthew (Director)
2026-09-26 18:59:21,368 [INFO]       Address:          The Tannery, Kirkstall Road, Leeds, England, LS3 1HS
2026-09-26 18:59:22,696 [INFO] [  9/50] Scraping: CITYWIDE COMMUNITY SPORTS & TRANSPORT CIC (Co #12128659)
2026-09-26 18:59:24,272 [INFO]       Appointed Officer: BATTLE, Carol Ann (Director)
2026-09-26 18:59:24,272 [INFO]       Address:          Seymour Chambers, 92 London Road, Liverpool, Merseyside, United Kingdom, L3 5NW
2026-09-26 18:59:25,593 [INFO] [ 10/50] Scraping: J J COMMUNITY CIC (Co #12130236)
2026-09-26 18:59:27,033 [INFO]       Appointed Officer: HORNBUCKLE, Chris (Secretary)
2026-09-26 18:59:27,033 [INFO]       Address:          24 Love Lane, Cirencester, England, GL7 1YG
2026-09-26 18:59:28,374 [INFO] [ 11/50] Scraping: VUNTIE CIC (Co #11764544)
2026-09-26 18:59:29,977 [INFO]       Appointed Officer: NILSSON, Birgitta Inger Viola (Director)
2026-09-26 18:59:29,977 [INFO]       Address:          27 Old Gloucester Street, London, United Kingdom, WC1N 3AX
2026-09-26 18:59:31,339 [INFO] [ 12/50] Scraping: FREEMOLDOVA C.I.C. (Co #11771895)
2026-09-26 18:59:32,922 [INFO]       Appointed Officer: COJOCARU, Iurie (Director)
2026-09-26 18:59:32,922 [INFO]       Address:          39 Bredel House St Paul's Way, Poplar, London, E14 7AS
2026-09-26 18:59:34,248 [INFO] [ 13/50] Scraping: BLUE HORIZON SUPPORTED HOUSING CIC (Co #11787041)
2026-09-26 18:59:35,734 [INFO]       Appointed Officer: LAL, Shankar (Director)
2026-09-26 18:59:35,734 [INFO]       Address:          62 High Street, West Bromwich, Sandwell, West Midlands, B70 6JT
2026-09-26 18:59:37,058 [INFO] [ 14/50] Scraping: JUST BECAUSE C.I.C. (Co #11794954)
2026-09-26 18:59:38,508 [INFO]       Appointed Officer: JACKSON-SMALE, Ayrden Jonathan (Director)
2026-09-26 18:59:38,508 [INFO]       Address:          25 Maude Street, Ipswich, England, IP3 0AU
2026-09-26 18:59:39,837 [INFO] [ 15/50] Scraping: ANGEL INCORPORATED UK CIC (Co #11798944)
2026-09-26 18:59:41,283 [INFO]       Appointed Officer: LEK, Natalie (Secretary)
2026-09-26 18:59:41,283 [INFO]       Address:          290a Moston Lane, Manchester, England, M40 9WB
2026-09-26 18:59:42,605 [INFO] [ 16/50] Scraping: FUNCTIONAL AND INTEGRATIVE MANUAL MEDICINE SOCIETY C.I.C. (Co #11797321)
2026-09-26 18:59:44,163 [INFO]       Appointed Officer: STONE, Caroline (Director)
2026-09-26 18:59:44,163 [INFO]       Address:          2a Park Road, Barnoldswick, England, BB18 5BG
2026-09-26 18:59:45,509 [INFO] [ 17/50] Scraping: HIDDEN VOICES C.I.C. (Co #11800619)
2026-09-26 18:59:46,945 [INFO]       Appointed Officer: KHAN, Shamas Munzoor (Director)
2026-09-26 18:59:46,945 [INFO]       Address:          74 School Road, Moseley, Birmingham, West Midlands, B13 9SW
2026-09-26 18:59:48,288 [INFO] [ 18/50] Scraping: EXIT UK SOLUTIONS CIC (Co #11800458)
2026-09-26 18:59:49,851 [INFO]       Appointed Officer: BROMAGE, Nigel (Director)
2026-09-26 18:59:49,851 [INFO]       Address:          124 City Road, London, England, EC1V 2NX
2026-09-26 18:59:51,322 [INFO] [ 19/50] Scraping: PURPOSITION OUTREACH C.I.C. (Co #11804652)
2026-09-26 18:59:52,926 [INFO]       Appointed Officer: JACKSON, Clarence (Director)
2026-09-26 18:59:52,926 [INFO]       Address:          Flat 81 Argent House, 1 Handley Page Road, Barking, England, IG11 0UW
2026-09-26 18:59:54,246 [INFO] [ 20/50] Scraping: ALL IN: COMMUNITY ROLLER DERBY C.I.C. (Co #11808291)
2026-09-26 18:59:55,842 [INFO]       Appointed Officer: EL NASSER, Maha Saleh (Director)
2026-09-26 18:59:55,842 [INFO]       Address:          759 Bradford Road, Birkenshaw, Bradford, West Yorkshire, BD11 2BD
2026-09-26 18:59:57,182 [INFO] [ 21/50] Scraping: THE SCRIBE LOUNGE C.I.C. (Co #11818419)
2026-09-26 18:59:58,629 [INFO]       Appointed Officer: BUTT, Samina (Director)
2026-09-26 18:59:58,629 [INFO]       Address:          24 Langholme Street, Nelson, Lancashire, United Kingdom, BB9 0RW
2026-09-26 18:59:59,985 [INFO] [ 22/50] Scraping: THE CHOCOLATE COMPANY INTERNATIONAL CIC (Co #11820213)
2026-09-26 19:00:01,669 [INFO]       Appointed Officer: LEK, Natalie (Secretary)
2026-09-26 19:00:01,669 [INFO]       Address:          290a Moston Lane, Manchester, England, M40 9WB
2026-09-26 19:00:03,072 [INFO] [ 23/50] Scraping: EAT, FOOD, LOVE! CIC (Co #11827615)
2026-09-26 19:00:04,544 [INFO]       Appointed Officer: MICHAELIDES, Leah Sarah (Director)
2026-09-26 19:00:04,544 [INFO]       Address:          14 Crowland Road, Eye, Peterborough, England, PE6 7TR
2026-09-26 19:00:05,932 [INFO] [ 24/50] Scraping: T & J COMMUNITY ENTERPRISE CIC (Co #11828039)
2026-09-26 19:00:07,567 [INFO]       Appointed Officer: WEBSTER, Tina Anna Mary (Secretary)
2026-09-26 19:00:07,567 [INFO]       Address:          70 Wright Street, Hull, England, HU2 8JD
2026-09-26 19:00:08,897 [INFO] [ 25/50] Scraping: EXIT PURSUED BY PANDA CIC (Co #11834192)
2026-09-26 19:00:10,339 [INFO]       Appointed Officer: TANG, Adrian Man Pui (Director)
2026-09-26 19:00:10,339 [INFO]       Address:          8 Nafferton Rise, Loughton, England, IG10 1UB
2026-09-26 19:00:11,658 [INFO] [ 26/50] Scraping: EWNS ARTS CIC (Co #12140561)
2026-09-26 19:00:13,224 [INFO]       Appointed Officer: ALEXANDER, Ramesh (Director)
2026-09-26 19:00:13,224 [INFO]       Address:          3 Hyperion Road, Birmingham, West Midlands, B36 8RX
2026-09-26 19:00:14,548 [INFO] [ 27/50] Scraping: MAKE MUSIC CIC (Co #12140989)
2026-09-26 19:00:16,131 [INFO]       Appointed Officer: ALI ASGHARI, Navid (Director)
2026-09-26 19:00:16,131 [INFO]       Address:          Bury Cottage, Tye Green Village, Harlow, Essex, England, CM18 6QY
2026-09-26 19:00:17,460 [INFO] [ 28/50] Scraping: LEVEL UP GLOUCESTER C.I.C. (Co #12142026)
2026-09-26 19:00:18,976 [INFO]       Appointed Officer: BELIZAIRE MARRON, Karl Lee (Director)
2026-09-26 19:00:18,977 [INFO]       Address:          78 Albany Street, Gloucester, England, GL1 4NE
2026-09-26 19:00:20,368 [INFO] [ 29/50] Scraping: THE ASSOCIATION OF COWORKING & COLLABORATION CIC (Co #12142535)
2026-09-26 19:00:21,987 [INFO]       Appointed Officer: JONES, Gareth Iwan (Director)
2026-09-26 19:00:21,987 [INFO]       Address:          Bettis Meadow Slade, Oxwich, Swansea, Wales, SA3 1NA
2026-09-26 19:00:24,286 [INFO] [ 30/50] Scraping: LESS PLASTIC C.I.C. (Co #12145220)
2026-09-26 19:00:25,788 [INFO]       Appointed Officer: KEETLEY, Amanda (Director)
2026-09-26 19:00:25,788 [INFO]       Address:          61 Bridge Street, Kington, England, HR5 3DJ
2026-09-26 19:00:28,093 [INFO] [ 31/50] Scraping: HWIN C.I.C. (Co #12146637)
2026-09-26 19:00:29,563 [INFO]       Appointed Officer: GREGSON, Laura Jane (Secretary)
2026-09-26 19:00:29,563 [INFO]       Address:          145 Queen Alexandra Road, Sunderland, England, SR2 9BU
2026-09-26 19:00:31,876 [INFO] [ 32/50] Scraping: T10 SUPPORTED HOUSING C.I.C. (Co #12147792)
2026-09-26 19:00:33,545 [INFO]       Appointed Officer: GALLON, Malcolm (Secretary)
2026-09-26 19:00:33,545 [INFO]       Address:          3 Bath Street, Ilkeston, England, DE7 8AH
2026-09-26 19:00:35,852 [INFO] [ 33/50] Scraping: CULTURAL ACTIVITY CENTRE C.I.C. (Co #12148967)
2026-09-26 19:00:37,364 [INFO]       Appointed Officer: ALI, Ben (Director)
2026-09-26 19:00:37,364 [INFO]       Address:          70-72 Charles Street, Hull, England, HU2 8DQ
2026-09-26 19:00:39,665 [INFO] [ 34/50] Scraping: YEOVIL CREATIVES NETWORK CIC (Co #12151863)
2026-09-26 19:00:41,118 [INFO]       Appointed Officer: LI, Zoe Wing Yi (Director)
2026-09-26 19:00:41,118 [INFO]       Address:          Yeovil Art Space, Unit 29 Vicarage Walk, Quedam Shopping Centre, Yeovil, England, BA20 1EX
2026-09-26 19:00:43,411 [INFO] [ 35/50] Scraping: NVISION KITCHEN CIC (Co #12152475)
2026-09-26 19:00:44,937 [INFO]       Appointed Officer: LINDSAY, Devante (Director)
2026-09-26 19:00:44,937 [INFO]       Address:          39 Narvic House 125 Flaxman Road, London, England, SE5 9DG
2026-09-26 19:00:47,243 [INFO] [ 36/50] Scraping: UNPACKAGED CIC (Co #12153881)
2026-09-26 19:00:48,709 [INFO]       Appointed Officer: THOMAS, Huw (Director)
2026-09-26 19:00:48,709 [INFO]       Address:          Chart House, 2 Effingham Road, Reigate, Surrey, England, RH2 7JN
2026-09-26 19:00:51,026 [INFO] [ 37/50] Scraping: SPORTING CLUB ENFIELD CIC (Co #12154613)
2026-09-26 19:00:52,535 [INFO]       Appointed Officer: BESIM, Salih (Director)
2026-09-26 19:00:52,535 [INFO]       Address:          Global House, 303 Ballards Lane, London, United Kingdom, N12 8NP
2026-09-26 19:00:54,847 [INFO] [ 38/50] Scraping: THE QFIT GYM CIC (Co #12157358)
2026-09-26 19:00:56,441 [INFO]       Appointed Officer: LATTIMER, David (Director)
2026-09-26 19:00:56,441 [INFO]       Address:          John Willie Sams Market Street, Dudley, Newcastle Upon Tyne, Tyne And Wear, United Kingdom, NE23 7HS
2026-09-26 19:00:58,762 [INFO] [ 39/50] Scraping: CHARI-TEES CIC (Co #12159063)
2026-09-26 19:01:00,328 [INFO]       Appointed Officer: AFZAL, Ihtesham Malik (Director)
2026-09-26 19:01:00,328 [INFO]       Address:          1 Empire Way, Wembley, England, HA9 0EW
2026-09-26 19:01:02,637 [INFO] [ 40/50] Scraping: EARLY EXPOSURE C.I.C. (Co #12158727)
2026-09-26 19:01:04,144 [INFO]       Appointed Officer: PARKINSON SMITH, Leigh (Director)
2026-09-26 19:01:04,144 [INFO]       Address:          20 St Peters Street, Chorley, Lancashire, PR6 0DS
2026-09-26 19:01:06,462 [INFO] [ 41/50] Scraping: FUNFITNESS ACADEMY CIC (Co #12159256)
2026-09-26 19:01:08,117 [INFO]       Appointed Officer: KAUR, Kiran (Director)
2026-09-26 19:01:08,117 [INFO]       Address:          4 Keeley Street, Bordesley Green, Birmingham, B9 4HQ
2026-09-26 19:01:10,427 [INFO] [ 42/50] Scraping: MEDCONNECT ACADEMY CIC (Co #12162388)
2026-09-26 19:01:11,882 [INFO]       Appointed Officer: ADETAYO, Adekunle (Director)
2026-09-26 19:01:11,882 [INFO]       Address:          66 Beverley Way, London, England, SW20 0AG
2026-09-26 19:01:14,196 [INFO] [ 43/50] Scraping: TEAMMATE YOUTH DEVELOPMENT CIC (Co #12165221)
2026-09-26 19:01:15,644 [INFO]       Appointed Officer: LOCK, Sarah (Secretary)
2026-09-26 19:01:15,644 [INFO]       Address:          19 Walnut Way, Birmingham, United Kingdom, B31 4ES
2026-09-26 19:01:17,947 [INFO] [ 44/50] Scraping: THE DREAMING TREE SUTTON CIC (Co #12165094)
2026-09-26 19:01:19,590 [INFO]       Appointed Officer: BULBROOK, Jackie (Director)
2026-09-26 19:01:19,590 [INFO]       Address:          3 Boxley Road, Morden, United Kingdom, SM4 6JB
2026-09-26 19:01:21,913 [INFO] [ 45/50] Scraping: HADASSAH HOUSE CIC (Co #12164032)
2026-09-26 19:01:23,371 [INFO]       Appointed Officer: NDLOVU, Sinenhlanhla Cleopatra (Director)
2026-09-26 19:01:23,372 [INFO]       Address:          15 Beaufort Close, Thornaby, Stockton-On-Tees, England, TS17 8GY
2026-09-26 19:01:25,671 [INFO] [ 46/50] Scraping: BESPOKEN THEATRE COMPANY CIC (Co #12166075)
2026-09-26 19:01:27,191 [INFO]       Appointed Officer: HALLEY, Abigail Louise (Secretary)
2026-09-26 19:01:27,191 [INFO]       Address:          148 Orchard Rise West, Sidcup, United Kingdom, DA15 8TB
2026-09-26 19:01:29,499 [INFO] [ 47/50] Scraping: ACCORD SKILLS CIC (Co #12166358)
2026-09-26 19:01:31,169 [INFO]       Appointed Officer: HATTON, Thomas Michael (Director)
2026-09-26 19:01:31,169 [INFO]       Address:          4-6 Gravel Lane, Spitalfields, London, E1 7AW
2026-09-26 19:01:33,483 [INFO] [ 48/50] Scraping: REPUTATIONS INITIATIVES, CIC (Co #12166044)
2026-09-26 19:01:34,958 [INFO]       Appointed Officer: OTENG, Jessica (Secretary)
2026-09-26 19:01:34,958 [INFO]       Address:          92 Overton Road, London, England, SE2 9SE
2026-09-26 19:01:37,274 [INFO] [ 49/50] Scraping: SJ EMPLOYMENT SOLUTIONS COMMUNITY INTEREST COMPANY (Co #12168174)
2026-09-26 19:01:38,858 [INFO]       Appointed Officer: AYRIS, Andy (Director)
2026-09-26 19:01:38,858 [INFO]       Address:          16 Pleydell Road, Northampton, England, NN4 8NL
2026-09-26 19:01:41,170 [INFO] [ 50/50] Scraping: ART MIND AND SOUL CIC (Co #12169476)
2026-09-26 19:01:42,606 [INFO]       Appointed Officer: GRAHAM, Casca Joeline (Director)
2026-09-26 19:01:42,606 [INFO]       Address:          11 Masefield Crescent, Romford, England, RM3 7PH
2026-09-26 19:01:44,922 [INFO] ================================================================================
2026-09-26 19:01:44,922 [INFO] BATCH FINISHED: Processed 50 companies in 178.4s.
2026-09-26 19:01:44,922 [INFO] Total Cumulative Enriched: 582 companies.
2026-09-26 19:01:44,922 [INFO] Updated CSV: enriched_uk_companies.csv
2026-09-26 19:01:44,922 [INFO] Updated Log: scraper.log
2026-09-26 19:01:44,922 [INFO] ================================================================================
2026-09-26 22:21:19,202 [INFO] ================================================================================
2026-09-26 22:21:19,202 [INFO] STARTING PRODUCTION UK COMPANIES HOUSE CONTACT SCRAPER
2026-09-26 22:21:19,202 [INFO] ================================================================================
2026-09-26 22:21:19,202 [INFO] Input Dataset:  Companies-House-search-results.csv
2026-09-26 22:21:19,202 [INFO] Output Dataset: enriched_uk_companies.csv
2026-09-26 22:21:19,202 [INFO] Batch Size:     50
2026-09-26 22:21:19,205 [INFO] Already processed in previous runs: 582 companies
2026-09-26 22:21:19,227 [INFO] Total remaining companies to scrape: 4418
2026-09-26 22:21:19,227 [INFO] Processing next batch of 50 companies...

2026-09-26 22:21:19,227 [INFO] [  1/50] Scraping: ICONICUS C.I.C. (Co #12172269)
2026-09-26 22:21:20,727 [INFO]       Appointed Officer: CUMMINS, Wendy (Director)
2026-09-26 22:21:20,727 [INFO]       Address:          Unit 9 Clyde Road Works, Clyde Road, Wallington, Surrey, United Kingdom, SM6 8PZ
2026-09-26 22:21:23,470 [INFO]    [EMAIL]   info@mitsubishielectric.com
2026-09-26 22:21:23,470 [INFO]    [WEBSITE] https://www.mitsubishielectric.com/en/pr/2023/pdf/0602.pdf
2026-09-26 22:21:24,471 [INFO] [  2/50] Scraping: VOCAB VERY OUTSPOKEN C.I.C. (Co #12172382)
2026-09-26 22:21:25,831 [INFO]       Appointed Officer: SHELTON, Nadia Jade (Director)
2026-09-26 22:21:25,831 [INFO]       Address:          54 Lavender Walk, Nottingham, England, NG3 4PS
2026-09-26 22:21:27,175 [INFO] [  3/50] Scraping: ADVANCED MENTORING GROUP CIC (Co #12172277)
2026-09-26 22:21:28,723 [INFO]       Appointed Officer: HEIR, Jasmine (Secretary)
2026-09-26 22:21:28,724 [INFO]       Address:          125 Kingsway, Oldbury, England, B68 0QE
2026-09-26 22:21:29,988 [INFO] [  4/50] Scraping: WITH AMI COMMUNITY INTEREST COMPANY (Co #12172257)
2026-09-26 22:21:31,371 [INFO]       Appointed Officer: BOYLE, John-Marc, Dr (Director)
2026-09-26 22:21:31,371 [INFO]       Address:          22-38 Hythe Bridge Street, C/O Oxford Computer Consultants, Oxford, United Kingdom, OX1 2EP
2026-09-26 22:21:32,630 [INFO] [  5/50] Scraping: COUNTRY STORMZ CIC (Co #12172359)
2026-09-26 22:21:34,113 [INFO]       Appointed Officer: HARRIS, Martin Graham (Director)
2026-09-26 22:21:34,113 [INFO]       Address:          C/O Adey Fitzgerald And Walker, The Pavilion 60 Eastgate, Cowbridge, Vale Of Glamorgan, South Glamorgan, United Kingdom, CF71 7AB
2026-09-26 22:21:35,372 [INFO] [  6/50] Scraping: PEACEGAMES C.I.C. (Co #12175325)
2026-09-26 22:21:36,909 [INFO]       Appointed Officer: BENTLEY, Kiera Alexandra (Secretary)
2026-09-26 22:21:36,909 [INFO]       Address:          Westland House, Westland Road, Faringdon, England, SN7 7EY
2026-09-26 22:21:38,193 [INFO] [  7/50] Scraping: CHAMELEON HOUSING C.I.C. (Co #12177416)
2026-09-26 22:21:39,548 [INFO]       Appointed Officer: AMOS, Camilla Mary (Director)
2026-09-26 22:21:39,548 [INFO]       Address:          109 Harold Street, Grimsby, Lincolnshire, DN32 7NQ
2026-09-26 22:21:40,807 [INFO] [  8/50] Scraping: TAZIRI C.I.C. (Co #12176007)
2026-09-26 22:21:42,164 [INFO]       Appointed Officer: ROMERO NAVARRO, Yolaine (Director)
2026-09-26 22:21:42,164 [INFO]       Address:          Apt 17, The Drum, 7 Stillwater Drive, Manchester, England, M11 4TG
2026-09-26 22:21:43,423 [INFO] [  9/50] Scraping: BILLINGHAM SYNTHONIA FOOTBALL CLUB CIC (Co #12176238)
2026-09-26 22:21:44,882 [INFO]       Appointed Officer: POLLOCK, Ben (Secretary)
2026-09-26 22:21:44,882 [INFO]       Address:          Billingham Synthonia Training Ground Longlands Road, Brambles Farm, Middlesbrough, TS3 8DR
2026-09-26 22:21:46,148 [INFO] [ 10/50] Scraping: IIIN COMMUNITY COMMUNITY INTEREST COMPANY (Co #12178039)
2026-09-26 22:21:47,549 [INFO]       Appointed Officer: MCNEILL, Catherine Elizabeth (Director)
2026-09-26 22:21:47,549 [INFO]       Address:          4 Deanland Drive, Liverpool, England, L24 1WA
2026-09-26 22:21:48,811 [INFO] [ 11/50] Scraping: CUIDADOR CO C.I.C. (Co #12175525)
2026-09-26 22:21:50,155 [INFO]       Appointed Officer: VASQUEZ AROCA, Leslie Zareth (Director)
2026-09-26 22:21:50,155 [INFO]       Address:          28 Aldiss Drive Kingston Bagpuize, Abingdon, Oxfordshire, England, OX13 5GQ
2026-09-26 22:21:51,416 [INFO] [ 12/50] Scraping: CADDT COMMUNITY INTEREST COMPANY (Co #12176320)
2026-09-26 22:21:52,792 [INFO]       Appointed Officer: HUMPHRIES, Ann Catherine (Director)
2026-09-26 22:21:52,792 [INFO]       Address:          45/47 Heol Fach, North Cornelly, Bridgend, Wales, CF33 4LN
2026-09-26 22:21:54,062 [INFO] [ 13/50] Scraping: ACCE EDUCATION COMMUNITY INTEREST COMPANY (Co #12179879)
2026-09-26 22:21:55,587 [INFO]       Appointed Officer: JACKSON, Beverley Monica (Director)
2026-09-26 22:21:55,587 [INFO]       Address:          6 Tallants Road, Coventry, England, CV6 7FY
2026-09-26 22:21:56,849 [INFO] [ 14/50] Scraping: TREES FOR GUNS C.I.C. (Co #12179761)
2026-09-26 22:21:58,241 [INFO]       Appointed Officer: GARLAND, Michael Stephen (Secretary)
2026-09-26 22:21:58,241 [INFO]       Address:          Tintagel St. Clairs Road, St. Osyth, Clacton-On-Sea, England, CO16 8QG
2026-09-26 22:21:59,502 [INFO] [ 15/50] Scraping: THE CHOOSE WELL ORGANISATION CIC (Co #12180053)
2026-09-26 22:22:00,869 [INFO]       Appointed Officer: ROUSSEL, Stewart Myles (Director)
2026-09-26 22:22:00,869 [INFO]       Address:          Bramley House Stewart's Court, Hook Norton Rd, Sibford Ferris, Banbury, Oxfordshire, OX15 5QX
2026-09-26 22:22:02,127 [INFO] [ 16/50] Scraping: SPARK IDEAS CIC (Co #12181768)
2026-09-26 22:22:03,543 [INFO]       Appointed Officer: ABOLINS, Gina Anne (Director)
2026-09-26 22:22:03,543 [INFO]       Address:          106 Sandringham Road, Gosforth, Newcastle Upon Tyne, Tyne And Wear, England, NE3 1PY
2026-09-26 22:22:04,824 [INFO] [ 17/50] Scraping: INTENTIONAL PARENTING CIC (Co #12185114)
2026-09-26 22:22:06,131 [INFO]       Appointed Officer: MASHINGAIDZE, Fadzai Beatrice (Director)
2026-09-26 22:22:06,131 [INFO]       Address:          13 Ashbourne End, Aylesbury, England, HP21 8BE
2026-09-26 22:22:07,410 [INFO] [ 18/50] Scraping: KERRYS GIRLS GET FIT CIC (Co #12185368)
2026-09-26 22:22:08,877 [INFO]       Appointed Officer: CAMERON, Kerry Louise (Director)
2026-09-26 22:22:08,877 [INFO]       Address:          11 Haldane Road, Darwen, England, BB3 0AE
2026-09-26 22:22:10,155 [INFO] [ 19/50] Scraping: ACTIVE4ALL C.I.C. (Co #12185201)
2026-09-26 22:22:11,642 [INFO]       Appointed Officer: DICKINS, Nicola Joan (Secretary)
2026-09-26 22:22:11,642 [INFO]       Address:          163 Gower Road, Sketty, Swansea, Wales, SA2 9JH
2026-09-26 22:22:12,924 [INFO] [ 20/50] Scraping: EIGIS COMMUNITY INTEREST COMPANY (Co #12185813)
2026-09-26 22:22:14,387 [INFO]       Appointed Officer: VOLKERS, Leonard William (Secretary)
2026-09-26 22:22:14,387 [INFO]       Address:          Flat 85 Kingsland Road, London, England, E2 8AG
2026-09-26 22:22:15,668 [INFO] [ 21/50] Scraping: BRITISH BANGLADESHI WOMEN ASSOCIATION CIC (Co #12189508)
2026-09-26 22:22:17,174 [INFO]       Appointed Officer: BILLAH, Khondaker Shimul (Director)
2026-09-26 22:22:17,174 [INFO]       Address:          279 Oldknow Road, Small Heath, Birmingham, B10 0HZ
2026-09-26 22:22:18,436 [INFO] [ 22/50] Scraping: GREENGEN ENVIRONMENTAL SOLUTIONS COMMUNITY INTEREST COMPANY (Co #12189843)
2026-09-26 22:22:19,791 [INFO]       Appointed Officer: NASRI, Charlie Farid (Director)
2026-09-26 22:22:19,791 [INFO]       Address:          87 Weybourne Road, Farnham, England, GU9 9EX
2026-09-26 22:22:21,055 [INFO] [ 23/50] Scraping: EAST HERTS RADIO CIC (Co #12190329)
2026-09-26 22:22:22,857 [INFO]       Appointed Officer: GOCOOL, Michael (Secretary)
2026-09-26 22:22:22,857 [INFO]       Address:          27 Old Gloucester Street, London, United Kingdom, WC1N 3AX
2026-09-26 22:22:24,154 [INFO] [ 24/50] Scraping: REFUGEE ACCESS COMMUNITY INTEREST COMPANY (Co #12189891)
2026-09-26 22:22:25,647 [INFO]       Appointed Officer: OMER, Rasha Abdelhafeez Suleiman (Secretary)
2026-09-26 22:22:25,647 [INFO]       Address:          7 Great Dover Street, Can Mezzanine, London, England, SE1 4YR
2026-09-26 22:22:26,903 [INFO] [ 25/50] Scraping: MAKER SPACE NORTH WEST CIC (Co #12191557)
2026-09-26 22:22:28,462 [INFO]       Appointed Officer: BARKER, Jennifer Sophia (Director)
2026-09-26 22:22:28,462 [INFO]       Address:          46 Acre Road, Great Sutton, Ellesmere Port, Cheshire, CH66 3PW
2026-09-26 22:22:29,725 [INFO] [ 26/50] Scraping: MIGHTY STARS CIC (Co #12192732)
2026-09-26 22:22:31,170 [INFO]       Appointed Officer: MARTIN, Leo Everett (Director)
2026-09-26 22:22:31,171 [INFO]       Address:          Crasl Main Road, Carlton, Saxmundham, England, IP17 2NL
2026-09-26 22:22:32,424 [INFO] [ 27/50] Scraping: KEY IMPACT CIC (Co #12193888)
2026-09-26 22:22:33,914 [INFO]       Appointed Officer: POWELL, Paul Andrew (Director)
2026-09-26 22:22:33,914 [INFO]       Address:          73 Bridge Street, Walsall, West Midlands, WS1 1JQ
2026-09-26 22:22:36,135 [INFO] [ 28/50] Scraping: FITTER HEALTHIER HAPPIER FUTURES CIC (Co #12192909)
2026-09-26 22:22:37,658 [INFO]       Appointed Officer: HAIR, James Michael (Director)
2026-09-26 22:22:37,658 [INFO]       Address:          11 Kingswood Close, Boldon Colliery, United Kingdom, NE35 9LG
2026-09-26 22:22:39,859 [INFO] [ 29/50] Scraping: CAMBRIDGE CHINESE FEDERATION CIC (Co #12194248)
2026-09-26 22:22:41,247 [INFO]       Appointed Officer: TSE, Yiu Lam Andrew (Director)
2026-09-26 22:22:41,247 [INFO]       Address:          1st Floor 44 Worship Street, London, United Kingdom, EC2A 2EA
2026-09-26 22:22:43,464 [INFO] [ 30/50] Scraping: CELEBRITY GREEN STARS COMMUNITY INTEREST COMPANY (Co #12194879)
2026-09-26 22:22:44,800 [INFO]       Appointed Officer: BYWATERS, Alain Matthew (Director)
2026-09-26 22:22:44,800 [INFO]       Address:          27 Old Gloucester Street, London, England, WC1N 3AX
2026-09-26 22:22:47,022 [INFO] [ 31/50] Scraping: THE WUNDERERS CIC (Co #12194997)
2026-09-26 22:22:48,430 [INFO]       Appointed Officer: CLARK, Toni Michelle (Director)
2026-09-26 22:22:48,430 [INFO]       Address:          3 Wetherall Close, Bridgham, Norwich, Norfolk, United Kingdom, NR16 2SW
2026-09-26 22:22:50,637 [INFO] [ 32/50] Scraping: THE EDIBLE FOREST C.I.C. (Co #12195007)
2026-09-26 22:22:52,176 [INFO]       Appointed Officer: CARPENTER, David Christopher Alan (Director)
2026-09-26 22:22:52,176 [INFO]       Address:          5 Argyle Street, Abercynon, Mountain Ash, Wales, CF45 4TY
2026-09-26 22:22:54,381 [INFO] [ 33/50] Scraping: HONEYBEES NURSERY (S&I) CIC (Co #12195167)
2026-09-26 22:22:55,822 [INFO]       Appointed Officer: BEGUM, Samina (Director)
2026-09-26 22:22:55,822 [INFO]       Address:          10 Shacklewell Street, London, England, E2 7EG
2026-09-26 22:22:58,029 [INFO] [ 34/50] Scraping: BIRMINGHAM MONARCHS CYCLE SPEEDWAY CLUB CIC (Co #12195999)
2026-09-26 22:22:59,546 [INFO]       Appointed Officer: HEARD, Paul Andrew (Director)
2026-09-26 22:22:59,546 [INFO]       Address:          161 Short Heath Road, Birmingham, England, B23 6LG
2026-09-26 22:23:01,769 [INFO] [ 35/50] Scraping: THE INTERNATIONAL UNION OF STAKEHOLDER AND ORGANIZATIONS FOR SUSTAINABLE DEVELOPMENT CIC (Co #12197254)
2026-09-26 22:23:03,194 [INFO]       Appointed Officer: EL SAYED, Mostafa El Sayed Sherbiny, Dr. (Director)
2026-09-26 22:23:03,194 [INFO]       Address:          27 Old Gloucester Street, London 27 Old Gloucester Street, Crown House, London, United Kingdom, WC1N 3AX
2026-09-26 22:23:05,408 [INFO] [ 36/50] Scraping: PRETTY LITTLE GEMS CIC (Co #11559277)
2026-09-26 22:23:06,932 [INFO]       Appointed Officer: COKER, Sophia Lorraine (Director)
2026-09-26 22:23:06,932 [INFO]       Address:          260 Hospital Street, Birmingham, West Midlands, B19 2YF
2026-09-26 22:23:09,159 [INFO] [ 37/50] Scraping: FLIPSIDE FINANCIAL EDUCATION CIC (Co #11564070)
2026-09-26 22:23:10,661 [INFO]       Appointed Officer: FLICKER, Stephen (Director)
2026-09-26 22:23:10,661 [INFO]       Address:          6a Hammer Lane, Sharlston Common, Wakefield, England, WF4 1AL
2026-09-26 22:23:12,863 [INFO] [ 38/50] Scraping: MAYFIELD HALL GROUP COMMUNITY INTEREST COMPANY (Co #11565632)
2026-09-26 22:23:14,330 [INFO]       Appointed Officer: THORN, Christopher Edwin (Director)
2026-09-26 22:23:14,331 [INFO]       Address:          Unit 42 Regent Studios, 8 Andrews Road, London, E8 4QN
2026-09-26 22:23:16,530 [INFO] [ 39/50] Scraping: PEGSWOOD COMMUNITY BEEKEEPING CLUB CIC (Co #11567989)
2026-09-26 22:23:18,091 [INFO]       Appointed Officer: DICK, Nichola Margaret (Director)
2026-09-26 22:23:18,092 [INFO]       Address:          Bede House Morpeth Road, Pegswood, Morpeth, Northumberland, NE61 6TX
2026-09-26 22:23:20,304 [INFO] [ 40/50] Scraping: MAKE GOOD DORSET COMMUNITY INTEREST COMPANY (Co #11569344)
2026-09-26 22:23:21,692 [INFO]       Appointed Officer: CEO, Francesca (Director)
2026-09-26 22:23:21,692 [INFO]       Address:          279 King John Avenue, Bournemouth, Dorset, BH11 9TF
2026-09-26 22:23:23,939 [INFO] [ 41/50] Scraping: LIFE IS FOR LEARNING CIC (Co #11567392)
2026-09-26 22:23:25,389 [INFO]       Appointed Officer: SANDS, Kerry (Director)
2026-09-26 22:23:25,389 [INFO]       Address:          5 The Square, Llanharan, CF72 9NR
2026-09-26 22:23:27,669 [INFO] [ 42/50] Scraping: REVINYL C.I.C. (Co #11586559)
2026-09-26 22:23:29,242 [INFO]       Appointed Officer: HOLLAND, Elizabeth Rose (Director)
2026-09-26 22:23:29,242 [INFO]       Address:          2 Rowland Avenue, Bristol, Avon, BS16 1BN
2026-09-26 22:23:31,470 [INFO] [ 43/50] Scraping: ALMANAC ARTS CIC (Co #11590673)
2026-09-26 22:23:32,984 [INFO]       Appointed Officer: NUNNERY NORHEIM, Elizabeth Rita (Secretary)
2026-09-26 22:23:32,984 [INFO]       Address:          15 Pitville Avenue, Liverpool, England, L18 7JE
2026-09-26 22:23:35,236 [INFO] [ 44/50] Scraping: BEYOND WORDS THOUSAND VOICES CIC (Co #11591311)
2026-09-26 22:23:36,761 [INFO]       Appointed Officer: BROWN, Gilroy Altamond (Director)
2026-09-26 22:23:36,761 [INFO]       Address:          69 Hollybush Road, Cardiff, Wales, CF23 6SZ
2026-09-26 22:23:38,975 [INFO] [ 45/50] Scraping: DALLAS STREET RESOURCE CENTRE CIC (Co #11595721)
2026-09-26 22:23:40,506 [INFO]       Appointed Officer: GENT, Gary Brian (Director)
2026-09-26 22:23:40,506 [INFO]       Address:          10 Milton Court, Ravenshead, Nottingham, Nottinghamshire, NG15 9BD
2026-09-26 22:23:42,709 [INFO] [ 46/50] Scraping: STING ABC C.I.C. (Co #11597901)
2026-09-26 22:23:44,066 [INFO]       Appointed Officer: MITCHELL, Paul Andrew (Director)
2026-09-26 22:23:44,066 [INFO]       Address:          73 Cobden Road, London, England, SE25 5NU
2026-09-26 22:23:46,285 [INFO] [ 47/50] Scraping: MD MACFARLANE CIC (Co #11598021)
2026-09-26 22:23:47,783 [INFO]       Appointed Officer: MACFARLANE, Melissa Dominqk (Director)
2026-09-26 22:23:47,783 [INFO]       Address:          21 Shorrock Lane, Blackburn, Lancashire, BB2 4DA
2026-09-26 22:23:49,985 [INFO] [ 48/50] Scraping: RIVER BOURNE COMMUNITY FARM (PARKS) C.I.C. (Co #11598042)
2026-09-26 22:23:51,429 [INFO]       Appointed Officer: PARKER, Benjamin Anthony (Director)
2026-09-26 22:23:51,429 [INFO]       Address:          10 Oatlands, Romsey, England, SO51 0GW
2026-09-26 22:23:53,645 [INFO] [ 49/50] Scraping: SWAN-RADIO CIC (Co #11600219)
2026-09-26 22:23:55,147 [INFO]       Appointed Officer: BOLTON, Colin (Director)
2026-09-26 22:23:55,147 [INFO]       Address:          The Office On The Green Wraysbury Village Halls, Wraysbury, Staines Upon Thames, Middlesex, TW19 5NA
2026-09-26 22:23:57,348 [INFO] [ 50/50] Scraping: COME TOGETHER WITH L & C CIC (Co #11600271)
2026-09-26 22:23:58,865 [INFO]       Appointed Officer: LLOYD, Christine Linda (Director)
2026-09-26 22:23:58,865 [INFO]       Address:          Hawthorn House 14 Dingle Road, Coombe Dingle, Bristol, Bristol, BS9 2LW
2026-09-26 22:24:01,111 [INFO] ================================================================================
2026-09-26 22:24:01,111 [INFO] BATCH FINISHED: Processed 50 companies in 161.9s.
2026-09-26 22:24:01,111 [INFO] Total Cumulative Enriched: 632 companies.
2026-09-26 22:24:01,112 [INFO] Updated CSV: enriched_uk_companies.csv
2026-09-26 22:24:01,112 [INFO] Updated Log: scraper.log
2026-09-26 22:24:01,112 [INFO] ================================================================================
2026-09-27 03:35:06,644 [INFO] ================================================================================
2026-09-27 03:35:06,644 [INFO] STARTING PRODUCTION UK COMPANIES HOUSE CONTACT SCRAPER
2026-09-27 03:35:06,644 [INFO] ================================================================================
2026-09-27 03:35:06,644 [INFO] Input Dataset:  Companies-House-search-results.csv
2026-09-27 03:35:06,645 [INFO] Output Dataset: enriched_uk_companies.csv
2026-09-27 03:35:06,645 [INFO] Batch Size:     50
2026-09-27 03:35:06,647 [INFO] Already processed in previous runs: 632 companies
2026-09-27 03:35:06,665 [INFO] Total remaining companies to scrape: 4368
2026-09-27 03:35:06,665 [INFO] Processing next batch of 50 companies...

2026-09-27 03:35:06,665 [INFO] [  1/50] Scraping: OVERTON FIBRE C.I.C. (Co #11601239)
2026-09-27 03:35:08,265 [INFO]       Appointed Officer: HODGSON, Peter (Director)
2026-09-27 03:35:08,265 [INFO]       Address:          Millers Barn, Overton, York, North Yorkshire, YO30 1YL
2026-09-27 03:35:11,427 [INFO]    [EMAIL]   ante.prlic@powersystems.technology
2026-09-27 03:35:11,427 [INFO]    [WEBSITE] https://transformer-technology.com/national-grid-delivers-supergrid-transformer-for-uk-project-transformer-technology-news/
2026-09-27 03:35:12,427 [INFO] [  2/50] Scraping: THE WORD WINCANTON COMMUNITY MAGAZINE C.I.C. (Co #11601400)
2026-09-27 03:35:13,763 [INFO]       Appointed Officer: CARTER, Elizabeth (Director)
2026-09-27 03:35:13,763 [INFO]       Address:          The Cottage Nursery Lane, Church Street, Wincanton, England, BA9 9AA
2026-09-27 03:35:15,030 [INFO] [  3/50] Scraping: SEWAGAIN CIC (Co #11602565)
2026-09-27 03:35:16,537 [INFO]       Appointed Officer: UNVERZAGT, Rebecca (Secretary)
2026-09-27 03:35:16,537 [INFO]       Address:          432 Romford Road, London, London, United Kingdom, E7 8DF
2026-09-27 03:35:17,811 [INFO] [  4/50] Scraping: NEEDHAM MARKET ACCESS CIC (Co #11605435)
2026-09-27 03:35:19,348 [INFO]       Appointed Officer: OVERETT, Jennifer Anne (Secretary)
2026-09-27 03:35:19,348 [INFO]       Address:          2 Brick Kiln Cottages, Barretts Lane, Needham Market, Suffolk, IP6 8RZ
2026-09-27 03:35:20,612 [INFO] [  5/50] Scraping: EVERYTHING WELLBEING C.I.C. (Co #11610208)
2026-09-27 03:35:21,933 [INFO]       Appointed Officer: SILVER, Jonathan Steven (Director)
2026-09-27 03:35:21,934 [INFO]       Address:          27 St. Mark Street, Flat 3, London, England, E1 8EF
2026-09-27 03:35:23,195 [INFO] [  6/50] Scraping: FERNDOWN COMMUNITY SPEEDWATCH CIC (Co #11610385)
2026-09-27 03:35:24,567 [INFO]       Appointed Officer: CROSS, Melanie Joanne (Director)
2026-09-27 03:35:24,567 [INFO]       Address:          19 Barrow View, Ferndown, Dorset, BH22 9SY
2026-09-27 03:35:25,827 [INFO] [  7/50] Scraping: BEG TO DIFFER (EAST MIDLANDS) CIC (Co #11612150)
2026-09-27 03:35:27,234 [INFO]       Appointed Officer: STRANG, Alan Martin (Director)
2026-09-27 03:35:27,234 [INFO]       Address:          4 Cross Street, Beeston, Nottingham, England, NG9 2NX
2026-09-27 03:35:28,493 [INFO] [  8/50] Scraping: CLOUD WEST DIGITAL COMMUNITY INTEREST COMPANY (Co #11615588)
2026-09-27 03:35:29,948 [INFO]       Appointed Officer: EVANS, Cheryl Olwen (Director)
2026-09-27 03:35:29,948 [INFO]       Address:          Aspen Lodge, Aislaby Road, Eaglescliffe, Tees Valley, TS16 0JJ
2026-09-27 03:35:31,210 [INFO] [  9/50] Scraping: ELSTON COMMUNITY TRANSPORT CIC (Co #11616989)
2026-09-27 03:35:32,587 [INFO]       Appointed Officer: AULT, Ian William (Director)
2026-09-27 03:35:32,588 [INFO]       Address:          Bracken Lodge Low Street, Elston, Newark, Nottinghamshire, NG23 5PA
2026-09-27 03:35:33,855 [INFO] [ 10/50] Scraping: INCLUSION SUPPORT SOLUTIONS C.I.C. (Co #11616908)
2026-09-27 03:35:35,259 [INFO]       Appointed Officer: CONNOLE, Rachel (Director)
2026-09-27 03:35:35,259 [INFO]       Address:          68 Northgate, Tickhill, Doncaster, England, DN11 9HY
2026-09-27 03:35:36,532 [INFO] [ 11/50] Scraping: THE FEEL FABULOUS PROJECT CIC (Co #11618635)
2026-09-27 03:35:38,003 [INFO]       Appointed Officer: CEO, Francesca (Director)
2026-09-27 03:35:38,003 [INFO]       Address:          The Mews, 4 Dean Park Crescent, Bournemouth, BH1 1LY
2026-09-27 03:35:39,304 [INFO] [ 12/50] Scraping: OUR FRIENDSHIP CLUB CIC (Co #11620173)
2026-09-27 03:35:40,799 [INFO]       Appointed Officer: LAMBIE, Deborah (Secretary)
2026-09-27 03:35:40,799 [INFO]       Address:          16 Trout Close Earley Reading 16 Trout Close, Earley, Reading, Berkshire, United Kingdom, RG6 1AG
2026-09-27 03:35:42,057 [INFO] [ 13/50] Scraping: TECH4PETS COMMUNITY INTEREST COMPANY (Co #11620975)
2026-09-27 03:35:43,381 [INFO]       Appointed Officer: HINDE, Jo (Director)
2026-09-27 03:35:43,381 [INFO]       Address:          Iona Wootton Road, Tiptoe, Lymington, Hampshire, England, SO41 6FU
2026-09-27 03:35:44,638 [INFO] [ 14/50] Scraping: SERIOUS ABOUT ST NEOTS CIC (Co #11625299)
2026-09-27 03:35:46,038 [INFO]       Appointed Officer: HANSARD, Mark James (Director)
2026-09-27 03:35:46,038 [INFO]       Address:          145 St Neots Road, Sandy, Bedfordshire, SG19 1BU
2026-09-27 03:35:47,304 [INFO] [ 15/50] Scraping: STEPPING IN2 POSSIBILITIES COMMUNITY INTEREST COMPANY (Co #11193681)
2026-09-27 03:35:48,798 [INFO]       Appointed Officer: CROSSLAND, Adele (Director)
2026-09-27 03:35:48,798 [INFO]       Address:          132-134 Great Ancoats Street, Manchester, Greater Manchester, M4 6DE
2026-09-27 03:35:50,056 [INFO] [ 16/50] Scraping: PLAN FOR DEMENTIA C.I.C. (Co #11208915)
2026-09-27 03:35:51,392 [INFO]       Appointed Officer: CARLIN, Chime (Director)
2026-09-27 03:35:51,392 [INFO]       Address:          353 Walton Road, West Molesey, Surrey, KT8 2QQ
2026-09-27 03:35:52,646 [INFO] [ 17/50] Scraping: FIRST HAND EXPERIENCES CIC (Co #11205654)
2026-09-27 03:35:54,117 [INFO]       Appointed Officer: BAKER, Justin Elliot Edward (Director)
2026-09-27 03:35:54,118 [INFO]       Address:          Suite 3 91 Mayflower Street, Plymouth, England, PL1 1SB
2026-09-27 03:35:55,390 [INFO] [ 18/50] Scraping: DANCE WITH SALSA DIVINA CIC (Co #11215922)
2026-09-27 03:35:56,757 [INFO]       Appointed Officer: DE ROSE, Divina (Director)
2026-09-27 03:35:56,757 [INFO]       Address:          121 St James Road, London, Greater London, E15 1RN
2026-09-27 03:35:58,011 [INFO] [ 19/50] Scraping: HEBBURN SPORTS EVENTS CIC (Co #11217874)
2026-09-27 03:35:59,485 [INFO]       Appointed Officer: JOHNSTON, Gavin Paul (Director)
2026-09-27 03:35:59,485 [INFO]       Address:          Hebburn Sports Club, 16 South Drive, Hebburn, Tyne & Wear, NE31 1UN
2026-09-27 03:36:00,767 [INFO] [ 20/50] Scraping: REMANI LOVE PROJECT C.I.C. (Co #11220027)
2026-09-27 03:36:02,277 [INFO]       Appointed Officer: BREWSTER, Dionne Elaine (Secretary)
2026-09-27 03:36:02,277 [INFO]       Address:          Avebury House, 55 Newhall Street, Birmingham, England, B3 3RB
2026-09-27 03:36:03,549 [INFO] [ 21/50] Scraping: PANACEA PLUS C.I.C. (Co #11224189)
2026-09-27 03:36:04,894 [INFO]       Appointed Officer: FARUK, Mohammad Omar, Mr. (Director)
2026-09-27 03:36:04,894 [INFO]       Address:          149a Dallow Road, Luton, Bedfordshire, United Kingdom, LU1 1NS
2026-09-27 03:36:06,164 [INFO] [ 22/50] Scraping: ACTION TO PREVENT SUICIDE C.I.C. (Co #11226415)
2026-09-27 03:36:07,702 [INFO]       Appointed Officer: MAXWELL, Chukumeka Allan (Director)
2026-09-27 03:36:07,702 [INFO]       Address:          36 Fore Street, Totnes, England, TQ9 5RP
2026-09-27 03:36:08,962 [INFO] [ 23/50] Scraping: AA AUTISM EDUCATION AND TRAINING CIC (Co #11227118)
2026-09-27 03:36:10,420 [INFO]       Appointed Officer: ATHERTON, Angela Mary (Director)
2026-09-27 03:36:10,420 [INFO]       Address:          Greenfield Business Centre, Greenfield, Holywell, Flintshire, CH8 7GR
2026-09-27 03:36:11,682 [INFO] [ 24/50] Scraping: CHILD@HEART CIC (Co #11227372)
2026-09-27 03:36:13,104 [INFO]       Appointed Officer: CUNNINGHAM, Jane Lee (Director)
2026-09-27 03:36:13,104 [INFO]       Address:          171 Sunderland Road, South Shields, Tyne And Wear, NE34 6AD
2026-09-27 03:36:14,365 [INFO] [ 25/50] Scraping: SIMPLE TRAINING SOLUTIONS C.I.C. (Co #11241251)
2026-09-27 03:36:15,844 [INFO]       Appointed Officer: GREEN, Anna Degruchy (Secretary)
2026-09-27 03:36:15,844 [INFO]       Address:          35/37 Stamford Street Stamford Street, Mossley, Ashton-Under-Lyne, England, OL5 0LN
2026-09-27 03:36:17,110 [INFO] [ 26/50] Scraping: GINGER HUTS COMMUNITY INTEREST COMPANY (Co #11240804)
2026-09-27 03:36:18,600 [INFO]       Appointed Officer: COOKE, Debbie Denise, Dr (Director)
2026-09-27 03:36:18,600 [INFO]       Address:          154 Hare Lane, Claygate, Esher, England, KT10 0RD
2026-09-27 03:36:19,865 [INFO] [ 27/50] Scraping: LES CADEAUX CIC (Co #11243878)
2026-09-27 03:36:21,365 [INFO]       Appointed Officer: LOCKWOOD, Neil Dennis (Director)
2026-09-27 03:36:21,365 [INFO]       Address:          66 Church Street, Darton, Barnsley, S75 5HQ
2026-09-27 03:36:23,108 [INFO] [ 28/50] Scraping: EXPERIENCE TALKING CIC (Co #11249408)
2026-09-27 03:36:24,462 [INFO]       Appointed Officer: CAMPBELL, James Duncan Charles (Director)
2026-09-27 03:36:24,462 [INFO]       Address:          11 Manvers Street, Bath, Somerset, BA1 1JQ
2026-09-27 03:36:26,664 [INFO] [ 29/50] Scraping: LAUNCHING ENTERPRISE ADVANCING PEOPLE (LEAP) C.I.C. (Co #11250513)
2026-09-27 03:36:28,192 [INFO]       Appointed Officer: WHILLANS, Laura Jane (Director)
2026-09-27 03:36:28,192 [INFO]       Address:          77 Kingsleigh Road, Heaton Moor, Stockport, SK4 3PH
2026-09-27 03:36:30,407 [INFO] [ 30/50] Scraping: MINDFULNESS SOUTH CIC (Co #11251097)
2026-09-27 03:36:31,760 [INFO]       Appointed Officer: GANE, Teresa (Director)
2026-09-27 03:36:31,761 [INFO]       Address:          65 Highdown Road, Lewes, East Sussex, BN7 1QE
2026-09-27 03:36:33,987 [INFO] [ 31/50] Scraping: ESSENCE OF EXETER CIC (Co #11260587)
2026-09-27 03:36:35,549 [INFO]       Appointed Officer: ROSE, Amerie (Director)
2026-09-27 03:36:35,549 [INFO]       Address:          The Generator Hub The Gallery, Kings Wharf, The Quay, Exeter, Devon, England, EX2 4AN
2026-09-27 03:36:37,788 [INFO] [ 32/50] Scraping: HATCH (NORTH) CIC (Co #11261612)
2026-09-27 03:36:39,181 [INFO]       Appointed Officer: HALL, Lesley Anne (Director)
2026-09-27 03:36:39,181 [INFO]       Address:          21 Dalby Crescent, Cherry Tree, Blackburn, Lancashire, BB2 4SZ
2026-09-27 03:36:41,379 [INFO] [ 33/50] Scraping: COMMUNITY HOPE UK C.I.C. (Co #11991337)
2026-09-27 03:36:42,915 [INFO]       Appointed Officer: HAJRI, Abdelaziz (Director)
2026-09-27 03:36:42,915 [INFO]       Address:          Unit 4 Good Life House, Brooklyn Road, Coventry, United Kingdom, CV1 4JT
2026-09-27 03:36:45,118 [INFO] [ 34/50] Scraping: WILD DERBY C.I.C. (Co #11993576)
2026-09-27 03:36:46,464 [INFO]       Appointed Officer: GIULIANO, Daisy Emma (Director)
2026-09-27 03:36:46,464 [INFO]       Address:          24 Drage Street, Derby, England, DE1 3RW
2026-09-27 03:36:48,672 [INFO] [ 35/50] Scraping: DIVERSITY EDUCATION LEARNING & CONSULTANCY COMMUNITY INTEREST COMPANY (Co #12000869)
2026-09-27 03:36:50,132 [INFO]       Appointed Officer: MOHEEUDDIN, Sheikh (Secretary)
2026-09-27 03:36:50,132 [INFO]       Address:          94-106 Leagrave Road, Luton, Bedfordshire, LU4 8HZ
2026-09-27 03:36:52,346 [INFO] [ 36/50] Scraping: DEAF COMMUNITIES COMMUNICATION CIC (Co #12000409)
2026-09-27 03:36:53,730 [INFO]       Appointed Officer: SINGEISEN, Nicolas Richard (Secretary)
2026-09-27 03:36:53,730 [INFO]       Address:          Suite 8, Stubbings House, Stubbings Lane, Maidenhead, Berkshire, United Kingdom, SL6 6QL
2026-09-27 03:36:55,939 [INFO] [ 37/50] Scraping: FINANCE FOR GOOD CIC (Co #12003302)
2026-09-27 03:36:57,441 [INFO]       Appointed Officer: BOYD, Ross (Director)
2026-09-27 03:36:57,441 [INFO]       Address:          22 Charterhouse Square, London, EC1M 6DX
2026-09-27 03:36:59,645 [INFO] [ 38/50] Scraping: BRADFORD COMMUNITY EMPOWERMENT CIC (Co #12003043)
2026-09-27 03:37:01,092 [INFO]       Appointed Officer: BURHAN, Rubina (Director)
2026-09-27 03:37:01,092 [INFO]       Address:          Girlington Centre, Girlington Road, Bradford, West Yorkshire, England, BD8 9NN
2026-09-27 03:37:03,321 [INFO] [ 39/50] Scraping: INNOVATE4LIFE CIC (Co #12003894)
2026-09-27 03:37:04,693 [INFO]       Appointed Officer: WHITEHOUSE, Leon (Director)
2026-09-27 03:37:04,693 [INFO]       Address:          3 Love Lane, Hayle, England, TR27 4PX
2026-09-27 03:37:06,900 [INFO] [ 40/50] Scraping: OHANA COMMUNITY OPERATING C.I.C. (Co #12007387)
2026-09-27 03:37:08,376 [INFO]       Appointed Officer: BOURNE, Sally Jayne (Director)
2026-09-27 03:37:08,376 [INFO]       Address:          6 The Link, Headington, Oxford, Oxfordshire, England, OX3 8DU
2026-09-27 03:37:10,618 [INFO] [ 41/50] Scraping: NEXUS FRAUD INVESTIGATIONS GROUP C.I.C. (Co #12007463)
2026-09-27 03:37:11,945 [INFO]       Appointed Officer: GILL, David (Director)
2026-09-27 03:37:11,945 [INFO]       Address:          9 Clinch Green Avenue, Bexhill-On-Sea, England, TN39 5HN
2026-09-27 03:37:14,154 [INFO] [ 42/50] Scraping: BLOKE COACH CIC (Co #12010248)
2026-09-27 03:37:15,595 [INFO]       Appointed Officer: HOPKINS, Stephen Thomas (Director)
2026-09-27 03:37:15,595 [INFO]       Address:          13 High Street, Branston, Lincoln, United Kingdom, LN4 1NB
2026-09-27 03:37:17,811 [INFO] [ 43/50] Scraping: THE WORLD-CENTRISM CIC (Co #12010405)
2026-09-27 03:37:19,154 [INFO]       Appointed Officer: SAYEED, Mohammed, Dr (Director)
2026-09-27 03:37:19,154 [INFO]       Address:          2 Southfield Road, Nottingham, Nottinghamshire, United Kingdom, NG8 3PH
2026-09-27 03:37:21,369 [INFO] [ 44/50] Scraping: PRESTON ON STOUR BROADBAND COMMUNITY INTEREST COMPANY (Co #12010553)
2026-09-27 03:37:22,942 [INFO]       Appointed Officer: GILBEY, Iain (Director)
2026-09-27 03:37:22,942 [INFO]       Address:          36 Preston On Stour, Stratford-Upon-Avon, Warwickshire, England, CV37 8NG
2026-09-27 03:37:25,143 [INFO] [ 45/50] Scraping: CARLISLE COLLECTIVE CIC (Co #12011760)
2026-09-27 03:37:26,589 [INFO]       Appointed Officer: IBBOTSON, Jack Joseph (Secretary)
2026-09-27 03:37:26,589 [INFO]       Address:          4 Wigton Road, Carlisle, Cumbria, England, CA2 7BB
2026-09-27 03:37:28,801 [INFO] [ 46/50] Scraping: THE FRESTON BOOT ALLOTMENT PROJECT CIC (Co #12016398)
2026-09-27 03:37:30,156 [INFO]       Appointed Officer: SINCLAIR, Sarah Phoebe (Secretary)
2026-09-27 03:37:30,156 [INFO]       Address:          The Freston Boot, Freston, Ipswich, Suffolk, England, IP9 1AB
2026-09-27 03:37:32,358 [INFO] [ 47/50] Scraping: DORSET EMA'S C.I.C. (Co #12016402)
2026-09-27 03:37:33,758 [INFO]       Appointed Officer: STONE, Mandla (Director)
2026-09-27 03:37:33,759 [INFO]       Address:          The Charltons 6 The Charltons, St Winifreds Rd, Bournemouth, Dorset, United Kingdom, BH2 6NZ
2026-09-27 03:37:35,985 [INFO] [ 48/50] Scraping: ASPIRE COMMUNITY SUPPORT C.I.C. (Co #12021835)
2026-09-27 03:37:37,459 [INFO]       Appointed Officer: WOOD, Michael (Secretary)
2026-09-27 03:37:37,460 [INFO]       Address:          Dalton House Leigh Road, Westhoughton, Bolton, England, BL5 2JE
2026-09-27 03:37:39,671 [INFO] [ 49/50] Scraping: THE EMPIRE OF GOD FATHER, THE SON AND THE HOLY SPIRIT C.I.C. (Co #12022512)
2026-09-27 03:37:41,010 [INFO]       Appointed Officer: MAZENDAME, Ivin (Director)
2026-09-27 03:37:41,010 [INFO]       Address:          18 St. Christophers Way, Pride Park, Derby, England, DE24 8JY
2026-09-27 03:37:43,213 [INFO] [ 50/50] Scraping: MILTON KEYNES COMMUNITY LAND TRUST C.I.C. (Co #12022188)
2026-09-27 03:37:44,576 [INFO]       Appointed Officer: MORGAN, Lawrence (Secretary)
2026-09-27 03:37:44,576 [INFO]       Address:          6 Thirsk Gardens, Bletchley, Milton Keynes, England, MK3 5LH
2026-09-27 03:37:46,805 [INFO] ================================================================================
2026-09-27 03:37:46,805 [INFO] BATCH FINISHED: Processed 50 companies in 160.1s.
2026-09-27 03:37:46,805 [INFO] Total Cumulative Enriched: 682 companies.
2026-09-27 03:37:46,805 [INFO] Updated CSV: enriched_uk_companies.csv
2026-09-27 03:37:46,805 [INFO] Updated Log: scraper.log
2026-09-27 03:37:46,805 [INFO] ================================================================================
2026-09-27 09:48:50,099 [INFO] ================================================================================
2026-09-27 09:48:50,099 [INFO] STARTING PRODUCTION UK COMPANIES HOUSE CONTACT SCRAPER
2026-09-27 09:48:50,099 [INFO] ================================================================================
2026-09-27 09:48:50,100 [INFO] Input Dataset:  Companies-House-search-results.csv
2026-09-27 09:48:50,100 [INFO] Output Dataset: enriched_uk_companies.csv
2026-09-27 09:48:50,100 [INFO] Batch Size:     50
2026-09-27 09:48:50,103 [INFO] Already processed in previous runs: 682 companies
2026-09-27 09:48:50,127 [INFO] Total remaining companies to scrape: 4318
2026-09-27 09:48:50,127 [INFO] Processing next batch of 50 companies...

2026-09-27 09:48:50,127 [INFO] [  1/50] Scraping: ART FOR BENEFIT COMMUNITY INTEREST COMPANY (Co #12027417)
2026-09-27 09:48:51,743 [INFO]       Appointed Officer: BORLAND, Michael Peter (Director)
2026-09-27 09:48:51,743 [INFO]       Address:          34 Evesham Street, Alcester, England, B49 5DW
2026-09-27 09:48:53,944 [INFO]    [EMAIL]   info@artfund.org
2026-09-27 09:48:53,944 [INFO]    [WEBSITE] https://www.artfund.org/
2026-09-27 09:48:54,944 [INFO] [  2/50] Scraping: SITFIT CIC (Co #12030512)
2026-09-27 09:48:56,651 [INFO]       Appointed Officer: NAISBITT, Katherine (Director)
2026-09-27 09:48:56,651 [INFO]       Address:          9 Fletchers Way, Allerton Bywater, Castleford, England, WF10 2FL
2026-09-27 09:48:57,777 [INFO] [  3/50] Scraping: JADEN MOODIE MOVEMENT CIC (Co #12030510)
2026-09-27 09:48:59,499 [INFO]       Appointed Officer: BAILEY, Jada (Director)
2026-09-27 09:48:59,499 [INFO]       Address:          60 Uplands Business Park, Unit B Blackhorse Lane, London, United Kingdom, E17 5QJ
2026-09-27 09:49:00,656 [INFO] [  4/50] Scraping: WRITING WINGS CIC (Co #12031006)
2026-09-27 09:49:02,387 [INFO]       Appointed Officer: BROWN, Victoria Jane (Director)
2026-09-27 09:49:02,387 [INFO]       Address:          12 Brantingham Drive, Ingleby Barwick, Stockton-On-Tees, United Kingdom, TS17 5LS
2026-09-27 09:49:03,543 [INFO] [  5/50] Scraping: EXC CIC (Co #12033694)
2026-09-27 09:49:05,084 [INFO]       Appointed Officer: BANKS, Craig Edward (Director)
2026-09-27 09:49:05,084 [INFO]       Address:          516 Edge Lane, Droylsden, Manchester, England, M43 6JW
2026-09-27 09:49:06,168 [INFO] [  6/50] Scraping: MUSIC ARTS CULTURE CIC (Co #12034955)
2026-09-27 09:49:07,750 [INFO]       Appointed Officer: FRANCIS, Desmond (Director)
2026-09-27 09:49:07,750 [INFO]       Address:          339 Dudley Road, Birmingham, West Midland, United Kingdom, B18 4HB
2026-09-27 09:49:08,925 [INFO] [  7/50] Scraping: TRIUMPH PROPERTY MANAGEMENT CIC (Co #12035931)
2026-09-27 09:49:10,609 [INFO]       Appointed Officer: MUHWATI, Richard Shingirai (Director)
2026-09-27 09:49:10,609 [INFO]       Address:          33 Avalon Way, Worthing, England, BN13 2TP
2026-09-27 09:49:11,693 [INFO] [  8/50] Scraping: WERISE YOUTH CIC (Co #12036421)
2026-09-27 09:49:13,367 [INFO]       Appointed Officer: COLE, Emeka Johnathan (Director)
2026-09-27 09:49:13,367 [INFO]       Address:          Flat 39 Brunel Court Westfields Avenue, Barnes, London, SW13 0BA
2026-09-27 09:49:14,451 [INFO] [  9/50] Scraping: AFRICAN SOCIOCULTURAL HARMONY AND ENLIGHTENMENT CIC (Co #12042568)
2026-09-27 09:49:16,091 [INFO]       Appointed Officer: FALOYE, Justice Jadesola (Director)
2026-09-27 09:49:16,091 [INFO]       Address:          226a Green Street, Middlesex, Enfield, England, EN3 7NB
2026-09-27 09:49:17,174 [INFO] [ 10/50] Scraping: COMMUNITY IN MIND CIC (Co #12045099)
2026-09-27 09:49:18,737 [INFO]       Appointed Officer: HOPE, Karen (Director)
2026-09-27 09:49:18,737 [INFO]       Address:          80-82 Norton Road, Stockton-On-Tees, England, TS18 2DE
2026-09-27 09:49:19,841 [INFO] [ 11/50] Scraping: BLACK ROCK COMMUNITY GARDEN C.I.C. (Co #12046535)
2026-09-27 09:49:21,391 [INFO]       Appointed Officer: LEDGARD, Mary (Director)
2026-09-27 09:49:21,392 [INFO]       Address:          23a Arundel Street, Brighton, East Sussex, BN2 5TG
2026-09-27 09:49:22,487 [INFO] [ 12/50] Scraping: SPEAK FOR YOURSELF C.I.C. (Co #12047632)
2026-09-27 09:49:24,072 [INFO]       Appointed Officer: BRENNAN, Caroline Charlotte (Director)
2026-09-27 09:49:24,072 [INFO]       Address:          271 Havant Road, Farlington, Portsmouth, England, PO6 1DB
2026-09-27 09:49:25,165 [INFO] [ 13/50] Scraping: MUM2MUM SUPPORT GROUP CIC (Co #12047620)
2026-09-27 09:49:26,774 [INFO]       Appointed Officer: FORREST, Nikki (Director)
2026-09-27 09:49:26,774 [INFO]       Address:          139 Beech Hill Lane, Wigan, England, WN6 8PJ
2026-09-27 09:49:27,863 [INFO] [ 14/50] Scraping: CIC 4 C.I.C. (Co #12048603)
2026-09-27 09:49:29,693 [INFO]       Appointed Officer: ELIAS-JONES, Mari-Wyn (Director)
2026-09-27 09:49:29,693 [INFO]       Address:          27 Mortimer Street, London, England, W1T 3BL
2026-09-27 09:49:30,777 [INFO] [ 15/50] Scraping: EQUITYEDUCATION C.I.C. (Co #12049043)
2026-09-27 09:49:32,300 [INFO]       Appointed Officer: PRENDERGAST, Stuart John (Director)
2026-09-27 09:49:32,300 [INFO]       Address:          16 Covey Close, Lichfield, England, WS13 6BS
2026-09-27 09:49:33,398 [INFO] [ 16/50] Scraping: OUTGRAIN ARTS C.I.C. (Co #12049282)
2026-09-27 09:49:34,916 [INFO]       Appointed Officer: ALESMAEL, Khaled Almuhammad (Director)
2026-09-27 09:49:34,917 [INFO]       Address:          14 Leighton House John Islip Street, London, England, SW1P 4EA
2026-09-27 09:49:36,066 [INFO] [ 17/50] Scraping: BACKDROP EVENTS CIC (Co #12049916)
2026-09-27 09:49:37,744 [INFO]       Appointed Officer: BARNARD, Susan Margaret Elaine (Director)
2026-09-27 09:49:37,744 [INFO]       Address:          Llys Llewelyn, Mount Pleasant, Conwy, Wales, LL32 8NY
2026-09-27 09:49:38,860 [INFO] [ 18/50] Scraping: SAWB CIC (Co #12051327)
2026-09-27 09:49:40,544 [INFO]       Appointed Officer: CLANCY, Thomas James (Director)
2026-09-27 09:49:40,545 [INFO]       Address:          6 Home Farm Way, Penllergaer, Swansea, Wales, SA4 9HF
2026-09-27 09:49:41,641 [INFO] [ 19/50] Scraping: INSPIRE SUPPORT CIC (Co #12050590)
2026-09-27 09:49:43,187 [INFO]       Appointed Officer: MARTIN, Christie Elana (Director)
2026-09-27 09:49:43,187 [INFO]       Address:          38 Meadowbout Way, Bowbrook, Shrewsbury, United Kingdom, SY5 8QD
2026-09-27 09:49:44,290 [INFO] [ 20/50] Scraping: PLP WELLBEING ACADEMY CIC (Co #12051136)
2026-09-27 09:49:45,956 [INFO]       Appointed Officer: BARNETT, David Kwame (Director)
2026-09-27 09:49:45,956 [INFO]       Address:          20 Great King Street North, Birmingham, United Kingdom, B19 2LF
2026-09-27 09:49:47,118 [INFO] [ 21/50] Scraping: GLMMM CIC (Co #12052765)
2026-09-27 09:49:48,854 [INFO]       Appointed Officer: DINSDALE, Barbara Dale (Director)
2026-09-27 09:49:48,854 [INFO]       Address:          6 Greencroft Way, Salford, United Kingdom, M7 2GJ
2026-09-27 09:49:49,942 [INFO] [ 22/50] Scraping: IBRIG C.I.C. (Co #12053412)
2026-09-27 09:49:51,523 [INFO]       Appointed Officer: KRIKUN, Dmitrii (Director)
2026-09-27 09:49:51,523 [INFO]       Address:          Suite 7 Peel House, The Downs, Altrincham, United Kingdom, WA14 2PX
2026-09-27 09:49:52,662 [INFO] [ 23/50] Scraping: WAKANDA SOCIAL ENTERPRISE CIC (Co #12055716)
2026-09-27 09:49:54,389 [INFO]       Appointed Officer: ELEMELE, Christian Chibueze (Director)
2026-09-27 09:49:54,389 [INFO]       Address:          20 Dawes Road, Dawes Road Hub, London, United Kingdom, SW6 7EN
2026-09-27 09:49:55,475 [INFO] [ 24/50] Scraping: PROSPERITY YOUTH GROUP C.I.C. (Co #12056813)
2026-09-27 09:49:57,077 [INFO]       Appointed Officer: FOSTER, Petra Anita (Director)
2026-09-27 09:49:57,077 [INFO]       Address:          Suite 5, The Cloisters 12 George Road, Edgbaston, Birmingham, West Midlands, England, B15 1NP
2026-09-27 09:49:58,159 [INFO] [ 25/50] Scraping: PLASTIC-FREE ME CIC (Co #12057667)
2026-09-27 09:49:59,905 [INFO]       Appointed Officer: CLEGG, Peter Brian (Director)
2026-09-27 09:49:59,905 [INFO]       Address:          8 Oakfield Street, Cheltenham, England, GL50 2UJ
2026-09-27 09:50:00,992 [INFO] [ 26/50] Scraping: COLWYN BUSINESS SUPPORT ZONE COMMUNITY INTEREST COMPANY (Co #12060030)
2026-09-27 09:50:02,601 [INFO]       Appointed Officer: CLEMSON, Mark John (Director)
2026-09-27 09:50:02,601 [INFO]       Address:          257 Conway Road, Mochdre, Colwyn Bay, Conwy, Wales, LL28 5AA
2026-09-27 09:50:03,688 [INFO] [ 27/50] Scraping: CHECK FIT CIC (Co #11838545)
2026-09-27 09:50:05,359 [INFO]       Appointed Officer: EDGERTON, John (Director)
2026-09-27 09:50:05,359 [INFO]       Address:          120a Cotton Exchange Building, Bixteth Street, Liverpool, Merseyside, L3 9QL
2026-09-27 09:50:06,936 [INFO] [ 28/50] Scraping: RED TENT DIRECTORY COMMUNITY INTEREST COMPANY (Co #11838386)
2026-09-27 09:50:08,505 [INFO]       Appointed Officer: CLEMENTS, Mary Ann Walsingham (Director)
2026-09-27 09:50:08,505 [INFO]       Address:          46 Gibbon Road, London, England, SE15 3XE
2026-09-27 09:50:10,578 [INFO] [ 29/50] Scraping: AFRICA HEARTS CIC (Co #11842609)
2026-09-27 09:50:12,211 [INFO]       Appointed Officer: WESTMAAS, Derek Keiron Storm (Secretary)
2026-09-27 09:50:12,211 [INFO]       Address:          125 Princes Avenue, Watford, Hertfordshire, WD18 7SQ
2026-09-27 09:50:14,431 [INFO] [ 30/50] Scraping: PALMIE C.I.C. (Co #11845350)
2026-09-27 09:50:15,979 [INFO]       Appointed Officer: RAWLINGS, Christopher Daniel (Director)
2026-09-27 09:50:15,979 [INFO]       Address:          21 Maytrees, St. Ives, United Kingdom, PE27 5WZ
2026-09-27 09:50:18,050 [INFO] [ 31/50] Scraping: FEARLESS FINANCE C.I.C. (Co #11848053)
2026-09-27 09:50:19,746 [INFO]       Appointed Officer: BRITTON, Daniel Jonathan (Director)
2026-09-27 09:50:19,747 [INFO]       Address:          12 Tyning Close, Yate, Bristol, South Gloucestershire, BS37 5PN
2026-09-27 09:50:21,839 [INFO] [ 32/50] Scraping: CICIO I BLANT (CYMRU) CIC (Co #11848688)
2026-09-27 09:50:23,372 [INFO]       Appointed Officer: TAYLOR, Steven George (Director)
2026-09-27 09:50:23,372 [INFO]       Address:          38 Granby Court, Connahs Quay, Deeside, Flintshire, CH5 4JZ
2026-09-27 09:50:25,455 [INFO] [ 33/50] Scraping: GROW YOUR MINDSET C.I.C. (Co #11860605)
2026-09-27 09:50:26,979 [INFO]       Appointed Officer: CRONSHAW, Elizabeth Sara (Director)
2026-09-27 09:50:26,979 [INFO]       Address:          12 Woodbank Drive, Bury, England, BL8 1DR
2026-09-27 09:50:29,053 [INFO] [ 34/50] Scraping: EAST KENT SLINGS CIC (Co #11872127)
2026-09-27 09:50:30,843 [INFO]       Appointed Officer: HAYHOE, Soshanna Taryn Shari (Director)
2026-09-27 09:50:30,843 [INFO]       Address:          Station House, Selling, Faversham, Kent, ME13 9PW
2026-09-27 09:50:32,915 [INFO] [ 35/50] Scraping: KIP EDUCATION C.I.C. (Co #11872110)
2026-09-27 09:50:34,604 [INFO]       Appointed Officer: AMBLER, Andrew (Director)
2026-09-27 09:50:34,604 [INFO]       Address:          2nd Floor Gadd House, Arcadia Avenue, London, United Kingdom, N3 2JU
2026-09-27 09:50:36,679 [INFO] [ 36/50] Scraping: BE EVER VIGILANT CIC (Co #11873129)
2026-09-27 09:50:38,251 [INFO]       Appointed Officer: PANTON, Patricia Beverley (Director)
2026-09-27 09:50:38,251 [INFO]       Address:          41 Copthall Road, Handsworth, Birmingham, B21 8JP
2026-09-27 09:50:40,325 [INFO] [ 37/50] Scraping: ANTE TERMINUM CIC (Co #11885417)
2026-09-27 09:50:42,061 [INFO]       Appointed Officer: WAXMAN, Frederick Merlin (Secretary)
2026-09-27 09:50:42,061 [INFO]       Address:          40 Inverness Street, London, United Kingdom, NW1 7HB
2026-09-27 09:50:44,136 [INFO] [ 38/50] Scraping: BARDSEY FIBRE PROJECT CIC (Co #11886826)
2026-09-27 09:50:45,850 [INFO]       Appointed Officer: DRAKE, Gabriel Simon (Director)
2026-09-27 09:50:45,850 [INFO]       Address:          Bardsey Primary School Woodacre Lane, Bardsey, Leeds, West Yorkshire, England, LS17 9DG
2026-09-27 09:50:47,927 [INFO] [ 39/50] Scraping: STORIES OUTSIDE COMMUNITY INTEREST COMPANY (Co #11887653)
2026-09-27 09:50:49,542 [INFO]       Appointed Officer: HICKS, Sarah Caroline (Director)
2026-09-27 09:50:49,542 [INFO]       Address:          Vantage House Euxton Lane, Euxton, Chorley, England, PR7 6TB
2026-09-27 09:50:51,620 [INFO] [ 40/50] Scraping: WEST TEN FESTIVALS CIC (Co #11890568)
2026-09-27 09:50:53,280 [INFO]       Appointed Officer: CHANDIRAM, Aaron (Director)
2026-09-27 09:50:53,280 [INFO]       Address:          8 St Quintin Avenue, London, W10 6NU
2026-09-27 09:50:55,350 [INFO] [ 41/50] Scraping: THE SECRET WAREHOUSE CIC (Co #11891592)
2026-09-27 09:50:56,864 [INFO]       Appointed Officer: CARNEY, Deborah Anne (Director)
2026-09-27 09:50:56,864 [INFO]       Address:          The Secret Warehouse, Syren Street, Liverpool, Merseyside, L20 8JS
2026-09-27 09:50:58,938 [INFO] [ 42/50] Scraping: ICONIC BLACK BRITONS C.I.C. (Co #11891871)
2026-09-27 09:51:00,626 [INFO]       Appointed Officer: CURTIS, Michele, Dr (Director)
2026-09-27 09:51:00,626 [INFO]       Address:          11 Laura Place, Bath, BA2 4BL
2026-09-27 09:51:02,705 [INFO] [ 43/50] Scraping: WELLBEING THAT WORKS CIC (Co #11892196)
2026-09-27 09:51:04,389 [INFO]       Appointed Officer: HOWARTH, Joanna Caroline (Director)
2026-09-27 09:51:04,389 [INFO]       Address:          75 Jubilee Pastures, Middlewich, Cheshire, CW10 0AS
2026-09-27 09:51:06,463 [INFO] [ 44/50] Scraping: ROOFTOP THEATRE C.I.C. (Co #11892976)
2026-09-27 09:51:08,191 [INFO]       Appointed Officer: BOLTON, Simon Edward John (Director)
2026-09-27 09:51:08,191 [INFO]       Address:          63 Steventon New Road, Ludlow, Shropshire, SY8 1JY
2026-09-27 09:51:10,262 [INFO] [ 45/50] Scraping: TOWN OF HARTLEPOOL CORPORATION CIC (Co #11894494)
2026-09-27 09:51:11,809 [INFO]       Appointed Officer: MOORE, Shane Robert (Director)
2026-09-27 09:51:11,809 [INFO]       Address:          36 Sedgewick Close, Hartlepool, United Kingdom, TS24 9EU
2026-09-27 09:51:13,880 [INFO] [ 46/50] Scraping: ANOTHER WAY OUT CIC (Co #11893856)
2026-09-27 09:51:15,596 [INFO]       Appointed Officer: BOWLER, Lucia (Director)
2026-09-27 09:51:15,596 [INFO]       Address:          1 Little Coldrenick Coldrenick, Menheniot, Liskeard, Cornwall, PL14 3RQ
2026-09-27 09:51:17,673 [INFO] [ 47/50] Scraping: THE JOSHUA RIBERA FOUNDATION CIC (Co #11893801)
2026-09-27 09:51:19,485 [INFO]       Appointed Officer: SMITH, Sherelle Lucia (Secretary)
2026-09-27 09:51:19,485 [INFO]       Address:          2 134 Anderton Park Road, Birmingham, United Kingdom, B13 9DQ
2026-09-27 09:51:21,560 [INFO] [ 48/50] Scraping: SLEEPCENTER ART SPACE (UK) C.I.C. (Co #11895251)
2026-09-27 09:51:23,144 [INFO]       Appointed Officer: LIN, Rui (Director)
2026-09-27 09:51:23,144 [INFO]       Address:          Unit 1 70 Varden Street, London, United Kingdom, E1 2JB
2026-09-27 09:51:25,226 [INFO] [ 49/50] Scraping: CHINA-UK MEDTECH ASSOCIATION LIMITED CIC (Co #11898892)
2026-09-27 09:51:26,796 [INFO]       Appointed Officer: LI, Li, Dr (Director)
2026-09-27 09:51:26,797 [INFO]       Address:          Suite L3 South Fens Business Centre, Fenton Way, Chatteris, Cambridgeshire, PE16 6TT
2026-09-27 09:51:28,867 [INFO] [ 50/50] Scraping: HAVEN GARDEN ROOMS AND HOMES CIC (Co #11899113)
2026-09-27 09:51:30,355 [INFO]       Appointed Officer: MCNAB, Angus (Director)
2026-09-27 09:51:30,355 [INFO]       Address:          21 Roundwood, Shipley, West Yorkshire, BD18 4JP
2026-09-27 09:51:32,443 [INFO] ================================================================================
2026-09-27 09:51:32,443 [INFO] BATCH FINISHED: Processed 50 companies in 162.3s.
2026-09-27 09:51:32,443 [INFO] Total Cumulative Enriched: 732 companies.
2026-09-27 09:51:32,443 [INFO] Updated CSV: enriched_uk_companies.csv
2026-09-27 09:51:32,443 [INFO] Updated Log: scraper.log
2026-09-27 09:51:32,443 [INFO] ================================================================================
2026-09-27 16:22:02,667 [INFO] ================================================================================
2026-09-27 16:22:02,667 [INFO] STARTING PRODUCTION UK COMPANIES HOUSE CONTACT SCRAPER
2026-09-27 16:22:02,667 [INFO] ================================================================================
2026-09-27 16:22:02,667 [INFO] Input Dataset:  Companies-House-search-results.csv
2026-09-27 16:22:02,667 [INFO] Output Dataset: enriched_uk_companies.csv
2026-09-27 16:22:02,667 [INFO] Batch Size:     50
2026-09-27 16:22:02,669 [INFO] Already processed in previous runs: 732 companies
2026-09-27 16:22:02,682 [INFO] Total remaining companies to scrape: 4268
2026-09-27 16:22:02,682 [INFO] Processing next batch of 50 companies...

2026-09-27 16:22:02,682 [INFO] [  1/50] Scraping: STEPPING STONES COMMUNITY LEARNING CIC (Co #11899139)
2026-09-27 16:22:04,390 [INFO]       Appointed Officer: ALLWOOD, Helen Frances (Director)
2026-09-27 16:22:04,390 [INFO]       Address:          Coupland 1, Lucid,School Of Psychological Sciences, University Of Manchester Oxford Road, Manchester, Greater Manchester, United Kingdom, M13 9PL
2026-09-27 16:22:09,909 [INFO]    [PHONE]   07950612914
2026-09-27 16:22:09,909 [INFO]    [EMAIL]   manager@steppingstoneslearning.org.uk
2026-09-27 16:22:09,909 [INFO]    [WEBSITE] https://steppingstoneslearning.org.uk/
2026-09-27 16:22:10,910 [INFO] [  2/50] Scraping: GALICIAN FILM FORUM CIC (Co #11898910)
2026-09-27 16:22:12,579 [INFO]       Appointed Officer: PARAMO PEREZ, Adriana (Director)
2026-09-27 16:22:12,579 [INFO]       Address:          28 Churchill Lodge 346 Streatham High Road, London, United Kingdom, SW16 6HD
2026-09-27 16:22:15,414 [INFO]    [EMAIL]   galicianfilmforum@gmail.com
2026-09-27 16:22:15,414 [INFO]    [WEBSITE] http://galicianfilmforum.gal/en/about-us/
2026-09-27 16:22:16,415 [INFO] [  3/50] Scraping: MACAULAY PROSPECT CONNECT CIC (Co #11898943)
2026-09-27 16:22:18,046 [INFO]       Appointed Officer: HOPKINS, Margaret Ann (Director)
2026-09-27 16:22:18,046 [INFO]       Address:          20 Macaulay Buildings, Widcombe, Bath, Somerset, BA2 6AT
2026-09-27 16:22:19,372 [INFO] [  4/50] Scraping: GAIR APP CIC (Co #11900693)
2026-09-27 16:22:20,856 [INFO]       Appointed Officer: PAVLOVA, Tatiana (Director)
2026-09-27 16:22:20,856 [INFO]       Address:          Flat 2 9 St. Philips Road, Surbiton, United Kingdom, KT6 4DU
2026-09-27 16:22:22,191 [INFO] [  5/50] Scraping: CARDIFF & VALE WELL-BEING C.I.C. (Co #11900675)
2026-09-27 16:22:23,773 [INFO]       Appointed Officer: CODRON, Pierre (Director)
2026-09-27 16:22:23,773 [INFO]       Address:          136 136 Newport Road, Mackintosh House, Cardiff, Wales, CF24 1DJ
2026-09-27 16:22:25,118 [INFO] [  6/50] Scraping: OWEN'S PARTY CIC (Co #11901060)
2026-09-27 16:22:26,661 [INFO]       Appointed Officer: PONSFORD, Alaya (Director)
2026-09-27 16:22:26,661 [INFO]       Address:          Priory Park Community Centre Upper Brook Drive, Locks Heath, Southampton, Hampshire, England, SO31 6PT
2026-09-27 16:22:28,021 [INFO] [  7/50] Scraping: WEST WIGHT COMMUNITY PARTNERSHIP CIC (Co #11902255)
2026-09-27 16:22:29,603 [INFO]       Appointed Officer: ALLFORD, John Warren (Secretary)
2026-09-27 16:22:29,603 [INFO]       Address:          5 Simmonds Close, Freshwater, Isle Of Wight, PO40 9RF
2026-09-27 16:22:30,951 [INFO] [  8/50] Scraping: UGN DESTINY CREATORS NETWORK C.I.C. (Co #11904528)
2026-09-27 16:22:32,472 [INFO]       Appointed Officer: BLACKWOOD, Dominic Anthony (Director)
2026-09-27 16:22:32,472 [INFO]       Address:          Smart 7 Business Hub, 19 Park Lane Business Centre, Nottingham, Nottinghamshire, England, NG6 0DW
2026-09-27 16:22:33,839 [INFO] [  9/50] Scraping: HELP THE HOMELESS RUGBY CIC (Co #11907662)
2026-09-27 16:22:35,361 [INFO]       Appointed Officer: ANSTEY, Max Alexander Steven (Director)
2026-09-27 16:22:35,361 [INFO]       Address:          82 Grendon Drive, Rugby, England, CV21 1UB
2026-09-27 16:22:36,710 [INFO] [ 10/50] Scraping: OLDHAM ACTIVE CIC (Co #11908625)
2026-09-27 16:22:38,328 [INFO]       Appointed Officer: IRVING, Jaden (Director)
2026-09-27 16:22:38,328 [INFO]       Address:          Unit E Highfield Works, Highfield Street, Oldham, OL9 6DT
2026-09-27 16:22:39,688 [INFO] [ 11/50] Scraping: WE2 COMMUNITY ART CIC (Co #11910597)
2026-09-27 16:22:41,119 [INFO]       Appointed Officer: BINGHAM, Richard Marc (Director)
2026-09-27 16:22:41,119 [INFO]       Address:          87 Downside, Shoreham By Sea, West Sussex, BN43 6HF
2026-09-27 16:22:42,444 [INFO] [ 12/50] Scraping: ORGANIC POULTRY BREEDERS ASSOCIATION COMMUNITY INTEREST COMPANY (Co #11849944)
2026-09-27 16:22:44,128 [INFO]       Appointed Officer: MOSELEY, Benjamin John Charles (Director)
2026-09-27 16:22:44,128 [INFO]       Address:          Summerhill Farm, Hittisleigh, Exeter, Devon, EX6 6LP
2026-09-27 16:22:45,453 [INFO] [ 13/50] Scraping: BUILDING BRIDGES WIRRAL CIC (Co #11850852)
2026-09-27 16:22:47,093 [INFO]       Appointed Officer: BRIDGE, Michelle (Director)
2026-09-27 16:22:47,094 [INFO]       Address:          Unit 3 Cavendish Hub, 1 Bray Street, Wirral, Merseyside, CH41 8DA
2026-09-27 16:22:48,434 [INFO] [ 14/50] Scraping: ALMA THEATRE CIC (Co #11851587)
2026-09-27 16:22:50,087 [INFO]       Appointed Officer: NEWTON, Holly Alexandra (Secretary)
2026-09-27 16:22:50,088 [INFO]       Address:          Alma Tavern, 18-20 Alma Vale Road, Bristol, BS8 2HY
2026-09-27 16:22:51,410 [INFO] [ 15/50] Scraping: AFTER SCHOOL KID C.I.C. (Co #11854181)
2026-09-27 16:22:52,948 [INFO]       Appointed Officer: COWLING, Beverley (Director)
2026-09-27 16:22:52,948 [INFO]       Address:          Sherwood Business 486 Mansfield Rd, Sherwood, Nottingham, Nottinghamshire, NG5 2FB
2026-09-27 16:22:54,268 [INFO] [ 16/50] Scraping: HEJIRA HOUSING CIC (Co #11855846)
2026-09-27 16:22:55,705 [INFO]       Appointed Officer: HEBDEN, John Ralph (Director)
2026-09-27 16:22:55,705 [INFO]       Address:          3 Stanmore Road, Leeds, United Kingdom, LS4 2RU
2026-09-27 16:22:57,033 [INFO] [ 17/50] Scraping: YOUTH FOR HUMAN RIGHTS BIRMINGHAM CIC (Co #11856869)
2026-09-27 16:22:58,584 [INFO]       Appointed Officer: BONNAUD, Nicholas Charles (Director)
2026-09-27 16:22:58,584 [INFO]       Address:          Quest Branston Court, Bransoton Street, Jewellery Quarter, Birmingham, B18 6BA
2026-09-27 16:22:59,904 [INFO] [ 18/50] Scraping: ACTIVE ADVENTURE NORTH WALES CIC (Co #11860031)
2026-09-27 16:23:01,447 [INFO]       Appointed Officer: DAVIES, Neil (Director)
2026-09-27 16:23:01,447 [INFO]       Address:          26 Dee Cottages, Flint, Wales, CH6 5PT
2026-09-27 16:23:02,786 [INFO] [ 19/50] Scraping: POOR AND HUNGRY COMMUNITY INTEREST COMPANY (Co #11860022)
2026-09-27 16:23:04,354 [INFO]       Appointed Officer: CARTER-JONES, Samuel (Director)
2026-09-27 16:23:04,354 [INFO]       Address:          81 Caerphilly Road, Cardiff, CF14 4AE
2026-09-27 16:23:05,675 [INFO] [ 20/50] Scraping: BHAKTI SHARANA C.I.C. (Co #11861481)
2026-09-27 16:23:07,373 [INFO]       Appointed Officer: CHUTER, Harvey Owen (Director)
2026-09-27 16:23:07,373 [INFO]       Address:          11 Margaret Bondfield Close, Pilton, Somerset, BA4 4FY
2026-09-27 16:23:08,712 [INFO] [ 21/50] Scraping: SUSSEX STALKING SUPPORT CIC (Co #11868743)
2026-09-27 16:23:10,368 [INFO]       Appointed Officer: GODFREY, Elizabeth (Director)
2026-09-27 16:23:10,368 [INFO]       Address:          Community Base, 113 Queens Road, Brighton, West Sussex, BN1 3XG
2026-09-27 16:23:11,686 [INFO] [ 22/50] Scraping: JOE ORTON STATUE APPEAL C.I.C. (Co #11869477)
2026-09-27 16:23:13,259 [INFO]       Appointed Officer: BARNETT, Leone Catherine (Director)
2026-09-27 16:23:13,259 [INFO]       Address:          5 Station Road, Hinckley, Leicestershire, England, LE10 1AW
2026-09-27 16:23:14,596 [INFO] [ 23/50] Scraping: CREATIVE ALTERNATIVE PATHS FOR EDUCATION C.I.C. (Co #11872729)
2026-09-27 16:23:16,228 [INFO]       Appointed Officer: HUSSEIN, Hussein Mohamed (Director)
2026-09-27 16:23:16,229 [INFO]       Address:          1c Dunford Road, London, United Kingdom, N7 6EP
2026-09-27 16:23:17,552 [INFO] [ 24/50] Scraping: HOLISTIC LIVING C.I.C. (Co #11878859)
2026-09-27 16:23:19,200 [INFO]       Appointed Officer: BULFIELD, Carl Anthony (Director)
2026-09-27 16:23:19,200 [INFO]       Address:          4 Cartmel Drive, West Derby, Liverpool, Merseyside, L12 0HW
2026-09-27 16:23:20,536 [INFO] [ 25/50] Scraping: LINGFIELD CENTRE CIC (Co #11879348)
2026-09-27 16:23:22,162 [INFO]       Appointed Officer: MALIK, Naila (Secretary)
2026-09-27 16:23:22,162 [INFO]       Address:          The Lingfield Centre, Lingfield Drive, Leeds, United Kingdom, LS17 7EL
2026-09-27 16:23:23,480 [INFO] [ 26/50] Scraping: REAL INSIGHT CONSULTANCY UK CIC (Co #11880618)
2026-09-27 16:23:25,029 [INFO]       Appointed Officer: KAPUNDU, Soka (Director)
2026-09-27 16:23:25,029 [INFO]       Address:          2nd Floor Unit 2.16 Astra House, 23-25 Arklow Road, London, SE14 6EB
2026-09-27 16:23:26,358 [INFO] [ 27/50] Scraping: SPECTRECOIN FOUNDATION CIC (Co #11884217)
2026-09-27 16:23:27,978 [INFO]       Appointed Officer: BORUM, Neil (Director)
2026-09-27 16:23:27,978 [INFO]       Address:          35 Ballards Lane, London, N3 1XW
2026-09-27 16:23:29,778 [INFO] [ 28/50] Scraping: CAPOEIRA CONVIVER C.I.C. (Co #11914327)
2026-09-27 16:23:31,357 [INFO]       Appointed Officer: DA SILVA, Valdir (Director)
2026-09-27 16:23:31,357 [INFO]       Address:          Universal Building Units 18a And 19 4th Floor, Devonshire St N, Manchester, Lancs, M12 6JR
2026-09-27 16:23:33,664 [INFO] [ 29/50] Scraping: INTERDENOMINATIONAL LADIES IN MINISTRY C.I.C. (Co #11914558)
2026-09-27 16:23:35,270 [INFO]       Appointed Officer: NGWENYA, Letwin Muchaneta (Secretary)
2026-09-27 16:23:35,270 [INFO]       Address:          128 Horseley Fields, Wolverhampton, England, WV1 3DD
2026-09-27 16:23:37,577 [INFO] [ 30/50] Scraping: THE WELLBEING ROOMS CIC (Co #11915727)
2026-09-27 16:23:39,349 [INFO]       Appointed Officer: BARTHOLOMEW, Jane (Director)
2026-09-27 16:23:39,349 [INFO]       Address:          10 Radstock Road, Stretford, Manchester, England, M32 0AL
2026-09-27 16:23:41,666 [INFO] [ 31/50] Scraping: LIGHT UP AXMINSTER CIC (Co #11914492)
2026-09-27 16:23:43,299 [INFO]       Appointed Officer: BARTON, Graham Glen (Director)
2026-09-27 16:23:43,299 [INFO]       Address:          7 Castle Mews, Castle Street, Axminster, Devon, United Kingdom, EX13 5PD
2026-09-27 16:23:45,610 [INFO] [ 32/50] Scraping: BUDS AND BLOOMS INTERGENERATIONAL GROUPS COMMUNITY INTEREST COMPANY (Co #11915674)
2026-09-27 16:23:47,224 [INFO]       Appointed Officer: BARWISE, Wendy Joy (Director)
2026-09-27 16:23:47,224 [INFO]       Address:          17 Murch Crescent, Dinas Powys, Vale Of Glamorgan, Wales, CF64 4RF
2026-09-27 16:23:49,525 [INFO] [ 33/50] Scraping: ANOTHER WORLD FARMS CIC (Co #11919256)
2026-09-27 16:23:51,002 [INFO]       Appointed Officer: DAVIES, Lucy, Dr (Director)
2026-09-27 16:23:51,002 [INFO]       Address:          53 Ponsonby Road, Plymouth, PL3 4HP
2026-09-27 16:23:53,310 [INFO] [ 34/50] Scraping: CATFORD FRIDGE STATION COMMUNITY INTEREST COMPANY (Co #11919193)
2026-09-27 16:23:54,798 [INFO]       Appointed Officer: DE MEILLON MALARD, Lana (Director)
2026-09-27 16:23:54,798 [INFO]       Address:          60 Bradgate Road, London, United Kingdom, SE6 4TS
2026-09-27 16:23:57,129 [INFO] [ 35/50] Scraping: FUTUREPROOF YOUTH CIC (Co #11919554)
2026-09-27 16:23:58,568 [INFO]       Appointed Officer: SAHA, Henri Oliver, Mr. (Director)
2026-09-27 16:23:58,569 [INFO]       Address:          34 The Courtway, Watford, Hertfordshire, United Kingdom, WD19 5DW
2026-09-27 16:24:00,879 [INFO] [ 36/50] Scraping: RIDGEFIELDS ECOLOGICAL LAND PARTNERSHIPS CIC (Co #11921133)
2026-09-27 16:24:02,546 [INFO]       Appointed Officer: AXFORD, Matthew Walter (Director)
2026-09-27 16:24:02,547 [INFO]       Address:          21 Ridgefields, Biddulph Moor, Stoke On Trent, Staffordshire, ST8 7JG
2026-09-27 16:24:04,865 [INFO] [ 37/50] Scraping: LES OKAPIS TRAVEL & TOURISM C.I.C. (Co #11928826)
2026-09-27 16:24:06,484 [INFO]       Appointed Officer: MBAKI, Marie (Secretary)
2026-09-27 16:24:06,484 [INFO]       Address:          Flat 7 1 Duke Street, Salford, Lancashire, M7 1PR
2026-09-27 16:24:08,781 [INFO] [ 38/50] Scraping: TRUE NAME THEATRE C.I.C. (Co #11929033)
2026-09-27 16:24:10,481 [INFO]       Appointed Officer: CREED, Pollyana Helen (Director)
2026-09-27 16:24:10,481 [INFO]       Address:          Flat 2 45-47 Clerkenwell Road, London, England, EC1M 5RS
2026-09-27 16:24:12,787 [INFO] [ 39/50] Scraping: FAVERSHAM FOTO FESTIVAL CIC (Co #11930051)
2026-09-27 16:24:14,277 [INFO]       Appointed Officer: HAWKINS, Simon Lewis (Director)
2026-09-27 16:24:14,278 [INFO]       Address:          1 Swedish House Throwley Road, Throwley, Faversham, Kent, England, ME13 0PF
2026-09-27 16:24:16,567 [INFO] [ 40/50] Scraping: UNDER THE SKY EVENTS CIC (Co #11930537)
2026-09-27 16:24:18,065 [INFO]       Appointed Officer: HILL-MURPHY, Jacki (Director)
2026-09-27 16:24:18,065 [INFO]       Address:          Shutes End, Ames Lane, Radstock, Somerset, BA3 5TB
2026-09-27 16:24:20,365 [INFO] [ 41/50] Scraping: OVERSEAS CHRISTIAN COMMUNITY UK CIC (Co #11936508)
2026-09-27 16:24:21,919 [INFO]       Appointed Officer: CHAUGHTAI, Ajmal (Director)
2026-09-27 16:24:21,919 [INFO]       Address:          60 Blay Avenue, Walsall, England, WS2 9UX
2026-09-27 16:24:24,216 [INFO] [ 42/50] Scraping: VETERANS RESPONSE SERVICES CIC (Co #11935749)
2026-09-27 16:24:25,905 [INFO]       Appointed Officer: BOYLE, Paul (Director)
2026-09-27 16:24:25,905 [INFO]       Address:          86a Fowler Street Fowler Street, South Shields, England, NE33 1PD
2026-09-27 16:24:28,204 [INFO] [ 43/50] Scraping: FUN HOUSE ARTS CIC (Co #11937883)
2026-09-27 16:24:29,814 [INFO]       Appointed Officer: DAVIES, Andrew Alan (Director)
2026-09-27 16:24:29,814 [INFO]       Address:          25 Kings Road, St Leonards On Sea, East Sussex, TN37 6DU
2026-09-27 16:24:32,125 [INFO] [ 44/50] Scraping: ASAP VOLUNTEERS C.I.C. (Co #11939819)
2026-09-27 16:24:33,610 [INFO]       Appointed Officer: ADELEKE, Amie Omotayo (Director)
2026-09-27 16:24:33,610 [INFO]       Address:          10 Mount Road, Barnet, London, EN4 9RL
2026-09-27 16:24:35,922 [INFO] [ 45/50] Scraping: DUARA C.I.C. (Co #11941582)
2026-09-27 16:24:37,439 [INFO]       Appointed Officer: CHARLES, Ras Abraham Jacob (Director)
2026-09-27 16:24:37,439 [INFO]       Address:          80-90 Paul Street, London, England, EC2A 4NE
2026-09-27 16:24:39,744 [INFO] [ 46/50] Scraping: DISABILITY AWARE UK CIC (Co #11963167)
2026-09-27 16:24:41,279 [INFO]       Appointed Officer: BOWLEY-WILLIAMS, Donna (Director)
2026-09-27 16:24:41,279 [INFO]       Address:          740 Preston Old Road, Blackburn, England, BB2 5EN
2026-09-27 16:24:43,588 [INFO] [ 47/50] Scraping: WE ARE YELLOW BUTTON CIC (Co #11963353)
2026-09-27 16:24:45,067 [INFO]       Appointed Officer: KIGHTLEY, Christopher John (Director)
2026-09-27 16:24:45,067 [INFO]       Address:          38a Melbourne Street, Stalybridge, Cheshire, England, SK15 2JJ
2026-09-27 16:24:47,369 [INFO] [ 48/50] Scraping: ROOTS 2 WANDER FOREST SCHOOL CIC (Co #11963997)
2026-09-27 16:24:48,979 [INFO]       Appointed Officer: ROGERS, Claire (Director)
2026-09-27 16:24:48,979 [INFO]       Address:          6 Larkfield Rise, St Mawes, Truro Cornwall, United Kingdom, TR2 5DF
2026-09-27 16:24:51,283 [INFO] [ 49/50] Scraping: TETRA CAPITA ENTERPRISE C.I.C. (Co #SC631423)
2026-09-27 16:24:52,903 [INFO]       Appointed Officer: AGUSTSDOTTIR, Helga Vala (Secretary)
2026-09-27 16:24:52,904 [INFO]       Address:          Knysna House, 6 Burgh Road, Lerwick, Shetland, Scotland, ZE1 0LB
2026-09-27 16:24:55,196 [INFO] [ 50/50] Scraping: COGNITIVE VARIABLES CIC (Co #SC634672)
2026-09-27 16:24:56,725 [INFO]       Appointed Officer: HISLOP, Verity (Director)
2026-09-27 16:24:56,725 [INFO]       Address:          2 Gala Lane, Galashiels, United Kingdom, TD1 3AW
2026-09-27 16:24:59,038 [INFO] ================================================================================
2026-09-27 16:24:59,038 [INFO] BATCH FINISHED: Processed 50 companies in 176.4s.
2026-09-27 16:24:59,038 [INFO] Total Cumulative Enriched: 782 companies.
2026-09-27 16:24:59,038 [INFO] Updated CSV: enriched_uk_companies.csv
2026-09-27 16:24:59,038 [INFO] Updated Log: scraper.log
2026-09-27 16:24:59,038 [INFO] ================================================================================
2026-09-27 22:48:00,107 [INFO] ================================================================================
2026-09-27 22:48:00,107 [INFO] STARTING PRODUCTION UK COMPANIES HOUSE CONTACT SCRAPER
2026-09-27 22:48:00,107 [INFO] ================================================================================
2026-09-27 22:48:00,107 [INFO] Input Dataset:  Companies-House-search-results.csv
2026-09-27 22:48:00,107 [INFO] Output Dataset: enriched_uk_companies.csv
2026-09-27 22:48:00,107 [INFO] Batch Size:     50
2026-09-27 22:48:00,110 [INFO] Already processed in previous runs: 782 companies
2026-09-27 22:48:00,129 [INFO] Total remaining companies to scrape: 4218
2026-09-27 22:48:00,129 [INFO] Processing next batch of 50 companies...

2026-09-27 22:48:00,129 [INFO] [  1/50] Scraping: THE SPIEL COLLECTIVE CIC (Co #SC634641)
2026-09-27 22:48:01,253 [INFO]       Appointed Officer: LAUCHLAN-BROWN, Elizabeth Margaret (Director)
2026-09-27 22:48:01,253 [INFO]       Address:          139 Dixon Road, Glasgow, Scotland, G42 8TT
2026-09-27 22:48:10,380 [INFO]    [EMAIL]   info@clarity-project.co.uk
2026-09-27 22:48:10,380 [INFO]    [WEBSITE] https://clarity-project.co.uk/company/SC634641
2026-09-27 22:48:11,381 [INFO] [  2/50] Scraping: LEAP 4 LIFE LOTHIAN CIC (Co #SC635251)
2026-09-27 22:48:12,414 [INFO]       Appointed Officer: MARSHALL, Lisa (Director)
2026-09-27 22:48:12,414 [INFO]       Address:          65 Kings Road, Tranent, East Lothian, EH33 2EY
2026-09-27 22:48:14,974 [INFO]    [EMAIL]   info@eventbrite.co.uk
2026-09-27 22:48:14,975 [INFO]    [WEBSITE] https://www.eventbrite.co.uk/o/leap-4-life-lothian-112203457451
2026-09-27 22:48:15,988 [INFO] [  3/50] Scraping: DUNBAR MUSIC SCHOOL EDUCATION CIC (Co #SC635733)
2026-09-27 22:48:17,107 [INFO]       Appointed Officer: GREALY, Siobhan Mary (Director)
2026-09-27 22:48:17,107 [INFO]       Address:          20 Kings Court, Dunbar, Scotland, EH42 1ZG
2026-09-27 22:48:18,186 [INFO] [  4/50] Scraping: NORTH EDINBURGH SOCIAL C.I.C. (Co #SC635805)
2026-09-27 22:48:19,147 [INFO]       Appointed Officer: HENDERSON, Michael (Director)
2026-09-27 22:48:19,147 [INFO]       Address:          39 Boswall Avenue, Edinburgh, Scotland, EH5 2EA
2026-09-27 22:48:20,427 [INFO] [  5/50] Scraping: MAWCARSE GIGABIT BROADBAND CIC (Co #SC637303)
2026-09-27 22:48:21,439 [INFO]       Appointed Officer: MACALPINE, Colin (Director)
2026-09-27 22:48:21,439 [INFO]       Address:          Mawburn Cottage, Mawcarse, Kinross, Scotland, KY13 9SB
2026-09-27 22:48:22,536 [INFO] [  6/50] Scraping: CAFÉ NOOLA'S CIC (Co #SC637828)
2026-09-27 22:48:23,573 [INFO]       Appointed Officer: HAMPSON, Kirsti Marrianne (Director)
2026-09-27 22:48:23,573 [INFO]       Address:          1 Orchard Park, St. Boswells, Melrose, Roxburghshire, TD6 0DA
2026-09-27 22:48:24,653 [INFO] [  7/50] Scraping: BUMP TO JUMP CIC (Co #SC638320)
2026-09-27 22:48:25,779 [INFO]       Appointed Officer: MAYNARD, Suzanne Elizabeth (Director)
2026-09-27 22:48:25,779 [INFO]       Address:          15 Corporal John Shaw Court, Prestonpans, Scotland, EH32 9GJ
2026-09-27 22:48:26,876 [INFO] [  8/50] Scraping: ADVENTURES UNDER SAIL C.I.C. (Co #SC638433)
2026-09-27 22:48:27,839 [INFO]       Appointed Officer: COX, Declan James Mark (Director)
2026-09-27 22:48:27,839 [INFO]       Address:          Suite 2/3 48 West George Street, Glasgow, Scotland, G2 1BP
2026-09-27 22:48:28,910 [INFO] [  9/50] Scraping: OLIVE TREE MADRASAH C.I.C. (Co #SC639351)
2026-09-27 22:48:29,906 [INFO]       Appointed Officer: BARRY, Yahya, Dr. (Director)
2026-09-27 22:48:29,907 [INFO]       Address:          10 Gayfield Place Lane, Edinburgh, Scotland, EH1 3NZ
2026-09-27 22:48:30,982 [INFO] [ 10/50] Scraping: MILLEFOLIA CIC (Co #SC639480)
2026-09-27 22:48:32,079 [INFO]       Appointed Officer: CAIN, Kathleen Patricia, Dr (Director)
2026-09-27 22:48:32,080 [INFO]       Address:          Milnton, Tynron, Thornhill, Dumfries And Galloway, United Kingdom, DG3 4JY
2026-09-27 22:48:33,172 [INFO] [ 11/50] Scraping: LEVERBURGH COMMUNITY HUB COMMUNITY INTEREST COMPANY (Co #SC639370)
2026-09-27 22:48:34,359 [INFO]       Appointed Officer: ROSS, Alan Angus (Secretary)
2026-09-27 22:48:34,359 [INFO]       Address:          The Old Schoolhouse, Finsbay, Isle Of Harris, HS3 3JD
2026-09-27 22:48:35,446 [INFO] [ 12/50] Scraping: CROSSROAD GAMES CIC (Co #SC640553)
2026-09-27 22:48:36,458 [INFO]       Appointed Officer: GORDON, Hannah Edith (Director)
2026-09-27 22:48:36,458 [INFO]       Address:          Queen Margaret University Queen Margaret University Way, Business Innovation Zone, Musselburgh, East Lothian, EH21 6UU
2026-09-27 22:48:37,540 [INFO] [ 13/50] Scraping: APPIN COMMUNITY TRADING CIC (Co #SC640699)
2026-09-27 22:48:38,565 [INFO]       Appointed Officer: CORNISH, Robert Nelson (Director)
2026-09-27 22:48:38,565 [INFO]       Address:          3 Coilleveneach Fasnacloich, Appin, Argyll, Scotland, PA38 4BJ
2026-09-27 22:48:39,653 [INFO] [ 14/50] Scraping: THEWINDYDANDELION CIC (Co #SC641229)
2026-09-27 22:48:40,604 [INFO]       Appointed Officer: MCKINLAY, Steven Waterston (Director)
2026-09-27 22:48:40,605 [INFO]       Address:          58 Meadowfield Drive, Edinburgh, Scotland, EH8 7LU
2026-09-27 22:48:41,709 [INFO] [ 15/50] Scraping: MUSIC AT HEART CIC (Co #SC641971)
2026-09-27 22:48:42,784 [INFO]       Appointed Officer: JOHNSTON, Katie (Secretary)
2026-09-27 22:48:42,784 [INFO]       Address:          19 Churchill Drive, Stornoway, Scotland, HS1 2NP
2026-09-27 22:48:43,859 [INFO] [ 16/50] Scraping: RISE:GLASGOW CIC (Co #SC641430)
2026-09-27 22:48:44,922 [INFO]       Appointed Officer: COMBE, Jonathan (Director)
2026-09-27 22:48:44,922 [INFO]       Address:          98/3 Great Junction Street, Edinburgh, Scotland, EH6 5LD
2026-09-27 22:48:46,007 [INFO] [ 17/50] Scraping: DIFFERENCE BY DESIGN SCOTLAND CIC (Co #SC644146)
2026-09-27 22:48:46,966 [INFO]       Appointed Officer: ANDERSON, Gerard (Director)
2026-09-27 22:48:46,967 [INFO]       Address:          Community Central Hall, 292-316 Maryhill Road, Glasgow, Scotland, G20 7YE
2026-09-27 22:48:48,047 [INFO] [ 18/50] Scraping: MANY HANDS CO-DESIGN CIC (Co #SC643333)
2026-09-27 22:48:49,051 [INFO]       Appointed Officer: WHYTE, Ian (Director)
2026-09-27 22:48:49,051 [INFO]       Address:          Lendrick Lodge, Roundyhill, Forfar, Angus, Scotland, DD8 1QP
2026-09-27 22:48:50,286 [INFO] [ 19/50] Scraping: LEAP ENTERPRISE SCOTLAND CIC (Co #SC647558)
2026-09-27 22:48:51,427 [INFO]       Appointed Officer: MCGREGOR, Stuart Gregor (Secretary)
2026-09-27 22:48:51,427 [INFO]       Address:          197 Hamilton Road, Halfway, Cambuslang, G72 7PJ
2026-09-27 22:48:52,510 [INFO] [ 20/50] Scraping: 54EP CIC (Co #SC649409)
2026-09-27 22:48:53,474 [INFO]       Appointed Officer: FISHER, Daniel Arthur (Director)
2026-09-27 22:48:53,474 [INFO]       Address:          54 Bankhead Crossway South, Edinburgh, Scotland, EH11 4EP
2026-09-27 22:48:54,588 [INFO] [ 21/50] Scraping: FREEDOM YOGA EAST LOTHIAN CIC (Co #SC648917)
2026-09-27 22:48:55,641 [INFO]       Appointed Officer: EDWARDS, Angela (Director)
2026-09-27 22:48:55,641 [INFO]       Address:          12 Hawthornbank Road, Haddington, East Lothian, EH41 3AU
2026-09-27 22:48:56,731 [INFO] [ 22/50] Scraping: MCBEE EDUCATION & SUPPORT CIC (Co #SC649958)
2026-09-27 22:48:57,799 [INFO]       Appointed Officer: COLLINS, Ruth Andrea (Director)
2026-09-27 22:48:57,799 [INFO]       Address:          57 Glenalla Crescent, Ayr, Scotland, KA7 4DA
2026-09-27 22:48:58,872 [INFO] [ 23/50] Scraping: WEST CLIFTON FIBRE BROADBAND CIC (Co #SC654946)
2026-09-27 22:48:59,906 [INFO]       Appointed Officer: SUTHERLAND, Alexander Oliver (Director)
2026-09-27 22:48:59,906 [INFO]       Address:          Old Farm House Mid Calder, West Clifton, Livingston, Scotland, EH53 0HT
2026-09-27 22:49:00,999 [INFO] [ 24/50] Scraping: EXPLORE BEING HUMAN CIC (Co #SC657880)
2026-09-27 22:49:02,162 [INFO]       Appointed Officer: BLACK, Christine Elisabeth (Director)
2026-09-27 22:49:02,162 [INFO]       Address:          4/4 Millar Place, Edinburgh, Scotland, EH10 5HJ
2026-09-27 22:49:03,236 [INFO] [ 25/50] Scraping: NOURISHING CHANGE C.I.C. (Co #SC657868)
2026-09-27 22:49:04,265 [INFO]       Appointed Officer: CULLEN, Nicholas James (Director)
2026-09-27 22:49:04,265 [INFO]       Address:          268/7 Canongate, Edinburgh, Scotland, EH8 8AA
2026-09-27 22:49:05,338 [INFO] [ 26/50] Scraping: LOVE LOCHS AND LANDSCAPES CIC (Co #SC659774)
2026-09-27 22:49:06,294 [INFO]       Appointed Officer: LIMBERT, Alison (Director)
2026-09-27 22:49:06,294 [INFO]       Address:          37 Endrick Gardens, Balfron, Glasgow, Scotland, G63 0RD
2026-09-27 22:49:07,397 [INFO] [ 27/50] Scraping: THESOCIALED CIC (Co #SC659516)
2026-09-27 22:49:08,412 [INFO]       Appointed Officer: GAVAN, Lisa (Director)
2026-09-27 22:49:08,412 [INFO]       Address:          5 Almond Vale, Uddingston, Glasgow, Scotland, G71 6QQ
2026-09-27 22:49:09,513 [INFO] [ 28/50] Scraping: THE KINDNESS WAVE CIC (Co #SC660565)
2026-09-27 22:49:10,468 [INFO]       Appointed Officer: BEVERIDGE, Laura Elizabeth (Director)
2026-09-27 22:49:10,468 [INFO]       Address:          300 Baberton Mains Drive, Edinburgh, Scotland, EH14 3EN
2026-09-27 22:49:12,549 [INFO] [ 29/50] Scraping: THE IMPACT PATHWAY C.I.C. (Co #SC660616)
2026-09-27 22:49:13,577 [INFO]       Appointed Officer: DEVLIN, Brian (Director)
2026-09-27 22:49:13,577 [INFO]       Address:          5 Station Road, Grangemouth, Stirlingshire, United Kingdom, FK3 8DG
2026-09-27 22:49:15,640 [INFO] [ 30/50] Scraping: MADE IN MIDLOTHIAN C.I.C. (Co #SC659797)
2026-09-27 22:49:16,715 [INFO]       Appointed Officer: BELL, Renae Jade (Director)
2026-09-27 22:49:16,716 [INFO]       Address:          29 Edgehead Road, Edgehead, Pathhead, Scotland, EH37 5RL
2026-09-27 22:49:18,777 [INFO] [ 31/50] Scraping: PURRITO FOSTERS COMMUNITY INTEREST COMPANY (Co #SC660818)
2026-09-27 22:49:19,719 [INFO]       Appointed Officer: RENDE VIANA, Laura (Director)
2026-09-27 22:49:19,720 [INFO]       Address:          10/6 Cheyne Street, Edinburgh, Scotland, EH4 1JE
2026-09-27 22:49:21,809 [INFO] [ 32/50] Scraping: BUSINESS COLLECTIVE SCOTLAND CIC (Co #SC664930)
2026-09-27 22:49:22,777 [INFO]       Appointed Officer: CONWAY, Kelly (Director)
2026-09-27 22:49:22,777 [INFO]       Address:          2/3 12 Bedford Street, Glasgow, United Kingdom, G5 9AJ
2026-09-27 22:49:24,875 [INFO] [ 33/50] Scraping: MIDDLESHAW FTTP COMMUNITY INTEREST COMPANY (Co #SC664824)
2026-09-27 22:49:25,828 [INFO]       Appointed Officer: GARDEN, Kenneth Campbell (Director)
2026-09-27 22:49:25,828 [INFO]       Address:          Innis Bheag, Middlesahw, Lockerbie, Dumfries & Galloway, DG11 1AJ
2026-09-27 22:49:27,898 [INFO] [ 34/50] Scraping: ARTYFARTY ART CIC (Co #SC664268)
2026-09-27 22:49:28,903 [INFO]       Appointed Officer: HALE, Jane Helen (Director)
2026-09-27 22:49:28,903 [INFO]       Address:          14 Fox Spring Rise, Edinburgh, EH10 6NE
2026-09-27 22:49:30,972 [INFO] [ 35/50] Scraping: FLOW STAGE PRODUCTIONS C.I.C. (Co #SC671970)
2026-09-27 22:49:31,948 [INFO]       Appointed Officer: ATKINSON, Beth (Director)
2026-09-27 22:49:31,948 [INFO]       Address:          72 Ardargie Drive, Glasgow, Scotland, G32 8NT
2026-09-27 22:49:34,028 [INFO] [ 36/50] Scraping: VINCLUSIVE CIC (Co #SC672527)
2026-09-27 22:49:35,105 [INFO]       Appointed Officer: FLEMING, David (Director)
2026-09-27 22:49:35,105 [INFO]       Address:          2/1 14 Waverley Gardens, Glasgow, Scotland, G41 2EG
2026-09-27 22:49:37,176 [INFO] [ 37/50] Scraping: ROOTS 2 GROWTH CIC (Co #SC674054)
2026-09-27 22:49:38,202 [INFO]       Appointed Officer: AHMED, Ahmed (Director)
2026-09-27 22:49:38,203 [INFO]       Address:          31 Mertoun Place, Edinburgh, Scotland, EH11 1JX
2026-09-27 22:49:40,268 [INFO] [ 38/50] Scraping: THE VETERANS CANDLE COMPANY CIC (Co #SC674818)
2026-09-27 22:49:41,311 [INFO]       Appointed Officer: GIRDWOOD, Michael (Director)
2026-09-27 22:49:41,311 [INFO]       Address:          57 The Hedges, Tranent, Scotland, EH33 2QS
2026-09-27 22:49:43,526 [INFO] [ 39/50] Scraping: MALES TALES HELENSBURGH C.I.C. (Co #SC674447)
2026-09-27 22:49:44,571 [INFO]       Appointed Officer: COCHRANE, Trevor Nicholas (Director)
2026-09-27 22:49:44,571 [INFO]       Address:          4 Mcauslan Place, Helensburgh, Scotland, G84 7LS
2026-09-27 22:49:46,661 [INFO] [ 40/50] Scraping: SAORSA SEILLEAN COMMUNITY INTEREST COMPANY (Co #SC673544)
2026-09-27 22:49:47,663 [INFO]       Appointed Officer: GALE, Lindsay (Director)
2026-09-27 22:49:47,664 [INFO]       Address:          Clashdhu, Dunphail, Forres, Moray, United Kingdom, IV36 2QG
2026-09-27 22:49:49,735 [INFO] [ 41/50] Scraping: JUSTAHUB COMMUNITY INTEREST COMPANY (Co #SC675621)
2026-09-27 22:49:50,876 [INFO]       Appointed Officer: BURNS, Sophia Lindsay (Director)
2026-09-27 22:49:50,876 [INFO]       Address:          6 Beechwood Road, Evanton Industrial Estate, Dingwall, Ross-Shire, IV16 9XJ
2026-09-27 22:49:52,953 [INFO] [ 42/50] Scraping: THE SOCIAL GROCER C.I.C. (Co #SC676447)
2026-09-27 22:49:54,005 [INFO]       Appointed Officer: MACDONALD, Mhairi Anne (Director)
2026-09-27 22:49:54,005 [INFO]       Address:          Unit 2 Newbridge Industrial Estate, Newbridge, Scotland, EH28 8PJ
2026-09-27 22:49:56,069 [INFO] [ 43/50] Scraping: BREAKING THROUGH CAREERS CIC (Co #SC680915)
2026-09-27 22:49:57,083 [INFO]       Appointed Officer: BOL PIER, Pier (Director)
2026-09-27 22:49:57,083 [INFO]       Address:          2/4 Worlds End Close, 10 High Street, Edinburgh, Scotland, EH1 1TD
2026-09-27 22:49:59,146 [INFO] [ 44/50] Scraping: THREE POUND COIN THEATRE C.I.C. (Co #SC681519)
2026-09-27 22:50:00,206 [INFO]       Appointed Officer: FLEMING, Benjamin David Alexander (Director)
2026-09-27 22:50:00,206 [INFO]       Address:          38a Great King Street, Edinburgh, Scotland, EH3 6QH
2026-09-27 22:50:02,276 [INFO] [ 45/50] Scraping: HEADSTRONG EVENTS COMMUNITY INTEREST COMPANY (Co #SC682961)
2026-09-27 22:50:03,272 [INFO]       Appointed Officer: MORRISON, Gail Rhona (Director)
2026-09-27 22:50:03,272 [INFO]       Address:          1-1, 55 Daisy Street, Glasgow, Lanarkshire, G42 8HG
2026-09-27 22:50:05,342 [INFO] [ 46/50] Scraping: RHUBARB&CUSTARD CIC (Co #SC683072)
2026-09-27 22:50:06,272 [INFO]       Appointed Officer: MCGAVIN, Janet Margaret (Director)
2026-09-27 22:50:06,272 [INFO]       Address:          Selma, Old Crieff Road, Aberfeldy, Scotland, PH15 2DH
2026-09-27 22:50:08,344 [INFO] [ 47/50] Scraping: THE HEALING COMMUNITY CIC (Co #SC685311)
2026-09-27 22:50:09,409 [INFO]       Appointed Officer: KENTON, Lynette (Director)
2026-09-27 22:50:09,409 [INFO]       Address:          Mansfield Traquair Centre, 15 Mansfield Place, Edinburgh, Scotland, EH3 6BB
2026-09-27 22:50:11,486 [INFO] [ 48/50] Scraping: EBH GROUP UK CIC (Co #SC684919)
2026-09-27 22:50:12,414 [INFO]       Appointed Officer: DAVIES, Saul (Director)
2026-09-27 22:50:12,414 [INFO]       Address:          13 Londubh Poolewe, Achnasheen, Scotland, IV22 2LD
2026-09-27 22:50:14,492 [INFO] [ 49/50] Scraping: HABARI MEDIA PROJECT CIC (Co #SC684694)
2026-09-27 22:50:15,504 [INFO]       Appointed Officer: CHAHALI, Evarist Philemon (Director)
2026-09-27 22:50:15,504 [INFO]       Address:          0/1 24 Halbeath Avenue, Glasgow, Scotland, G15 8QR
2026-09-27 22:50:17,569 [INFO] [ 50/50] Scraping: TEAMDREAMS HORSES CIC (Co #SC684662)
2026-09-27 22:50:18,496 [INFO]       Appointed Officer: WHITE, Laurajane (Director)
2026-09-27 22:50:18,496 [INFO]       Address:          Feranda, 92 Ayr Road, Cumnock, East Ayrshire, United Kingdom, KA18 1EQ
2026-09-27 22:50:20,741 [INFO] ================================================================================
2026-09-27 22:50:20,741 [INFO] BATCH FINISHED: Processed 50 companies in 140.6s.
2026-09-27 22:50:20,741 [INFO] Total Cumulative Enriched: 832 companies.
2026-09-27 22:50:20,741 [INFO] Updated CSV: enriched_uk_companies.csv
2026-09-27 22:50:20,741 [INFO] Updated Log: scraper.log
2026-09-27 22:50:20,741 [INFO] ================================================================================
2026-09-28 03:33:34,265 [INFO] ================================================================================
2026-09-28 03:33:34,265 [INFO] STARTING PRODUCTION UK COMPANIES HOUSE CONTACT SCRAPER
2026-09-28 03:33:34,265 [INFO] ================================================================================
2026-09-28 03:33:34,265 [INFO] Input Dataset:  Companies-House-search-results.csv
2026-09-28 03:33:34,265 [INFO] Output Dataset: enriched_uk_companies.csv
2026-09-28 03:33:34,265 [INFO] Batch Size:     50
2026-09-28 03:33:34,268 [INFO] Already processed in previous runs: 832 companies
2026-09-28 03:33:34,287 [INFO] Total remaining companies to scrape: 4168
2026-09-28 03:33:34,287 [INFO] Processing next batch of 50 companies...

2026-09-28 03:33:34,287 [INFO] [  1/50] Scraping: THE GOOD TUTOR COMMUNITY INTEREST COMPANY (Co #SC684461)
2026-09-28 03:33:35,817 [INFO]       Appointed Officer: COTTON, Oliver Isaac (Director)
2026-09-28 03:33:35,817 [INFO]       Address:          11 Morefield Place, Ullapool, Scotland, IV26 2TS
2026-09-28 03:33:38,187 [INFO]    [EMAIL]   info@scotlandtutors.co.uk
2026-09-28 03:33:38,188 [INFO]    [WEBSITE] https://scotlandtutors.co.uk/
2026-09-28 03:33:39,188 [INFO] [  2/50] Scraping: GROW TO WORK C.I.C. (Co #SC431828)
2026-09-28 03:33:40,770 [INFO]       Appointed Officer: MCGILLVARY, John Charles (Secretary)
2026-09-28 03:33:40,770 [INFO]       Address:          Thornylee House, By Clovenfords, Galashiels, TD1 3LN
2026-09-28 03:33:42,085 [INFO] [  3/50] Scraping: SPACE ARTWORKS CIC (Co #SC433947)
2026-09-28 03:33:43,549 [INFO]       Appointed Officer: GALLIERS, Sarah Kay Wren (Director)
2026-09-28 03:33:43,549 [INFO]       Address:          St Margarets House, 151 London Road, Edinburgh, Scotland, EH7 6SE
2026-09-28 03:33:44,871 [INFO] [  4/50] Scraping: LUMA-IT CIC (Co #SC444474)
2026-09-28 03:33:46,344 [INFO]       Appointed Officer: RANKIN, Paul David (Director)
2026-09-28 03:33:46,344 [INFO]       Address:          121 Moffat Street, Glasgow, G5 0NG
2026-09-28 03:33:47,657 [INFO] [  5/50] Scraping: TRANSITION EDINBURGH SOUTH C.I.C. (Co #SC445635)
2026-09-28 03:33:49,232 [INFO]       Appointed Officer: ABEL, Patricia Margaret (Director)
2026-09-28 03:33:49,232 [INFO]       Address:          114 Charterhall Road, Edinburgh, Midlothian, EH9 3HW
2026-09-28 03:33:50,545 [INFO] [  6/50] Scraping: HERIOT COMMUNITY BROADBAND C.I.C. (Co #SC464753)
2026-09-28 03:33:52,093 [INFO]       Appointed Officer: MURRAY, Julia (Secretary)
2026-09-28 03:33:52,093 [INFO]       Address:          Crookston Old Mill, Gilston Road, Heriot, Midlothian, EH38 5YS
2026-09-28 03:33:53,417 [INFO] [  7/50] Scraping: BALTIC STREET ADVENTURE PLAYGROUND CIC (Co #SC481335)
2026-09-28 03:33:54,978 [INFO]       Appointed Officer: CLEARY, John Paul (Director)
2026-09-28 03:33:54,978 [INFO]       Address:          Aiton & Co Ca, Baltic Chambers, 50 Wellington St, Glasgow, G2 6HJ
2026-09-28 03:33:56,377 [INFO] [  8/50] Scraping: IHELP SAVES LIVES COMMUNITY INTEREST COMPANY (Co #10420080)
2026-09-28 03:33:57,940 [INFO]       Appointed Officer: WILLIAMS, David (Secretary)
2026-09-28 03:33:57,940 [INFO]       Address:          71-75 Shelton Street, Covent Garden, London, England, WC2H 9JQ
2026-09-28 03:33:59,262 [INFO] [  9/50] Scraping: MIBO ASSET PROTECTION COMMUNITY INTEREST COMPANY (Co #10424050)
2026-09-28 03:34:00,733 [INFO]       Appointed Officer: BORLAND, Michael (Director)
2026-09-28 03:34:00,733 [INFO]       Address:          103 High Street, Evesham, England, WR11 4DN
2026-09-28 03:34:02,048 [INFO] [ 10/50] Scraping: CAMERASHY CIC (Co #10445594)
2026-09-28 03:34:03,662 [INFO]       Appointed Officer: BOTTOMLEY, Rachel Emma (Director)
2026-09-28 03:34:03,663 [INFO]       Address:          10 Liversedge Row, Bradford, West Yorkshire, United Kingdom, BD7 3LD
2026-09-28 03:34:04,991 [INFO] [ 11/50] Scraping: MUSIC AND ART EXPERIMENTAL CENTRE COMMUNITY INTEREST COMPANY (Co #10450823)
2026-09-28 03:34:06,418 [INFO]       Appointed Officer: PEREZ-ALVARO, Elena, Dr (Director)
2026-09-28 03:34:06,418 [INFO]       Address:          51 Derwent Close, Cambridge, England, CB1 8DY
2026-09-28 03:34:07,730 [INFO] [ 12/50] Scraping: LIBERTY ENGLISH LANGUAGE SCHOOL CIC (Co #10458882)
2026-09-28 03:34:09,203 [INFO]       Appointed Officer: GRIERSON, Atika (Secretary)
2026-09-28 03:34:09,203 [INFO]       Address:          Bridge Community Buildings, Bridge Street, Leeds, West Yorkshire, LS2 7QZ
2026-09-28 03:34:10,538 [INFO] [ 13/50] Scraping: GLEASON REDSHAW CIC (Co #10461811)
2026-09-28 03:34:12,098 [INFO]       Appointed Officer: COOKE, Jennifer Helen (Director)
2026-09-28 03:34:12,098 [INFO]       Address:          129 Woodside Avenue South, Coventry, West Midlands, CV3 6BL
2026-09-28 03:34:13,410 [INFO] [ 14/50] Scraping: FAN4LIFE C.I.C. (Co #10537700)
2026-09-28 03:34:14,857 [INFO]       Appointed Officer: BAKER, Justin (Director)
2026-09-28 03:34:14,857 [INFO]       Address:          3 Edgeware Street, Stoke On Trent, Staffordshire, ST1 5JT
2026-09-28 03:34:16,183 [INFO] [ 15/50] Scraping: YOUNG GIFTED AND BLACK ENTERPRISES COMMUNITY INTEREST COMPANY (Co #10549771)
2026-09-28 03:34:17,718 [INFO]       Appointed Officer: BOATSWAIN TOMKIN, Mandy Ann (Director)
2026-09-28 03:34:17,718 [INFO]       Address:          25 Rafborn Grove, Huddersfield, West Yorkshire, HD3 3UB
2026-09-28 03:34:19,032 [INFO] [ 16/50] Scraping: FRIENDS OF NURSERY ROW PARK COMMUNITY INTEREST COMPANY (Co #10551751)
2026-09-28 03:34:20,666 [INFO]       Appointed Officer: CURTIS, David Alexander (Director)
2026-09-28 03:34:20,666 [INFO]       Address:          102 Brandon Street, London, Southwark, SE17 1AL
2026-09-28 03:34:21,977 [INFO] [ 17/50] Scraping: SURREY HILLS COMMUNITY LAND TRUST COMMUNITY INTEREST COMPANY (Co #10553558)
2026-09-28 03:34:23,557 [INFO]       Appointed Officer: HARLOW, Michael Christopher George, Mr. (Secretary)
2026-09-28 03:34:23,557 [INFO]       Address:          The Bell House, 57 West Street, Dorking, Surrey, United Kingdom, RH4 1BS
2026-09-28 03:34:24,871 [INFO] [ 18/50] Scraping: BRISTOL FOOD CONNECTIONS C.I.C. (Co #10581364)
2026-09-28 03:34:26,428 [INFO]       Appointed Officer: ASHWORTH, Steven (Director)
2026-09-28 03:34:26,428 [INFO]       Address:          118 The Exchange Corn Street, Bristol, United Kingdom, BS1 1JQ
2026-09-28 03:34:27,739 [INFO] [ 19/50] Scraping: SOUL STRETCH EVENTS C.I.C. (Co #10588149)
2026-09-28 03:34:29,183 [INFO]       Appointed Officer: CLEMENT, Joshua (Secretary)
2026-09-28 03:34:29,183 [INFO]       Address:          96 Crescent Road, London, Middlesex, N22 7RZ
2026-09-28 03:34:30,495 [INFO] [ 20/50] Scraping: FOUR LANES COMMUNITY INTEREST COMPANY (Co #10593922)
2026-09-28 03:34:31,960 [INFO]       Appointed Officer: BLAKEWAY, Angela Ruth (Director)
2026-09-28 03:34:31,960 [INFO]       Address:          Post Office & Stores, Four Lanes, Redruth, Cornwall, United Kingdom, TR16 6PY
2026-09-28 03:34:33,274 [INFO] [ 21/50] Scraping: OSIRIS ACADEMY CIC (Co #10595932)
2026-09-28 03:34:34,843 [INFO]       Appointed Officer: PEARSON, Peter James (Director)
2026-09-28 03:34:34,843 [INFO]       Address:          Flat 2 Barton Court, 7 Schreiber Grange, Watford, England, WD17 4DY
2026-09-28 03:34:36,155 [INFO] [ 22/50] Scraping: PRO ZONE PARK C.I.C. (Co #10595496)
2026-09-28 03:34:37,567 [INFO]       Appointed Officer: EVANS, Mark David (Director)
2026-09-28 03:34:37,567 [INFO]       Address:          Oxford House Clos Y Cedr, Pwllypant, Caerphilly, Caerphilly, United Kingdom, CF83 3RL
2026-09-28 03:34:38,883 [INFO] [ 23/50] Scraping: WRCC BACK & 4TH CIC (Co #10329986)
2026-09-28 03:34:40,486 [INFO]       Appointed Officer: BALDWIN, Vivian, Rev (Director)
2026-09-28 03:34:40,486 [INFO]       Address:          Wrcc, Warwick Enterprise Park, Wellesbourne, Warwickshire, CV35 9EF
2026-09-28 03:34:41,801 [INFO] [ 24/50] Scraping: BUNKER THEATRE PRODUCTIONS CIC (Co #10330447)
2026-09-28 03:34:43,363 [INFO]       Appointed Officer: MCTAGGART, Joshua Robbie (Director)
2026-09-28 03:34:43,364 [INFO]       Address:          1st Floor Healthaid House, Marlborough Hill, Harrow, Middlesex, HA1 1UD
2026-09-28 03:34:44,675 [INFO] [ 25/50] Scraping: ÄLSKAECO COMMUNITY INTEREST COMPANY (Co #10368981)
2026-09-28 03:34:46,226 [INFO]       Appointed Officer: INGWALL KING, Lisa Maria Teresia, Dr (Director)
2026-09-28 03:34:46,226 [INFO]       Address:          Unit 4b Boldero Road, Bury St. Edmunds, England, IP32 7BS
2026-09-28 03:34:47,539 [INFO] [ 26/50] Scraping: THE HOBEMIAN SOCIETY C.I.C. (Co #10375268)
2026-09-28 03:34:49,148 [INFO]       Appointed Officer: WALKER, John Angus (Secretary)
2026-09-28 03:34:49,148 [INFO]       Address:          2 Regent Road, Hoby, Melton Mowbray, Leicestershire, LE14 3DU
2026-09-28 03:34:50,459 [INFO] [ 27/50] Scraping: FAITHFUL WITH A FEW MINISTRIES C.I.C. (Co #10376686)
2026-09-28 03:34:51,875 [INFO]       Appointed Officer: OKE, Tolulope Adewunmi (Director)
2026-09-28 03:34:51,875 [INFO]       Address:          International House, Constance Street, London, England, E16 2DQ
2026-09-28 03:34:54,165 [INFO] [ 28/50] Scraping: SPECTRUM SPACE COMMUNITY INTEREST COMPANY (Co #10379469)
2026-09-28 03:34:55,592 [INFO]       Appointed Officer: TRUMAN, Clare Lucy Grace (Director)
2026-09-28 03:34:55,592 [INFO]       Address:          65 Silo Drive, Godalming, England, GU7 3NZ
2026-09-28 03:34:57,891 [INFO] [ 29/50] Scraping: JIGSAW COMMUNITY COURSES CIC (Co #10381689)
2026-09-28 03:34:59,323 [INFO]       Appointed Officer: WILLIAMS, Mair (Director)
2026-09-28 03:34:59,323 [INFO]       Address:          42 Manor Chase, Beddau, Pontypridd, Rct, CF38 2JD
2026-09-28 03:35:01,622 [INFO] [ 30/50] Scraping: GESTALT ARTS C.I.C. (Co #10385963)
2026-09-28 03:35:03,149 [INFO]       Appointed Officer: MARINER, Ruth Barbara (Director)
2026-09-28 03:35:03,149 [INFO]       Address:          17 Elizabeth Avenue, Christchurch, Dorset, BH23 2DN
2026-09-28 03:35:05,437 [INFO] [ 31/50] Scraping: WELLBEANS INITIATIVE CIC (Co #10387797)
2026-09-28 03:35:07,022 [INFO]       Appointed Officer: ANDREWS, Brenda Margaret (Secretary)
2026-09-28 03:35:07,022 [INFO]       Address:          12 Coronation Road, Downend, Bristol, South Glos, BS16 5SL
2026-09-28 03:35:09,315 [INFO] [ 32/50] Scraping: FOR ALL OUR WELLBEING CIC (Co #10388403)
2026-09-28 03:35:10,910 [INFO]       Appointed Officer: BULLEN, Nicola Ann (Director)
2026-09-28 03:35:10,910 [INFO]       Address:          C/O Inquesta Corporate Recovery & Insolvency 11-15 New Road, St Johns Terrace, Manchester, M26 1LS
2026-09-28 03:35:13,204 [INFO] [ 33/50] Scraping: DAVID HIBBITT COMMUNITY INTEREST COMPANY (Co #10098002)
2026-09-28 03:35:14,731 [INFO]       Appointed Officer: DOYLE, Susan (Director)
2026-09-28 03:35:14,732 [INFO]       Address:          5 Duke Street, Southport, Merseyside, United Kingdom, PR8 1SE
2026-09-28 03:35:17,041 [INFO] [ 34/50] Scraping: UNIQUE CHILDRENS COMMUNITY INTEREST COMPANY (Co #10112633)
2026-09-28 03:35:18,580 [INFO]       Appointed Officer: JONES, Michael Edward (Director)
2026-09-28 03:35:18,580 [INFO]       Address:          239-241 Kennington Lane, London, United Kingdom, SE11 5QU
2026-09-28 03:35:20,891 [INFO] [ 35/50] Scraping: HEALTHIER TOGETHER C.I.C. (Co #10114027)
2026-09-28 03:35:22,444 [INFO]       Appointed Officer: BABARKARKHAIL, Marzia (Director)
2026-09-28 03:35:22,444 [INFO]       Address:          52 Park Lane, Royton, Oldham, OL2 6PU
2026-09-28 03:35:24,737 [INFO] [ 36/50] Scraping: BREAKTHROUGH WALES YOUTH SERVICES C.I.C. (Co #10119545)
2026-09-28 03:35:26,320 [INFO]       Appointed Officer: EDWARDS, Rowan Oliver (Director)
2026-09-28 03:35:26,320 [INFO]       Address:          53 System Street, Adamsdown, South Glamorgan, CF24 0JF
2026-09-28 03:35:28,619 [INFO] [ 37/50] Scraping: CUSP INC C.I.C. (Co #10128319)
2026-09-28 03:35:30,054 [INFO]       Appointed Officer: PICKTHALL, Sarah Ann Marie (Director)
2026-09-28 03:35:30,054 [INFO]       Address:          C/O Ozkan Accountants Ltd 2nd Floor, Suite 12, Vantage Point, New England Road, Brighton, England, BN1 4GW
2026-09-28 03:35:32,353 [INFO] [ 38/50] Scraping: WALES INTERNATIONAL DOCUMENTARY FESTIVAL C.I.C. (Co #10146266)
2026-09-28 03:35:33,946 [INFO]       Appointed Officer: EVANS, David John (Secretary)
2026-09-28 03:35:33,946 [INFO]       Address:          Ceredigion The Drive, Miskin, Pontyclun, Rhondda Cynon Taff, Wales, CF72 8PX
2026-09-28 03:35:36,243 [INFO] [ 39/50] Scraping: CRYSTAL PALACE FESTIVAL GROUP C.I.C. (Co #10687923)
2026-09-28 03:35:37,836 [INFO]       Appointed Officer: HATCH, Nicole Annette Harvey (Director)
2026-09-28 03:35:37,836 [INFO]       Address:          Greystoke House 80-86 Westow Street, London, SE19 3AF
2026-09-28 03:35:40,136 [INFO] [ 40/50] Scraping: WORKS BY C.I.C. (Co #10690659)
2026-09-28 03:35:41,834 [INFO]       Appointed Officer: BLAKE, Rose (Director)
2026-09-28 03:35:41,834 [INFO]       Address:          1 Victoria Road, London, E17 4JT
2026-09-28 03:35:44,126 [INFO] [ 41/50] Scraping: CREWE CHILDRENS COMMUNITY INTEREST COMPANY (Co #10690445)
2026-09-28 03:35:45,646 [INFO]       Appointed Officer: JONES, Michael Edward (Director)
2026-09-28 03:35:45,646 [INFO]       Address:          Datum House, Electra Way, Crewe, England, CW1 6ZF
2026-09-28 03:35:47,938 [INFO] [ 42/50] Scraping: DYFODOL DISGLAIR CIC (Co #10690561)
2026-09-28 03:35:49,349 [INFO]       Appointed Officer: DAVIES, Dwynwen Mary (Director)
2026-09-28 03:35:49,349 [INFO]       Address:          DYFODOL DISGLAIR, Meithrinfa Y Dyfodol Yr Hen Ysgol Cellan, Llanbedr Pont Steffan, Ceredigion, SA48 8JE
2026-09-28 03:35:51,639 [INFO] [ 43/50] Scraping: COMMUNITY IN ACTION CIC (Co #10690528)
2026-09-28 03:35:53,207 [INFO]       Appointed Officer: BEATTY, Danielle (Director)
2026-09-28 03:35:53,207 [INFO]       Address:          4 The Centre, Leigh, England, WN7 2XY
2026-09-28 03:35:55,505 [INFO] [ 44/50] Scraping: AMAZING MINDS CIC (Co #10690591)
2026-09-28 03:35:57,077 [INFO]       Appointed Officer: BISHOP, Kelly (Director)
2026-09-28 03:35:57,077 [INFO]       Address:          25 East View, Writtle, Essex, CM1 3NN
2026-09-28 03:35:59,385 [INFO] [ 45/50] Scraping: THE LITTLE PEOPLES GYM CIC (Co #10690557)
2026-09-28 03:36:00,937 [INFO]       Appointed Officer: TAYLOR, David John (Director)
2026-09-28 03:36:00,937 [INFO]       Address:          Ryecroft Community Hub 28 New Forest Road, Ryecroft, Walsall, West Midlands, WS3 1TR
2026-09-28 03:36:03,239 [INFO] [ 46/50] Scraping: A LITTLE SOMETHING CIC (Co #10696651)
2026-09-28 03:36:04,660 [INFO]       Appointed Officer: BISCOMB, Kay, Doctor (Director)
2026-09-28 03:36:04,660 [INFO]       Address:          3a Victoria Terrace, Walsall, West Midlands, WS4 2DA
2026-09-28 03:36:06,966 [INFO] [ 47/50] Scraping: FAMILY FIRST FITNESS CIC (Co #10700544)
2026-09-28 03:36:08,494 [INFO]       Appointed Officer: FLETCHER, Gina Marie (Director)
2026-09-28 03:36:08,494 [INFO]       Address:          Woodlands Hennel Lane, Lostock Hall, Preston, United Kingdom, PR5 5UL
2026-09-28 03:36:10,794 [INFO] [ 48/50] Scraping: TCR RADIO PRODUCTIONS CIC (Co #10705127)
2026-09-28 03:36:12,373 [INFO]       Appointed Officer: BUSHNELL, Caroline Anne (Director)
2026-09-28 03:36:12,373 [INFO]       Address:          6 Higher Redgate, Tiverton, England, EX16 6RJ
2026-09-28 03:36:14,666 [INFO] [ 49/50] Scraping: NCLUDE-UK LTD COMMUNITY INTEREST COMPANY (Co #10707845)
2026-09-28 03:36:16,267 [INFO]       Appointed Officer: HAY, Jeremy (Secretary)
2026-09-28 03:36:16,268 [INFO]       Address:          Amersham Community Centre, Chiltern Avenue, Amersham, Bucks, HP6 5AH
2026-09-28 03:36:18,560 [INFO] [ 50/50] Scraping: CITIZENS FIRST FOUNDATION C.I.C. (Co #10713327)
2026-09-28 03:36:20,162 [INFO]       Appointed Officer: IHEJIRIKA, Wendy Lesley (Secretary)
2026-09-28 03:36:20,162 [INFO]       Address:          35 Victoria Road, Wellingborough, Northamptonshire, NN8 1HH
2026-09-28 03:36:22,466 [INFO] ================================================================================
2026-09-28 03:36:22,466 [INFO] BATCH FINISHED: Processed 50 companies in 168.2s.
2026-09-28 03:36:22,466 [INFO] Total Cumulative Enriched: 882 companies.
2026-09-28 03:36:22,466 [INFO] Updated CSV: enriched_uk_companies.csv
2026-09-28 03:36:22,466 [INFO] Updated Log: scraper.log
2026-09-28 03:36:22,466 [INFO] ================================================================================
2026-09-28 10:31:57,564 [INFO] ================================================================================
2026-09-28 10:31:57,564 [INFO] STARTING PRODUCTION UK COMPANIES HOUSE CONTACT SCRAPER
2026-09-28 10:31:57,565 [INFO] ================================================================================
2026-09-28 10:31:57,565 [INFO] Input Dataset:  Companies-House-search-results.csv
2026-09-28 10:31:57,565 [INFO] Output Dataset: enriched_uk_companies.csv
2026-09-28 10:31:57,565 [INFO] Batch Size:     50
2026-09-28 10:31:57,569 [INFO] Already processed in previous runs: 882 companies
2026-09-28 10:31:57,592 [INFO] Total remaining companies to scrape: 4118
2026-09-28 10:31:57,592 [INFO] Processing next batch of 50 companies...

2026-09-28 10:31:57,592 [INFO] [  1/50] Scraping: NIGHTWATCHMAN CIC (Co #10711960)
2026-09-28 10:31:58,820 [INFO]       Appointed Officer: O'GRADY, Stephen Patrick (Director)
2026-09-28 10:31:58,820 [INFO]       Address:          Corfe House Mill Road, Netheravon, Salisbury, Wiltshire, England, SP4 9QB
2026-09-28 10:32:00,189 [INFO]    [EMAIL]   contact@history-uncovered.com
2026-09-28 10:32:00,189 [INFO]    [WEBSITE] https://history-uncovered.com/articles/the-medieval-night-watchman-guardian-of-sleeping-cities
2026-09-28 10:32:01,189 [INFO] [  2/50] Scraping: ALTOGETHER KIDS CIC (Co #10721971)
2026-09-28 10:32:02,333 [INFO]       Appointed Officer: CHESWORTH, Linsay (Director)
2026-09-28 10:32:02,334 [INFO]       Address:          Crown House, High St, Tyldesley, M29 8AL
2026-09-28 10:32:03,603 [INFO] [  3/50] Scraping: STRIKE A LIGHT - ARTS & HERITAGE CIC (Co #10727144)
2026-09-28 10:32:04,758 [INFO]       Appointed Officer: BENGE, Nicola (Director)
2026-09-28 10:32:04,758 [INFO]       Address:          Flat 3, 36, Carisbrooke Road Flat 3, 36, Carisbrooke Road, St. Leonards-On-Sea, East Sussex, England, TN38 0JN
2026-09-28 10:32:05,865 [INFO] [  4/50] Scraping: JUST FOLLOWING DREAMS HAIRDRESSING SALON AND TRAINING ACADEMY CIC (Co #10745713)
2026-09-28 10:32:07,102 [INFO]       Appointed Officer: MCKENNA, Louise (Director)
2026-09-28 10:32:07,102 [INFO]       Address:          Northwood Community Centre Gilescroft Avenue, Northwood, Kirkby, Merseyside, L33 9TW
2026-09-28 10:32:08,299 [INFO] [  5/50] Scraping: FREEDOM TOGETHER CIC (Co #10744665)
2026-09-28 10:32:09,481 [INFO]       Appointed Officer: MOULTRIE, Louise (Director)
2026-09-28 10:32:09,481 [INFO]       Address:          Ground Floor, 1/7 Station Road, Crawley, West Sussex, United Kingdom, RH10 1HT
2026-09-28 10:32:10,591 [INFO] [  6/50] Scraping: COMMUNITY ENTERTAINMENT C.I.C. (Co #10753988)
2026-09-28 10:32:11,774 [INFO]       Appointed Officer: ATKINSON, Timothy Mark (Director)
2026-09-28 10:32:11,774 [INFO]       Address:          C/O BUSINESS RESCUE EXPERT, 49 Duke Street, Darlington, County Durham, DL3 7SD
2026-09-28 10:32:12,904 [INFO] [  7/50] Scraping: YOUNG PEOPLE'S PROGRESS CIC (Co #10157346)
2026-09-28 10:32:14,007 [INFO]       Appointed Officer: CHRISTIAN, Leon (Director)
2026-09-28 10:32:14,007 [INFO]       Address:          38 Dalton Avenue, Mitcham, London, CR4 3DT
2026-09-28 10:32:15,288 [INFO] [  8/50] Scraping: COMMUNITY ARTS PROJECT NORTH EAST COMMUNITY INTEREST COMPANY (Co #10157194)
2026-09-28 10:32:16,604 [INFO]       Appointed Officer: GRAY, Diane Lillian (Secretary)
2026-09-28 10:32:16,604 [INFO]       Address:          89 Westoe Road, South Shields, Tyne And Wear, NE33 4LX
2026-09-28 10:32:17,728 [INFO] [  9/50] Scraping: YOUTH ENGAGEMENT PROGRAMME CIC (Co #10158096)
2026-09-28 10:32:19,031 [INFO]       Appointed Officer: GOODLAKE, Amanda (Secretary)
2026-09-28 10:32:19,031 [INFO]       Address:          Hanwell Community Centre, Westcott Crescent, London, England, W7 1PD
2026-09-28 10:32:20,145 [INFO] [ 10/50] Scraping: SUFFOLK COAST BUSINESS CIC (Co #10158106)
2026-09-28 10:32:21,266 [INFO]       Appointed Officer: HALL, Susan Ann (Director)
2026-09-28 10:32:21,267 [INFO]       Address:          Blyth House, Rendham Road, Saxmundham, England, IP17 1WA
2026-09-28 10:32:22,376 [INFO] [ 11/50] Scraping: CULTURAL QUARTER (LEICESTER) COMMUNITY INTEREST COMPANY (Co #10157953)
2026-09-28 10:32:23,673 [INFO]       Appointed Officer: SHAKESPEARE MARTINEAU LLP (Secretary)
2026-09-28 10:32:23,673 [INFO]       Address:          West Walk Building, 110 Regent Road, Leicester, England, LE1 7LT
2026-09-28 10:32:24,795 [INFO] [ 12/50] Scraping: I AM MORE CIC (Co #10159493)
2026-09-28 10:32:25,939 [INFO]       Appointed Officer: AKINYEMI, Lola (Director)
2026-09-28 10:32:25,939 [INFO]       Address:          Crief Farm Wass Bank Road, Wass, York, North Yorkshire, England, YO61 4AY
2026-09-28 10:32:27,119 [INFO] [ 13/50] Scraping: REDDITCH REACH CIC (Co #10166319)
2026-09-28 10:32:28,217 [INFO]       Appointed Officer: BROOKES, Gary (Secretary)
2026-09-28 10:32:28,217 [INFO]       Address:          37 Oxhill Close, Redditch, United Kingdom, B98 0ER
2026-09-28 10:32:29,319 [INFO] [ 14/50] Scraping: OPAL HEALTH AND WELL-BEING C.I.C. (Co #10168611)
2026-09-28 10:32:30,454 [INFO]       Appointed Officer: MGUIRE, Sonya (Director)
2026-09-28 10:32:30,454 [INFO]       Address:          26 Aveley Gardens, Highfield, Wigan, Lancashire, WN3 6GE
2026-09-28 10:32:31,564 [INFO] [ 15/50] Scraping: GLOSSOP ARTS PROJECT CIC (Co #10193164)
2026-09-28 10:32:32,728 [INFO]       Appointed Officer: BROMLEY, Eleanor Julia Tovey (Director)
2026-09-28 10:32:32,728 [INFO]       Address:          Victoria Hall, Talbot Street, Glossop, England, SK13 7DQ
2026-09-28 10:32:33,838 [INFO] [ 16/50] Scraping: BIRMINGHAM SIGN MUSEUM AND ARCHIVE C.I.C. (Co #10199157)
2026-09-28 10:32:35,032 [INFO]       Appointed Officer: MARSHALL, Geraldine (Director)
2026-09-28 10:32:35,032 [INFO]       Address:          27 Gordon Street, Leamington Spa, England, CV31 1HR
2026-09-28 10:32:36,155 [INFO] [ 17/50] Scraping: TUNE FOR LIFE CIC (Co #10204983)
2026-09-28 10:32:37,326 [INFO]       Appointed Officer: ELLIOTT, Olga (Director)
2026-09-28 10:32:37,326 [INFO]       Address:          19 Ennerdale Close, Basingstoke, Hants, RG22 5HJ
2026-09-28 10:32:38,434 [INFO] [ 18/50] Scraping: KORIMAKO EUROPE CIC (Co #10204785)
2026-09-28 10:32:39,515 [INFO]       Appointed Officer: TAYLOR, Nina (Director)
2026-09-28 10:32:39,515 [INFO]       Address:          75a Fawe Park Road, 75a, London, England, SW15 2EG
2026-09-28 10:32:40,622 [INFO] [ 19/50] Scraping: UP4GIVING CIC (Co #10204994)
2026-09-28 10:32:41,853 [INFO]       Appointed Officer: CARTER, Paul Christopher (Director)
2026-09-28 10:32:41,853 [INFO]       Address:          11 Millthorpe Close, Birmingham, England, B8 3NB
2026-09-28 10:32:43,121 [INFO] [ 20/50] Scraping: LOCALITY LINKS CIC (Co #10220930)
2026-09-28 10:32:44,234 [INFO]       Appointed Officer: CRAKER, Stephen Mark (Director)
2026-09-28 10:32:44,234 [INFO]       Address:          Community Centre 2 Allum Lane, Elstree, Borehamwood, United Kingdom, WD6 3PJ
2026-09-28 10:32:45,344 [INFO] [ 21/50] Scraping: ATMA ENTERPRISES CIC (Co #10227175)
2026-09-28 10:32:46,478 [INFO]       Appointed Officer: BALAK, Mohamed Peter (Director)
2026-09-28 10:32:46,478 [INFO]       Address:          34 Clifton Avenue, Crewe, Cheshire, CW2 7PZ
2026-09-28 10:32:47,618 [INFO] [ 22/50] Scraping: KIRKBY STEPHEN AND UPPER EDEN COMMUNITY CENTRE COMMUNITY INTEREST COMPANY (Co #10226779)
2026-09-28 10:32:48,752 [INFO]       Appointed Officer: COOPER, Jeanette (Director)
2026-09-28 10:32:48,752 [INFO]       Address:          Local Links, Vicarage Lane, Kirkby Stephen, Cumbria, CA17 4QX
2026-09-28 10:32:49,863 [INFO] [ 23/50] Scraping: KASH THE FLASH COMMUNITY UNITY CIC (Co #9973907)
2026-09-28 10:32:51,035 [INFO]       Appointed Officer: GILL, Kashmir Singh (Secretary)
2026-09-28 10:32:51,035 [INFO]       Address:          Kash The Flash Gym, 136 Icknield Port Road, Birmingham, B16 0BJ
2026-09-28 10:32:52,152 [INFO] [ 24/50] Scraping: ASPIRE2INSPIRE DYSLEXIA CIC (Co #10479373)
2026-09-28 10:32:53,294 [INFO]       Appointed Officer: AKANDE, Morounke Ekundayo Oluwatoyin (Director)
2026-09-28 10:32:53,294 [INFO]       Address:          Suite G04 1 Quality Court, Chancery Lane, London, England, WC2A 1HR
2026-09-28 10:32:54,409 [INFO] [ 25/50] Scraping: EYE HEROES CIC (Co #10500583)
2026-09-28 10:32:55,532 [INFO]       Appointed Officer: RATHEE, Manjul (Director)
2026-09-28 10:32:55,532 [INFO]       Address:          92 Highdown Road, Hove, England, BN3 6EA
2026-09-28 10:32:56,650 [INFO] [ 26/50] Scraping: IMMIGRATION INDUSTRY ASSOCIATION CIC (Co #10510869)
2026-09-28 10:32:57,835 [INFO]       Appointed Officer: GALWAY, Christopher Darren (Director)
2026-09-28 10:32:57,835 [INFO]       Address:          U10 Isleworth Business Complex, 67 St John's Rd, Isleworth, England, TW7 6NL
2026-09-28 10:32:58,962 [INFO] [ 27/50] Scraping: TRANSFORMATION DIVERSITY & INCLUSION COMMUNITY INTEREST COMPANY (Co #10528354)
2026-09-28 10:33:00,066 [INFO]       Appointed Officer: CUSDIN, Emma Jayne (Director)
2026-09-28 10:33:00,066 [INFO]       Address:          Regina House 124 Finchley Road, London, NW3 5JS
2026-09-28 10:33:01,674 [INFO] [ 28/50] Scraping: THE FORDING POINT CIC (Co #10528664)
2026-09-28 10:33:02,741 [INFO]       Appointed Officer: EVANS, Rosalind (Director)
2026-09-28 10:33:02,741 [INFO]       Address:          The Old Mill Spetisbury, Blandford Forum, Blandford Forum, United Kingdom, DT11 9DF
2026-09-28 10:33:04,842 [INFO] [ 29/50] Scraping: DIGITAL ADVANTAGE CIC (Co #10533853)
2026-09-28 10:33:06,035 [INFO]       Appointed Officer: LOVATT, Andrew Graham (Secretary)
2026-09-28 10:33:06,035 [INFO]       Address:          8 Albemarle Avenue, West Didsbury, Manchester, M20 1HX
2026-09-28 10:33:08,134 [INFO] [ 30/50] Scraping: ST.AIMIE'S SPORTS ACADEMY COMMUNITY INTEREST COMPANY (Co #10534175)
2026-09-28 10:33:09,185 [INFO]       Appointed Officer: MINTO-ST AIMIE, Kieron Lloyd Junior (Director)
2026-09-28 10:33:09,185 [INFO]       Address:          Saxon House, Saxon Way, Cheltenham, GL52 6QX
2026-09-28 10:33:11,271 [INFO] [ 31/50] Scraping: DARYEL CIC (Co #10535693)
2026-09-28 10:33:12,314 [INFO]       Appointed Officer: JAMA, Mahdi Mohammed (Director)
2026-09-28 10:33:12,314 [INFO]       Address:          132-134 Great Ancoats Street, Advantage Business Centre, Manchester, M4 6DE
2026-09-28 10:33:14,402 [INFO] [ 32/50] Scraping: FUNDS INC. CIC (Co #10029849)
2026-09-28 10:33:15,522 [INFO]       Appointed Officer: QUIGLEY-RUBY, Kathleen Attracta (Director)
2026-09-28 10:33:15,522 [INFO]       Address:          Flat 6, 1 Arborfield Close, London, England, SW2 3NX
2026-09-28 10:33:17,614 [INFO] [ 33/50] Scraping: SUTTON ON THE FOREST PUB CIC (Co #10033130)
2026-09-28 10:33:18,754 [INFO]       Appointed Officer: LISTER, John Saville (Secretary)
2026-09-28 10:33:18,754 [INFO]       Address:          8 Acres Close, Helmsley, York, England, YO62 5DS
2026-09-28 10:33:20,844 [INFO] [ 34/50] Scraping: BRIGHTER FUTURES YORKSHIRE C.I.C. (Co #10053872)
2026-09-28 10:33:22,413 [INFO]       Appointed Officer: BENNETT, Robert William (Director)
2026-09-28 10:33:22,413 [INFO]       Address:          16 Lockton Court, Church Fenton, Tadcaster, North Yorkshire, LS24 9UT
2026-09-28 10:33:24,507 [INFO] [ 35/50] Scraping: PROJECT CARROT CIC (Co #10059715)
2026-09-28 10:33:25,705 [INFO]       Appointed Officer: HARTLEY, Roger David (Director)
2026-09-28 10:33:25,705 [INFO]       Address:          Arch 18 Valentia Place, Briton, London, SW9 8PJ
2026-09-28 10:33:27,963 [INFO] [ 36/50] Scraping: TRUST YOUTH TRAFFORD COMMUNITY INTEREST COMPANY (Co #10058541)
2026-09-28 10:33:29,172 [INFO]       Appointed Officer: BISHOP, Nicola Margaret (Director)
2026-09-28 10:33:29,172 [INFO]       Address:          Trafford Council Trafford Town Hall Talbot Road, Stretford, Manchester, Lancs, M32 0TH
2026-09-28 10:33:31,266 [INFO] [ 37/50] Scraping: COMPASSIAN COMMUNITY INTEREST COMPANY (Co #10064997)
2026-09-28 10:33:32,335 [INFO]       Appointed Officer: FARADOYE, John (Director)
2026-09-28 10:33:32,335 [INFO]       Address:          All Nations Centre, Tyers Terrace, London, SE11 5LY
2026-09-28 10:33:34,429 [INFO] [ 38/50] Scraping: WORKING WITH PROJECT COMMUNITY INTEREST COMPANY (Co #10473570)
2026-09-28 10:33:35,615 [INFO]       Appointed Officer: OWENS, Adriana (Secretary)
2026-09-28 10:33:35,615 [INFO]       Address:          32 Rhodfa Mes, Broadlands, Bridgend, Wales, CF31 5BF
2026-09-28 10:33:37,710 [INFO] [ 39/50] Scraping: COLONEL LUKE C.I.C. (Co #10489762)
2026-09-28 10:33:39,030 [INFO]       Appointed Officer: PEARCE, Geoffrey William (Director)
2026-09-28 10:33:39,030 [INFO]       Address:          26-28 Goodall Street, Walsall, West Midlands, WS1 1QL
2026-09-28 10:33:41,128 [INFO] [ 40/50] Scraping: LITTLE EXPLORERS PLYMOUTH CIC (Co #10489607)
2026-09-28 10:33:42,405 [INFO]       Appointed Officer: GOGOLA, Laura Jayne (Director)
2026-09-28 10:33:42,405 [INFO]       Address:          C/O Businessvision Unit 4, Sandy Court, Ashleigh Way, Plympton, Plymouth, Devon, England, PL7 5JX
2026-09-28 10:33:44,500 [INFO] [ 41/50] Scraping: REAP COMMUNITY COMMUNITY INTEREST COMPANY (Co #10493563)
2026-09-28 10:33:45,660 [INFO]       Appointed Officer: ALADENIKA, Dorothy (Secretary)
2026-09-28 10:33:45,660 [INFO]       Address:          Orchard Gardens Community Centre, Lewisham Road, London, England, SE13 7LQ
2026-09-28 10:33:47,751 [INFO] [ 42/50] Scraping: DEAFBLIND PERSPECTIVES CIC (Co #10494816)
2026-09-28 10:33:48,779 [INFO]       Appointed Officer: RANA, Julie (Director)
2026-09-28 10:33:48,779 [INFO]       Address:          20 Church Street, Newborough, Peterborough, Cambs, PE6 7RA
2026-09-28 10:33:50,895 [INFO] [ 43/50] Scraping: PROOF OF NINES COMMUNITY INTEREST COMPANY (Co #10516062)
2026-09-28 10:33:52,034 [INFO]       Appointed Officer: CARR, Jonathon (Director)
2026-09-28 10:33:52,035 [INFO]       Address:          39 Acrefield Drive, Cambridge, Cambridgeshire, CB4 1JW
2026-09-28 10:33:54,125 [INFO] [ 44/50] Scraping: YOUNG GIRLS THRIVE C.I.C. (Co #10517300)
2026-09-28 10:33:55,234 [INFO]       Appointed Officer: HAYNES, Sherisha (Director)
2026-09-28 10:33:55,234 [INFO]       Address:          112 Parchmore Road, Thornton Heath, England, CR7 8LX
2026-09-28 10:33:57,320 [INFO] [ 45/50] Scraping: FAME ALLSTARS CHEERLEADING TEAM C.I.C. (Co #10530338)
2026-09-28 10:33:58,422 [INFO]       Appointed Officer: GORDON, Elizabeth (Director)
2026-09-28 10:33:58,422 [INFO]       Address:          38 Priory Court, Harlow, England, CM18 7AZ
2026-09-28 10:34:00,519 [INFO] [ 46/50] Scraping: A WOMAN'S PLACE PROJECT CIC (Co #10236518)
2026-09-28 10:34:01,697 [INFO]       Appointed Officer: BROWNING, Rachael Walls (Director)
2026-09-28 10:34:01,697 [INFO]       Address:          32 32 Valley Road, Lewes, East Sussex, United Kingdom, BN7 1LF
2026-09-28 10:34:03,868 [INFO] [ 47/50] Scraping: GARDENING FOR WELLBEING C.I.C. (Co #10238778)
2026-09-28 10:34:04,912 [INFO]       Appointed Officer: DAVIES, Phil Gratton (Director)
2026-09-28 10:34:04,912 [INFO]       Address:          Fieldcrest, Thornton Common Rd, Thornton Hough, Wirral, CH63 0LT
2026-09-28 10:34:07,014 [INFO] [ 48/50] Scraping: THE ELLESMERE PORT FOOD PARTNERSHIP CIC (Co #10241325)
2026-09-28 10:34:08,206 [INFO]       Appointed Officer: MOSS, Jennifer (Director)
2026-09-28 10:34:08,206 [INFO]       Address:          Trinity Methodist Church, Whitby Road, Ellesmere Port, Cheshire, England, CH65 0AB
2026-09-28 10:34:10,298 [INFO] [ 49/50] Scraping: LITTLEDALE HALL THERAPEUTIC COMMUNITY: COMMUNITY ADDICTION SERVICES C.I.C. (Co #10244383)
2026-09-28 10:34:11,484 [INFO]       Appointed Officer: ROBERTSON, Keith (Director)
2026-09-28 10:34:11,484 [INFO]       Address:          Littledale Hall, Littledale, Lancaster, England, LA2 9EY
2026-09-28 10:34:13,574 [INFO] [ 50/50] Scraping: PADSTOW VINTAGE RALLY AND COUNTRY FAIR CIC (Co #10244384)
2026-09-28 10:34:14,696 [INFO]       Appointed Officer: PARSONS, Richard (Director)
2026-09-28 10:34:14,697 [INFO]       Address:          The Compound, High Lanes, Padstow, Cornwall, United Kingdom, PL28 8LB
2026-09-28 10:34:16,803 [INFO] ================================================================================
2026-09-28 10:34:16,803 [INFO] BATCH FINISHED: Processed 50 companies in 139.2s.
2026-09-28 10:34:16,803 [INFO] Total Cumulative Enriched: 932 companies.
2026-09-28 10:34:16,803 [INFO] Updated CSV: enriched_uk_companies.csv
2026-09-28 10:34:16,803 [INFO] Updated Log: scraper.log
2026-09-28 10:34:16,803 [INFO] ================================================================================
2026-09-28 19:13:03,164 [INFO] ================================================================================
2026-09-28 19:13:03,164 [INFO] STARTING PRODUCTION UK COMPANIES HOUSE CONTACT SCRAPER
2026-09-28 19:13:03,164 [INFO] ================================================================================
2026-09-28 19:13:03,164 [INFO] Input Dataset:  Companies-House-search-results.csv
2026-09-28 19:13:03,164 [INFO] Output Dataset: enriched_uk_companies.csv
2026-09-28 19:13:03,164 [INFO] Batch Size:     50
2026-09-28 19:13:03,167 [INFO] Already processed in previous runs: 932 companies
2026-09-28 19:13:03,180 [INFO] Total remaining companies to scrape: 4068
2026-09-28 19:13:03,180 [INFO] Processing next batch of 50 companies...

2026-09-28 19:13:03,181 [INFO] [  1/50] Scraping: STOCKMOOR & WILSTOCK TIMEBANK C.I.C. (Co #10244278)
2026-09-28 19:13:05,071 [INFO]       Appointed Officer: PHILLIPS, Michelle (Secretary)
2026-09-28 19:13:05,072 [INFO]       Address:          58 Romney Road, North Petherton, Bridgwater, Somerset, TA6 6WQ
2026-09-28 19:13:11,789 [INFO]    [EMAIL]   info@wilstockhub.com
2026-09-28 19:13:11,789 [INFO]    [WEBSITE] http://www.datalog.co.uk/browse/detail.php/CompanyNumber/10244278/CompanyName/STOCKMOOR+%26+WILSTOCK+TIMEBANK+C.I.C.
2026-09-28 19:13:12,789 [INFO] [  2/50] Scraping: TRUE NORTH HEALTH CIC (Co #10246011)
2026-09-28 19:13:14,405 [INFO]       Appointed Officer: SMART, Caroline (Director)
2026-09-28 19:13:14,405 [INFO]       Address:          27 Old Gloucester Street, London, WC1N 3AX
2026-09-28 19:13:15,875 [INFO]    [PHONE]   1 888 878 3563
2026-09-28 19:13:15,875 [INFO]    [EMAIL]   contact@truenorthmedical.com
2026-09-28 19:13:15,875 [INFO]    [WEBSITE] https://www.truenorthmedical.com/
2026-09-28 19:13:16,875 [INFO] [  3/50] Scraping: DEVON YOUNG PEOPLE'S TRUST CIC (Co #10250817)
2026-09-28 19:13:19,826 [INFO]       Appointed Officer: BLEASDALE, Jennifer (Director)
2026-09-28 19:13:19,827 [INFO]       Address:          Rowan House Accountants, 5 Earl Richards Road North, Exeter, Devon, EX2 6AQ
2026-09-28 19:13:21,181 [INFO] [  4/50] Scraping: FREEDOM OF MIND C.I.C. (Co #10257401)
2026-09-28 19:13:22,919 [INFO]       Appointed Officer: BURTON, Cai Samuel David (Director)
2026-09-28 19:13:22,919 [INFO]       Address:          Henleaze House 13 Harbury Road, Henleaze, Bristol, Bristol, BS9 4PN
2026-09-28 19:13:24,265 [INFO] [  5/50] Scraping: FITNESS & SOCIAL WELLBEING CIC (Co #10257487)
2026-09-28 19:13:26,013 [INFO]       Appointed Officer: DOUGHTY, Janice Lorna (Director)
2026-09-28 19:13:26,013 [INFO]       Address:          The Old Library, Memorial Avenue, Worksop, Notts, S80 2BP
2026-09-28 19:13:27,415 [INFO] [  6/50] Scraping: SOW A SEED CIC (Co #10284681)
2026-09-28 19:13:29,213 [INFO]       Appointed Officer: GEORGE, Lennox Athos, Desmond (Director)
2026-09-28 19:13:29,213 [INFO]       Address:          Beulah Family Church, Beulah Crescent, Thornton Heath, United Kingdom, CR7 8JL
2026-09-28 19:13:30,553 [INFO] [  7/50] Scraping: MKFOODFEST CIC (Co #10286922)
2026-09-28 19:13:32,097 [INFO]       Appointed Officer: ROBERTS, Hazel, Dr (Secretary)
2026-09-28 19:13:32,098 [INFO]       Address:          16 Boxberry Gardens, Walnut Tree, Milton Keynes, Buckinghamshire, MK7 7EN
2026-09-28 19:13:33,442 [INFO] [  8/50] Scraping: TEDDINGTON COMMUNITY SPORTS GROUND C.I.C. (Co #10611920)
2026-09-28 19:13:35,482 [INFO]       Appointed Officer: CARTMELL, Simon Christopher (Secretary)
2026-09-28 19:13:35,482 [INFO]       Address:          55 Acacia Road, Hampton, Middlesex, TW12 3DP
2026-09-28 19:13:36,814 [INFO] [  9/50] Scraping: JUST 4 FUN - OUT OF SCHOOL AND HOLIDAY CLUBS C.I.C. (Co #10615686)
2026-09-28 19:13:38,654 [INFO]       Appointed Officer: DOWN, Hannah (Secretary)
2026-09-28 19:13:38,654 [INFO]       Address:          Stuart Road Primary School Palmerston Street, Stoke, Plymouth, Devon, PL1 5LL
2026-09-28 19:13:39,999 [INFO] [ 10/50] Scraping: PASS1ON CIC (Co #10634731)
2026-09-28 19:13:41,578 [INFO]       Appointed Officer: BACCHOO, Damian (Director)
2026-09-28 19:13:41,578 [INFO]       Address:          Units 5/6/7 Lady Bee Enterprise Centre, Albion Street, Southwick, West Sussex, England, BN42 4BW
2026-09-28 19:13:42,912 [INFO] [ 11/50] Scraping: THE URBAN CITY LIFE CIC (Co #10634719)
2026-09-28 19:13:44,737 [INFO]       Appointed Officer: ROYLE, Daniel (Director)
2026-09-28 19:13:44,737 [INFO]       Address:          35 Whitehaven Road, Everton, Liverpool, Merseyside, L5 0BB
2026-09-28 19:13:46,068 [INFO] [ 12/50] Scraping: NORTHWEST COMMUNITY CRUISES CIC (Co #10639408)
2026-09-28 19:13:47,590 [INFO]       Appointed Officer: CARRINGTON, Stephen (Director)
2026-09-28 19:13:47,590 [INFO]       Address:          29 Birch Grove, Garswood, Wigan, Lancashire, WN4 0QZ
2026-09-28 19:13:48,937 [INFO] [ 13/50] Scraping: SENSE ABILITIES C.I.C. (Co #10639701)
2026-09-28 19:13:50,622 [INFO]       Appointed Officer: JONES, Suzannah Louise (Secretary)
2026-09-28 19:13:50,622 [INFO]       Address:          Unit H, The Market Forum, Market Street, Torquay, Devon, England, TQ1 3AE
2026-09-28 19:13:51,980 [INFO] [ 14/50] Scraping: COVENTRY PRIORY CIC (Co #10651283)
2026-09-28 19:13:53,736 [INFO]       Appointed Officer: DONNELLY, Carole (Secretary)
2026-09-28 19:13:53,736 [INFO]       Address:          5 Whitefriars Street, 5 Whitefriars Street, Coventry, West Midlands, England, CV1 2DS
2026-09-28 19:13:55,061 [INFO] [ 15/50] Scraping: COHOME BRISTOL COMMUNITY INTEREST COMPANY (Co #10657829)
2026-09-28 19:13:56,671 [INFO]       Appointed Officer: BEALE, Thomas Cox (Director)
2026-09-28 19:13:56,671 [INFO]       Address:          27 Gratitude Road Greenbank, Bristol, BS5 6EH
2026-09-28 19:13:58,052 [INFO] [ 16/50] Scraping: CROSS KEYS COMMUNITY LODGE C.I.C. (Co #10667967)
2026-09-28 19:14:00,317 [INFO]       Appointed Officer: BANKS, Hilary (Director)
2026-09-28 19:14:00,317 [INFO]       Address:          436 Whitehall Road, Bristol, England, BS5 7BU
2026-09-28 19:14:01,651 [INFO] [ 17/50] Scraping: ROWAN JOURNEYS C.I.C. (Co #10842392)
2026-09-28 19:14:03,573 [INFO]       Appointed Officer: FARLEY, Susan (Director)
2026-09-28 19:14:03,573 [INFO]       Address:          Corwen, 7 Mansel Street, Carmarthen, Wales, SA31 1PX
2026-09-28 19:14:04,901 [INFO] [ 18/50] Scraping: ENGAGE DOFE CIC (Co #10842470)
2026-09-28 19:14:06,597 [INFO]       Appointed Officer: BULLEN, Angela Pearl (Director)
2026-09-28 19:14:06,597 [INFO]       Address:          59 The Spinney, Sidcup, Kent, DA14 5NE
2026-09-28 19:14:07,956 [INFO] [ 19/50] Scraping: HENFIELD HUB CIC (Co #10853826)
2026-09-28 19:14:09,845 [INFO]       Appointed Officer: BAILEY, Stephen Robert (Director)
2026-09-28 19:14:09,846 [INFO]       Address:          10 Greenways, Henfield, England, BN5 9TZ
2026-09-28 19:14:11,163 [INFO] [ 20/50] Scraping: FRIENDS OF POOLE PARK RAILWAY COMMUNITY INTEREST COMPANY (Co #10858261)
2026-09-28 19:14:12,880 [INFO]       Appointed Officer: COLLINS, Michael Francis (Director)
2026-09-28 19:14:12,880 [INFO]       Address:          8 Seldown Court, Mount Pleasant Road, Poole, Dorset, BH15 1TY
2026-09-28 19:14:14,217 [INFO] [ 21/50] Scraping: THE PEMBROKESHIRE REMAKERY CIC (Co #10860224)
2026-09-28 19:14:16,231 [INFO]       Appointed Officer: MERRILL, Stephen John (Director)
2026-09-28 19:14:16,231 [INFO]       Address:          Park View House, Ropewalk, Fishguard, Pembrokeshire, Wales, SA65 9BT
2026-09-28 19:14:17,562 [INFO] [ 22/50] Scraping: WIGNPO COMMUNITY INTEREST COMPANY (Co #10865422)
2026-09-28 19:14:19,184 [INFO]       Appointed Officer: TERRET, Norman Harold (Director)
2026-09-28 19:14:19,184 [INFO]       Address:          Nutwood House, Barrow Point Lane, Pinner, Middlesex, United Kingdom, HA5 3DP
2026-09-28 19:14:20,516 [INFO] [ 23/50] Scraping: ABRAHAMSARAH CARE CIC (Co #10875859)
2026-09-28 19:14:22,274 [INFO]       Appointed Officer: ADDISON, John (Director)
2026-09-28 19:14:22,274 [INFO]       Address:          22 Sparkbridge, Laindon, Basildon, Essex, SS15 6QJ
2026-09-28 19:14:23,625 [INFO] [ 24/50] Scraping: WESTERN SCIENCE EVENTS CIC (Co #10879961)
2026-09-28 19:14:25,476 [INFO]       Appointed Officer: SPEARS, David Walter (Director)
2026-09-28 19:14:25,476 [INFO]       Address:          Goodwood House, Blackbrook Park Avenue, Taunton, Somerset, United Kingdom, TA1 2PX
2026-09-28 19:14:26,795 [INFO] [ 25/50] Scraping: TINY TREASURES COMMUNITY SERVICES C.I.C. (Co #10882202)
2026-09-28 19:14:28,797 [INFO]       Appointed Officer: BLEVINS, Elizabeth (Director)
2026-09-28 19:14:28,797 [INFO]       Address:          4 Viscount Close, Hartlepool, United Kingdom, TS24 0UN
2026-09-28 19:14:30,114 [INFO] [ 26/50] Scraping: HANDS ON NE COMMUNITY INTEREST COMPANY (Co #10883051)
2026-09-28 19:14:32,026 [INFO]       Appointed Officer: PORRETTA-BROWN, Maria Dolores Anna (Director)
2026-09-28 19:14:32,026 [INFO]       Address:          171 Sunderland Road, South Shields, England, NE34 6AD
2026-09-28 19:14:33,355 [INFO] [ 27/50] Scraping: GOALS IN LIFE C.I.C. (Co #10887345)
2026-09-28 19:14:35,048 [INFO]       Appointed Officer: METHERINGHAM, Ronald Alfred (Director)
2026-09-28 19:14:35,048 [INFO]       Address:          Ash 2-4 Centrix House, Crow Lane East, Newton-Le-Willows, Merseyside, United Kingdom, WA12 9UY
2026-09-28 19:14:36,375 [INFO] [ 28/50] Scraping: OFFICE 8 COMMUNITY INTEREST COMPANY (Co #10887112)
2026-09-28 19:14:38,198 [INFO]       Appointed Officer: WOLFE, Lisa (Director)
2026-09-28 19:14:38,198 [INFO]       Address:          24 Longley Road, Rainham, Gillingham, Kent, England, ME8 7RU
2026-09-28 19:14:40,536 [INFO] [ 29/50] Scraping: ENNA COMMUNITY CIC (Co #10771561)
2026-09-28 19:14:42,367 [INFO]       Appointed Officer: FARWELL, Jane Louise (Director)
2026-09-28 19:14:42,367 [INFO]       Address:          19 Courtenay Drive, Colyton, Devon, EX24 6QB
2026-09-28 19:14:44,755 [INFO] [ 30/50] Scraping: TREESPECT CIC (Co #10773295)
2026-09-28 19:14:46,652 [INFO]       Appointed Officer: BURKEY, Shaun (Director)
2026-09-28 19:14:46,652 [INFO]       Address:          3 Bracken Rise, Ellesmere, Shropshire, SY12 9ET
2026-09-28 19:14:48,957 [INFO] [ 31/50] Scraping: PURSUE YOUR PASSION CIC (Co #10776355)
2026-09-28 19:14:50,559 [INFO]       Appointed Officer: AJALA, Hannah (Director)
2026-09-28 19:14:50,559 [INFO]       Address:          153-159 Bow Road, London, England, E3 2SE
2026-09-28 19:14:52,867 [INFO] [ 32/50] Scraping: PRO BIKE SERVICE C.I.C. (Co #10779979)
2026-09-28 19:14:54,511 [INFO]       Appointed Officer: MOHAMMED, Lawrence Roderick (Secretary)
2026-09-28 19:14:54,511 [INFO]       Address:          33 Broomhill Road, Woodford Green, Essex, United Kingdom, IG8 9HD
2026-09-28 19:14:56,817 [INFO] [ 33/50] Scraping: NEOS FOUNDATION CIC (Co #10780652)
2026-09-28 19:14:58,590 [INFO]       Appointed Officer: GRUBER, Tobias (Director)
2026-09-28 19:14:58,590 [INFO]       Address:          Suite 1 Lower Ground Floor, One George Yard, London, EC3V 9DF
2026-09-28 19:15:00,907 [INFO] [ 34/50] Scraping: CROFT HOUSE CUMBRIA CIC (Co #10790104)
2026-09-28 19:15:02,693 [INFO]       Appointed Officer: BRASS, Natalie (Secretary)
2026-09-28 19:15:02,693 [INFO]       Address:          Croft House And Cottages, Bolton, Appleby, Cumbria, CA16 6AW
2026-09-28 19:15:05,002 [INFO] [ 35/50] Scraping: IMPROVING MENTAL HEALTH PROVISION CIC (Co #10792032)
2026-09-28 19:15:06,882 [INFO]       Appointed Officer: DUNN, Anthony Edward (Director)
2026-09-28 19:15:06,882 [INFO]       Address:          Dragon Co-Working Hub, 5a, New Road Avenue, Chatham, Kent, England, ME4 6BB
2026-09-28 19:15:09,183 [INFO] [ 36/50] Scraping: FREEDOM WIZARD CIC (Co #10807413)
2026-09-28 19:15:11,501 [INFO]       Appointed Officer: PENNINGTON, Allie (Director)
2026-09-28 19:15:11,502 [INFO]       Address:          2 Canny Croft, Penrith, England, CA11 9HA
2026-09-28 19:15:13,805 [INFO] [ 37/50] Scraping: ATELIER AQUATIC CIC (Co #10809329)
2026-09-28 19:15:15,566 [INFO]       Appointed Officer: SHARLAND, Samuel (Secretary)
2026-09-28 19:15:15,566 [INFO]       Address:          4 Clare Road, Bristol, Avon, BS5 6NF
2026-09-28 19:15:17,883 [INFO] [ 38/50] Scraping: CUREL C.I.C. (Co #10827598)
2026-09-28 19:15:20,326 [INFO]       Appointed Officer: GRAYSON, Alice (Director)
2026-09-28 19:15:20,326 [INFO]       Address:          2 Elland Road, Ripponden, Sowerby Bridge, England, HX6 4DB
2026-09-28 19:15:22,643 [INFO] [ 39/50] Scraping: TNMCP C.I.C. (Co #11062503)
2026-09-28 19:15:24,836 [INFO]       Appointed Officer: COLE, Orlanzo George (Director)
2026-09-28 19:15:24,836 [INFO]       Address:          African Caribbean Centre, Maidstone Road, Leicester, Leicestershire, LE2 0UA
2026-09-28 19:15:27,153 [INFO] [ 40/50] Scraping: FILM BRIGHTON CIC (Co #11063602)
2026-09-28 19:15:29,015 [INFO]       Appointed Officer: GORMAN, Ewan (Director)
2026-09-28 19:15:29,015 [INFO]       Address:          14 Melbourne Avenue, Goring-By-Sea, Worthing, England, BN12 4RT
2026-09-28 19:15:31,317 [INFO] [ 41/50] Scraping: TORFAEN ARTS RESOURCE CENTRE CIC (Co #11067363)
2026-09-28 19:15:33,110 [INFO]       Appointed Officer: HOUNSOME, Lynn Gail (Director)
2026-09-28 19:15:33,110 [INFO]       Address:          21 Upper Coed Cae Road, Blaenavon, Gwent, NP4 9HZ
2026-09-28 19:15:35,489 [INFO] [ 42/50] Scraping: CITIES OF HOPE GLOBAL CIC (Co #11082127)
2026-09-28 19:15:37,235 [INFO]       Appointed Officer: MIAH, Raja (Director)
2026-09-28 19:15:37,235 [INFO]       Address:          8 Quickmere Court Stamford Road, Mossley, Ashton-Under-Lyne, England, OL5 0DA
2026-09-28 19:15:39,553 [INFO] [ 43/50] Scraping: SOLACE DOMESTIC VIOLENCE INTERVENTION CIC (Co #11081726)
2026-09-28 19:15:41,386 [INFO]       Appointed Officer: ALLOTEY, Victoria Wanjiku (Secretary)
2026-09-28 19:15:41,386 [INFO]       Address:          81 Dunley Drive, New Addington, Croydon, Surrey, CR0 0RJ
2026-09-28 19:15:43,704 [INFO] [ 44/50] Scraping: THE MUMS' WELLBEING GROUP COMMUNITY INTEREST COMPANY (Co #11086463)
2026-09-28 19:15:45,707 [INFO]       Appointed Officer: PENNINGTON, Lisa (Director)
2026-09-28 19:15:45,708 [INFO]       Address:          56 Stanley Avenue North, Prestwich, Manchester, M25 3AT
2026-09-28 19:15:48,008 [INFO] [ 45/50] Scraping: THE LIGHTHOUSE CAFE (MORECAMBE) CIC (Co #11090539)
2026-09-28 19:15:49,809 [INFO]       Appointed Officer: ATWILL, Amanda Kim (Director)
2026-09-28 19:15:49,809 [INFO]       Address:          Unit 4 The Stable Yard, Dalton Hall, Burton In Kendal, Cumbria, LA6 1NJ
2026-09-28 19:15:52,120 [INFO] [ 46/50] Scraping: CLUB TREACLE EDUCATION CIC (Co #11092130)
2026-09-28 19:15:54,253 [INFO]       Appointed Officer: LAWRENCE, Michael (Director)
2026-09-28 19:15:54,253 [INFO]       Address:          111 Charterhouse Street, London, EC1M 6AW
2026-09-28 19:15:56,577 [INFO] [ 47/50] Scraping: PRECIOUS MOMENTS DAYCARE CIC (Co #11094700)
2026-09-28 19:15:58,639 [INFO]       Appointed Officer: GRANT-WHITTAKER, Precious (Director)
2026-09-28 19:15:58,639 [INFO]       Address:          Woods Methodist Church Coronation Road, Friar Park, Wednesbury, West Midlands, WS10 0TT
2026-09-28 19:16:00,942 [INFO] [ 48/50] Scraping: REDDOTUK FOUNDATION CIC (Co #11097964)
2026-09-28 19:16:02,683 [INFO]       Appointed Officer: STALHAM, Dean (Secretary)
2026-09-28 19:16:02,683 [INFO]       Address:          62 Cecil Road, London, England, E13 0LR
2026-09-28 19:16:04,996 [INFO] [ 49/50] Scraping: ALL ARMS CIC (Co #11109887)
2026-09-28 19:16:06,791 [INFO]       Appointed Officer: BEIRNE, Julian Peter (Director)
2026-09-28 19:16:06,791 [INFO]       Address:          2 Chestnut Drive, Rossendale, Lancashire, BB4 6DP
2026-09-28 19:16:09,097 [INFO] [ 50/50] Scraping: CHASING DRIFTWOOD WRITING GROUP CIC (Co #11111581)
2026-09-28 19:16:10,904 [INFO]       Appointed Officer: LOCKHART, Jill Adrienne (Secretary)
2026-09-28 19:16:10,904 [INFO]       Address:          1 New Cottages Mill Lane, Hurn, Christchurch, Dorset, BH23 6AA
2026-09-28 19:16:13,226 [INFO] ================================================================================
2026-09-28 19:16:13,226 [INFO] BATCH FINISHED: Processed 50 companies in 190.0s.
2026-09-28 19:16:13,226 [INFO] Total Cumulative Enriched: 982 companies.
2026-09-28 19:16:13,226 [INFO] Updated CSV: enriched_uk_companies.csv
2026-09-28 19:16:13,226 [INFO] Updated Log: scraper.log
2026-09-28 19:16:13,226 [INFO] ================================================================================
2026-09-29 00:10:14,695 [INFO] ================================================================================
2026-09-29 00:10:14,695 [INFO] STARTING PRODUCTION UK COMPANIES HOUSE CONTACT SCRAPER
2026-09-29 00:10:14,695 [INFO] ================================================================================
2026-09-29 00:10:14,695 [INFO] Input Dataset:  Companies-House-search-results.csv
2026-09-29 00:10:14,696 [INFO] Output Dataset: enriched_uk_companies.csv
2026-09-29 00:10:14,696 [INFO] Batch Size:     50
2026-09-29 00:10:14,701 [INFO] Already processed in previous runs: 982 companies
2026-09-29 00:10:14,723 [INFO] Total remaining companies to scrape: 4018
2026-09-29 00:10:14,723 [INFO] Processing next batch of 50 companies...

2026-09-29 00:10:14,723 [INFO] [  1/50] Scraping: SEEK REFUGEE SERVICES CIC (Co #11114334)
2026-09-29 00:10:16,405 [INFO]       Appointed Officer: WHITEHEAD, Christopher Mark (Director)
2026-09-29 00:10:16,405 [INFO]       Address:          Arbutus Arbutus, Grayswood Road, Haslemere, Surrey, England, GU27 2BP
2026-09-29 00:10:19,930 [INFO]    [PHONE]   07843 344601
2026-09-29 00:10:19,930 [INFO]    [EMAIL]   refugeesupportnortheast@redcross.org.uk
2026-09-29 00:10:19,931 [INFO]    [WEBSITE] https://www.redcross.org.uk/get-help/get-help-as-a-refugee
2026-09-29 00:10:20,931 [INFO] [  2/50] Scraping: SWANSEA PSYCHOTHERAPY AND COUNSELLING FOR EVERYONE CIC (Co #11115748)
2026-09-29 00:10:22,682 [INFO]       Appointed Officer: BUFFARD, Sally (Director)
2026-09-29 00:10:22,682 [INFO]       Address:          62 Walter Road, Swansea, Wales, SA1 4PT
2026-09-29 00:10:23,943 [INFO] [  3/50] Scraping: FAMILIES FOR LIFE C.I.C. (Co #11115122)
2026-09-29 00:10:25,528 [INFO]       Appointed Officer: DA SILVA, Raquel (Secretary)
2026-09-29 00:10:25,528 [INFO]       Address:          Biz Space Suite 3 Kings Road, Tyseley, Birmingham, West Midlands, United Kingdom, B11 2AL
2026-09-29 00:10:26,785 [INFO] [  4/50] Scraping: HEPHZIBAH CARING AND SHARING ORGANISATION C.I.C. (Co #10985137)
2026-09-29 00:10:28,401 [INFO]       Appointed Officer: DOSUNMU, Modupe Abidemi (Director)
2026-09-29 00:10:28,401 [INFO]       Address:          25 25 Eyres Drive Castle Hill, Ebbsfleet Valley, Swanscombe, Kent, United Kingdom, DA10 1DF
2026-09-29 00:10:29,661 [INFO] [  5/50] Scraping: TRANSFORMATIONS SERVICES CIC (Co #10987062)
2026-09-29 00:10:31,364 [INFO]       Appointed Officer: EZIKA, Jude Ugochukwu (Director)
2026-09-29 00:10:31,364 [INFO]       Address:          Unit 8 Ashbrook Business Park Parkside Lane, Off Dewsbury Road, Beeston, Leeds, LS11 5SF
2026-09-29 00:10:32,639 [INFO] [  6/50] Scraping: SAFE ADVICE COMMUNITY SOLUTIONS C.I.C. (Co #10990637)
2026-09-29 00:10:34,401 [INFO]       Appointed Officer: BLACKBURN, Jan (Director)
2026-09-29 00:10:34,401 [INFO]       Address:          15 Burleigh Close, Rochester, England, ME2 3TQ
2026-09-29 00:10:35,657 [INFO] [  7/50] Scraping: BDRC ENTERPRISES COMMUNITY INTEREST COMPANY (Co #10998723)
2026-09-29 00:10:37,386 [INFO]       Appointed Officer: BEATON, Andrew John (Director)
2026-09-29 00:10:37,386 [INFO]       Address:          Unit 18 Ace Business Park Mackadown Lane, Kitts Green, Birmingham, England, B33 0LD
2026-09-29 00:10:38,652 [INFO] [  8/50] Scraping: A.B.S ACADEMY C.I.C. (Co #10998590)
2026-09-29 00:10:40,424 [INFO]       Appointed Officer: NASHI, Manuel (Director)
2026-09-29 00:10:40,424 [INFO]       Address:          2 Flat B, Handsworth Road, London, N17 6DE
2026-09-29 00:10:41,684 [INFO] [  9/50] Scraping: REACHOUT.WORK - CIC (Co #11016904)
2026-09-29 00:10:43,421 [INFO]       Appointed Officer: LYNCH, Karen Tracey (Director)
2026-09-29 00:10:43,422 [INFO]       Address:          Yfc Office Clitheroe Auction Mart, Lincoln Way, Clitheroe, Lancashire, England, BB7 1QD
2026-09-29 00:10:44,703 [INFO] [ 10/50] Scraping: PRIDE OF DEMOCRACY CIC (Co #11031748)
2026-09-29 00:10:46,314 [INFO]       Appointed Officer: UMER, Muhammad (Director)
2026-09-29 00:10:46,314 [INFO]       Address:          15 Arundel Road, Hounslow, TW4 6HR
2026-09-29 00:10:47,582 [INFO] [ 11/50] Scraping: DANCE CENTRED 2 CIC (Co #11035449)
2026-09-29 00:10:49,192 [INFO]       Appointed Officer: TAYLOR, Lois Jacqueline (Director)
2026-09-29 00:10:49,192 [INFO]       Address:          Kilmar South Phoenix, Minions, Liskeard, PL14 5LH
2026-09-29 00:10:50,446 [INFO] [ 12/50] Scraping: LASAR RADIO CIC (Co #11040152)
2026-09-29 00:10:52,200 [INFO]       Appointed Officer: BARRATT, John Ellis (Secretary)
2026-09-29 00:10:52,200 [INFO]       Address:          31 Churchill Avenue, Cheddleton, Staffordshire, ST13 7EJ
2026-09-29 00:10:53,474 [INFO] [ 13/50] Scraping: ARTSTRING CIC (Co #10933405)
2026-09-29 00:10:55,079 [INFO]       Appointed Officer: BRACHER MARIANI, Julia (Director)
2026-09-29 00:10:55,080 [INFO]       Address:          C/O Tax Advisory Partnership, Lower Ground Floor, 14 Devonshire Square, London, United Kingdom, EC2M 4YT
2026-09-29 00:10:56,337 [INFO] [ 14/50] Scraping: SOCIALLY DIGITAL CIC (Co #10935947)
2026-09-29 00:10:57,922 [INFO]       Appointed Officer: PETERS, Max Edward (Director)
2026-09-29 00:10:57,922 [INFO]       Address:          82 Forest Rise, London, E17 3PN
2026-09-29 00:10:59,190 [INFO] [ 15/50] Scraping: TSE TSE FLY MIDDLE EAST COMMUNITY INTEREST COMPANY (Co #10941820)
2026-09-29 00:11:00,855 [INFO]       Appointed Officer: COATES, Simon John (Director)
2026-09-29 00:11:00,855 [INFO]       Address:          84 Highworth Road, Bounds Green, London, N11 2SH
2026-09-29 00:11:02,131 [INFO] [ 16/50] Scraping: WELLGROUP COMMUNITY C.I.C. (Co #10941391)
2026-09-29 00:11:03,776 [INFO]       Appointed Officer: O'REILLY, Damian (Director)
2026-09-29 00:11:03,777 [INFO]       Address:          33 Ney Street, Ashton-Under-Lyne, England, OL7 9NL
2026-09-29 00:11:05,040 [INFO] [ 17/50] Scraping: DIDSBURY FM C.I.C. (Co #10942296)
2026-09-29 00:11:06,728 [INFO]       Appointed Officer: SAUNDERS, Sarah Jane (Director)
2026-09-29 00:11:06,728 [INFO]       Address:          C/O Burton Varley Ltd Suite 3, 2nd Floor, Didsbury House, 748 - 754 Wilmslow Road, Manchester, United Kingdom, M20 2DW
2026-09-29 00:11:07,983 [INFO] [ 18/50] Scraping: JQNK C.I.C. (Co #10944490)
2026-09-29 00:11:09,634 [INFO]       Appointed Officer: BAAH, Julia Nkechukwunye (Director)
2026-09-29 00:11:09,634 [INFO]       Address:          92 Tomlinson Avenue, Luton, Bedfordshire, England, LU4 0QQ
2026-09-29 00:11:10,899 [INFO] [ 19/50] Scraping: MAINTENANT COMMUNITY INTEREST COMPANY (Co #10949034)
2026-09-29 00:11:12,641 [INFO]       Appointed Officer: AMATINO, Nadjet Amell (Director)
2026-09-29 00:11:12,641 [INFO]       Address:          58 Overbury Avenue, Beckenham, England, BR3 6PY
2026-09-29 00:11:13,897 [INFO] [ 20/50] Scraping: BRADLEY AFTER SCHOOL EDUCATIONAL SUPPORT C.I.C. (Co #10960170)
2026-09-29 00:11:15,631 [INFO]       Appointed Officer: ARSHAD, Waqas (Director)
2026-09-29 00:11:15,631 [INFO]       Address:          Grassroots Centre St Philips Church, Leeds Road, Nelson, BB9 9XB
2026-09-29 00:11:16,897 [INFO] [ 21/50] Scraping: LOCAL CAUSES (1) C.I.C. (Co #10906780)
2026-09-29 00:11:18,646 [INFO]       Appointed Officer: SELLERS, Caroline Jane (Secretary)
2026-09-29 00:11:18,646 [INFO]       Address:          1 Angel Square, Manchester, M60 0AG
2026-09-29 00:11:19,912 [INFO] [ 22/50] Scraping: OPENCOLLECTIVE UK C.I.C. (Co #10905640)
2026-09-29 00:11:21,483 [INFO]       Appointed Officer: DAMMAN, Dimitri (Director)
2026-09-29 00:11:21,483 [INFO]       Address:          75 Copsewood Road, Watford, United Kingdom, WD24 5DY
2026-09-29 00:11:22,744 [INFO] [ 23/50] Scraping: ST HELENS UNLIMITED COMMUNITY INTEREST COMPANY (Co #10912381)
2026-09-29 00:11:24,384 [INFO]       Appointed Officer: ASHWORTH, Mike (Director)
2026-09-29 00:11:24,385 [INFO]       Address:          8 Cheshire Gardens, St Helens, Merseyside, WA10 3SZ
2026-09-29 00:11:25,715 [INFO] [ 24/50] Scraping: AFRICAN RAYS ACADEMY CIC (Co #10920256)
2026-09-29 00:11:27,436 [INFO]       Appointed Officer: ACHOLA, Juliet Joyce (Director)
2026-09-29 00:11:27,436 [INFO]       Address:          30 Ryculff Square, London, United Kingdom, SE3 0SN
2026-09-29 00:11:28,699 [INFO] [ 25/50] Scraping: SABIRIAN C.I.C. (Co #10922613)
2026-09-29 00:11:30,540 [INFO]       Appointed Officer: BULPITT, Michael (Director)
2026-09-29 00:11:30,540 [INFO]       Address:          1580 Parkway Solent Business Park, Whiteley, Fareham, Hampshire, PO15 7AG
2026-09-29 00:11:31,797 [INFO] [ 26/50] Scraping: SHROUDS 14/18 CIC (Co #10921821)
2026-09-29 00:11:33,364 [INFO]       Appointed Officer: HEARD, Robert James (Director)
2026-09-29 00:11:33,364 [INFO]       Address:          Rook House, Victoria Road, Dartmouth, Devon, TQ6 9HD
2026-09-29 00:11:34,618 [INFO] [ 27/50] Scraping: HUDDLEUP CIC (Co #10927855)
2026-09-29 00:11:36,316 [INFO]       Appointed Officer: HARROLD, Miriam (Director)
2026-09-29 00:11:36,316 [INFO]       Address:          199 Newbrook Road, Atherton, Greater Manchester, M46 9HA
2026-09-29 00:11:38,045 [INFO] [ 28/50] Scraping: DYSLEXIA FOR THE WISE CIC (Co #10929876)
2026-09-29 00:11:39,623 [INFO]       Appointed Officer: PENNANT, Zoe (Director)
2026-09-29 00:11:39,624 [INFO]       Address:          2 Wilberforce Way, London, SE25 5EE
2026-09-29 00:11:41,826 [INFO] [ 29/50] Scraping: LYDFORD BROADBAND CIC (Co #10931631)
2026-09-29 00:11:43,585 [INFO]       Appointed Officer: EAMES, Raymond Colin (Director)
2026-09-29 00:11:43,586 [INFO]       Address:          Blossomfield Church Lane, East Lydford, Somerton, England, TA11 7HD
2026-09-29 00:11:45,787 [INFO] [ 30/50] Scraping: THE 17 PERCENT OF MEN CIC (Co #10964356)
2026-09-29 00:11:47,378 [INFO]       Appointed Officer: GARDNER, Damian (Director)
2026-09-29 00:11:47,378 [INFO]       Address:          8 Sutton Walls Grove, Kington, Herefordshire, HR5 3GH
2026-09-29 00:11:49,581 [INFO] [ 31/50] Scraping: CLUB DONCASTER SPORTS COLLEGE C.I.C. (Co #10970165)
2026-09-29 00:11:51,327 [INFO]       Appointed Officer: POOLE, Richard James (Secretary)
2026-09-29 00:11:51,327 [INFO]       Address:          Eco-Power Stadium, Stadium Way, Doncaster, England, DN4 5JW
2026-09-29 00:11:53,533 [INFO] [ 32/50] Scraping: SAVE OUR HERITAGE C.I.C. (Co #10970721)
2026-09-29 00:11:55,276 [INFO]       Appointed Officer: BITHELL, Margaret Myfanwy (Director)
2026-09-29 00:11:55,276 [INFO]       Address:          11 Westminster Drive, Wrexham, Wrexham County Borough, LL12 7AT
2026-09-29 00:11:57,481 [INFO] [ 33/50] Scraping: FITKINS MEADOW C.I.C. (Co #10975472)
2026-09-29 00:11:59,281 [INFO]       Appointed Officer: MEEHAN, Russell David (Secretary)
2026-09-29 00:11:59,281 [INFO]       Address:          2 Claridge Court, Lower Kings Road, Berkhamsted, Hertfordshire, England, HP4 2AF
2026-09-29 00:12:01,495 [INFO] [ 34/50] Scraping: GOFIT4FUN CIC (Co #10976205)
2026-09-29 00:12:03,114 [INFO]       Appointed Officer: BEC, Remi, Dr (Director)
2026-09-29 00:12:03,115 [INFO]       Address:          131 Chesterfield Road, Sheffield, United Kingdom, S8 0RN
2026-09-29 00:12:05,317 [INFO] [ 35/50] Scraping: HITTING HOME PREVENTION SERVICES CIC (Co #10977667)
2026-09-29 00:12:06,906 [INFO]       Appointed Officer: PIGEON, Marc (Director)
2026-09-29 00:12:06,906 [INFO]       Address:          16 Broad Street, Eye, England, IP23 7AF
2026-09-29 00:12:09,109 [INFO] [ 36/50] Scraping: WATERSIDE TAEKWONDO COMMUNITY CLUB CIC (Co #10715900)
2026-09-29 00:12:10,862 [INFO]       Appointed Officer: GRAVES, Colin (Director)
2026-09-29 00:12:10,862 [INFO]       Address:          28 Corsair Drive, Dibden, Hampshire, SO45 5UF
2026-09-29 00:12:13,064 [INFO] [ 37/50] Scraping: PAWFECT DOGSENSE C.I.C. (Co #10719915)
2026-09-29 00:12:14,698 [INFO]       Appointed Officer: CHUGHTAI, Alicia Serena (Director)
2026-09-29 00:12:14,698 [INFO]       Address:          Darwin House, 7 Kidderminster Road, Bromsgrove, Worcestershire, B61 7JJ
2026-09-29 00:12:16,902 [INFO] [ 38/50] Scraping: LONDON 1840 COMMUNITY INTEREST COMPANY (Co #10720233)
2026-09-29 00:12:18,657 [INFO]       Appointed Officer: ARMITAGE, David Edward (Director)
2026-09-29 00:12:18,658 [INFO]       Address:          5 Dockyard Terrace, Sheerness, Kent, ME12 1SG
2026-09-29 00:12:20,860 [INFO] [ 39/50] Scraping: LANSBURY COMMUNITY TRANSPORT C.I.C. (Co #10722790)
2026-09-29 00:12:22,448 [INFO]       Appointed Officer: MARTIN, Graham (Director)
2026-09-29 00:12:22,448 [INFO]       Address:          Lsr Management Comet Studios, De Havilland Court, Amersham, Buckinghamshire, England, HP7 0PX
2026-09-29 00:12:24,652 [INFO] [ 40/50] Scraping: BACKPACK DRAMA LIMITED C.I.C. (Co #10744036)
2026-09-29 00:12:26,221 [INFO]       Appointed Officer: BAMBER, Jane (Director)
2026-09-29 00:12:26,221 [INFO]       Address:          14 Dalton Road, Wallasey, Merseyside, CH45 1HL
2026-09-29 00:12:28,432 [INFO] [ 41/50] Scraping: WELLS ART PRACTICE LTD CIC (Co #10755619)
2026-09-29 00:12:30,060 [INFO]       Appointed Officer: BRITON, Molly (Director)
2026-09-29 00:12:30,061 [INFO]       Address:          37 Chamberlain Street, Wells, England, BA5 2PQ
2026-09-29 00:12:32,265 [INFO] [ 42/50] Scraping: MINEHEAD SWIMMING POOL CIC (Co #11058872)
2026-09-29 00:12:33,996 [INFO]       Appointed Officer: WELLSTOOD, Peter (Director)
2026-09-29 00:12:33,996 [INFO]       Address:          The Eaves Doverhay, Porlock, Minehead, England, TA24 8QB
2026-09-29 00:12:36,201 [INFO] [ 43/50] Scraping: BASELINE MATTERS CIC (Co #11058017)
2026-09-29 00:12:37,997 [INFO]       Appointed Officer: THOMAS, Denise (Director)
2026-09-29 00:12:37,997 [INFO]       Address:          6-8 Freeman Street, Grimsby, England, DN32 7AA
2026-09-29 00:12:40,199 [INFO] [ 44/50] Scraping: INTENTERDEN CIC (Co #11059578)
2026-09-29 00:12:41,992 [INFO]       Appointed Officer: MAHONEY, Natasha (Secretary)
2026-09-29 00:12:41,992 [INFO]       Address:          24 Eastgate Road, Tenterden, United Kingdom, TN30 7AH
2026-09-29 00:12:44,189 [INFO] [ 45/50] Scraping: EJAF SOCIAL IMPACT (1) CIC (Co #11059787)
2026-09-29 00:12:45,989 [INFO]       Appointed Officer: RUSSELL, Anne Fiona (Director)
2026-09-29 00:12:45,989 [INFO]       Address:          174 Kings House, 174 Hammersmith Road, London, England, W6 7JP
2026-09-29 00:12:48,192 [INFO] [ 46/50] Scraping: R & S FUTURE SOLUTIONS CIC (Co #11071969)
2026-09-29 00:12:49,919 [INFO]       Appointed Officer: ALBERTO RODRIGUES, Nelson Bruno (Secretary)
2026-09-29 00:12:49,919 [INFO]       Address:          Flat 3, 12 Southcote Road, Bournemouth, County, United Kingdom, BH1 3SR
2026-09-29 00:12:52,116 [INFO] [ 47/50] Scraping: GREEN SHIFT EDUCATION COMMUNITY INTEREST COMPANY (Co #11094768)
2026-09-29 00:12:53,948 [INFO]       Appointed Officer: HARRISON, Angela (Secretary)
2026-09-29 00:12:53,948 [INFO]       Address:          28 St. Nicholas Way, Hebburn, Tyne And Wear, United Kingdom, NE31 1RJ
2026-09-29 00:12:56,153 [INFO] [ 48/50] Scraping: SPACE EMBRACE COMMUNITY INTEREST COMPANY (Co #11098892)
2026-09-29 00:12:57,918 [INFO]       Appointed Officer: LONG, Kimberley Louise (Secretary)
2026-09-29 00:12:57,918 [INFO]       Address:          Flat 1 261 Well Street, Homerton, London, E9 6RG
2026-09-29 00:13:00,115 [INFO] [ 49/50] Scraping: THE RITA PROJECT CIC (Co #11099443)
2026-09-29 00:13:01,916 [INFO]       Appointed Officer: BERRY, Helen (Director)
2026-09-29 00:13:01,916 [INFO]       Address:          C/O West & Berry Limited Mocatta House, Trafalgar Place, Brighton, BN1 4DU
2026-09-29 00:13:04,116 [INFO] [ 50/50] Scraping: WIRRAL FESTIVAL OF FIRSTS COMMUNITY INTEREST COMPANY (Co #11103302)
2026-09-29 00:13:05,836 [INFO]       Appointed Officer: GARDINER, Linda Patricia Gore (Director)
2026-09-29 00:13:05,836 [INFO]       Address:          71 Alderley Road, Hoylake, Wirral, CH47 2AU
2026-09-29 00:13:08,061 [INFO] ================================================================================
2026-09-29 00:13:08,061 [INFO] BATCH FINISHED: Processed 50 companies in 173.3s.
2026-09-29 00:13:08,061 [INFO] Total Cumulative Enriched: 1032 companies.
2026-09-29 00:13:08,061 [INFO] Updated CSV: enriched_uk_companies.csv
2026-09-29 00:13:08,061 [INFO] Updated Log: scraper.log
2026-09-29 00:13:08,061 [INFO] ================================================================================
2026-09-29 10:23:40,706 [INFO] ================================================================================
2026-09-29 10:23:40,706 [INFO] STARTING PRODUCTION UK COMPANIES HOUSE CONTACT SCRAPER
2026-09-29 10:23:40,706 [INFO] ================================================================================
2026-09-29 10:23:40,706 [INFO] Input Dataset:  Companies-House-search-results.csv
2026-09-29 10:23:40,706 [INFO] Output Dataset: enriched_uk_companies.csv
2026-09-29 10:23:40,706 [INFO] Batch Size:     50
2026-09-29 10:23:40,711 [INFO] Already processed in previous runs: 1032 companies
2026-09-29 10:23:40,729 [INFO] Total remaining companies to scrape: 3968
2026-09-29 10:23:40,729 [INFO] Processing next batch of 50 companies...

2026-09-29 10:23:40,729 [INFO] [  1/50] Scraping: WELLCEN CIC (Co #11103616)
2026-09-29 10:23:42,541 [INFO]       Appointed Officer: MAHON, Daniel Michael (Director)
2026-09-29 10:23:42,541 [INFO]       Address:          Hammond House North Road, West Kirby, Wirral, CH48 4DE
2026-09-29 10:23:52,465 [INFO]    [PHONE]   01516 774100
2026-09-29 10:23:52,465 [INFO]    [EMAIL]   info@bizstats.co.uk
2026-09-29 10:23:52,465 [INFO]    [WEBSITE] https://www.bizstats.co.uk/ltd/wellcen-no1-cic-11058071/
2026-09-29 10:23:53,466 [INFO] [  2/50] Scraping: GLENCOE BROADBAND C.I.C. (Co #SC560044)
2026-09-29 10:23:54,925 [INFO]       Appointed Officer: DAYNES, Guy (Director)
2026-09-29 10:23:54,925 [INFO]       Address:          Glencoe Independent Hostel, Glencoe, Nr Ballachulish, Argyll, PH49 4HX
2026-09-29 10:23:56,283 [INFO] [  3/50] Scraping: GROW YOUR OWN TALENT CIC (Co #SC561186)
2026-09-29 10:23:57,895 [INFO]       Appointed Officer: MARTIN, Brian George (Director)
2026-09-29 10:23:57,896 [INFO]       Address:          50 Corstorphine Bank Drive, Edinburgh, Midlothian, Scotland, EH12 8RN
2026-09-29 10:23:59,256 [INFO] [  4/50] Scraping: AYE CAN CHANGE CIC (Co #SC562046)
2026-09-29 10:24:01,045 [INFO]       Appointed Officer: LOOTS, Frances Helen (Director)
2026-09-29 10:24:01,045 [INFO]       Address:          Knocknairn, Dunira Street, Comrie, Crieff, PH6 2LJ
2026-09-29 10:24:02,385 [INFO] [  5/50] Scraping: DESIGN FOR LIFE PROJECTS CIC (Co #SC560993)
2026-09-29 10:24:04,078 [INFO]       Appointed Officer: GEORGE, Suzanne Marie (Director)
2026-09-29 10:24:04,078 [INFO]       Address:          The Colliery Hub Polkemmet Business Centre, Dixon Terrace, Whitburn, West Lothian, Scotland, EH47 0LH
2026-09-29 10:24:05,418 [INFO] [  6/50] Scraping: MESH GLASGOW C.I.C. (Co #SC567034)
2026-09-29 10:24:07,236 [INFO]       Appointed Officer: COLLINGS, Andrew (Director)
2026-09-29 10:24:07,237 [INFO]       Address:          23 23 Annandale Street, Flat 2/3, Glasgow, United Kingdom, G42 7AJ
2026-09-29 10:24:08,574 [INFO] [  7/50] Scraping: TANOSHII JUDO C.I.C. (Co #SC567944)
2026-09-29 10:24:10,180 [INFO]       Appointed Officer: DEWAR, Jonathan (Secretary)
2026-09-29 10:24:10,180 [INFO]       Address:          29/1 Hillside Street, Edinburgh, Scotland, EH7 5HD
2026-09-29 10:24:11,534 [INFO] [  8/50] Scraping: AC DYNAMIX COMMUNITY INTEREST COMPANY (Co #SC568995)
2026-09-29 10:24:13,089 [INFO]       Appointed Officer: PATTERSON, Andrew (Secretary)
2026-09-29 10:24:13,089 [INFO]       Address:          C/O Hutchison & Co., B5 Whitecrook Business Centre, 78 Whitecrook Street, Clydebank, Scotland, G81 1QF
2026-09-29 10:24:14,429 [INFO] [  9/50] Scraping: SHE IS UNLEASHED C.I.C. (Co #SC568952)
2026-09-29 10:24:16,049 [INFO]       Appointed Officer: BLACK, Bryanna Emma (Director)
2026-09-29 10:24:16,049 [INFO]       Address:          9 9 Small Holdings Whitemyres, Kingswells, Aberdeen, Aberdeenshire, Scotland, AB15 8PS
2026-09-29 10:24:17,387 [INFO] [ 10/50] Scraping: THE RIDGE CAFE CIC (Co #SC571811)
2026-09-29 10:24:19,054 [INFO]       Appointed Officer: BYERS, Michael (Director)
2026-09-29 10:24:19,054 [INFO]       Address:          Bleachingfield Centre, Countess Crescent, Dunbar, Scotland, EH42 1DX
2026-09-29 10:24:20,401 [INFO] [ 11/50] Scraping: WILDFIRES SCOTLAND CIC (Co #SC575315)
2026-09-29 10:24:21,993 [INFO]       Appointed Officer: KENNEDY, Mary Ann (Director)
2026-09-29 10:24:21,993 [INFO]       Address:          103 Trongate Street Level Photoworks (I. Timmermans), Trongate, Glasgow, Scotland, G1 5HD
2026-09-29 10:24:23,460 [INFO] [ 12/50] Scraping: KÜCHE EVENTS COMMUNITY INTEREST COMPANY (Co #SC577510)
2026-09-29 10:24:25,017 [INFO]       Appointed Officer: AHMAD AL JBAWI, Saffanna (Director)
2026-09-29 10:24:25,017 [INFO]       Address:          Flat 0/2,192 Copland Road, Glasgow, Scotland, G51 2UN
2026-09-29 10:24:26,348 [INFO] [ 13/50] Scraping: PEER 2 PEER MINDFULNESS CIC (Co #SC581769)
2026-09-29 10:24:27,895 [INFO]       Appointed Officer: HARTOP, Nicola (Director)
2026-09-29 10:24:27,896 [INFO]       Address:          5 Hendersons Court, Kelso, Scotland, TD5 7BG
2026-09-29 10:24:29,239 [INFO] [ 14/50] Scraping: SOUTHSIDE FRINGE CIC (Co #SC595996)
2026-09-29 10:24:30,853 [INFO]       Appointed Officer: MARTIN, Hannah Corinna (Director)
2026-09-29 10:24:30,853 [INFO]       Address:          126 Kilmarnock Road, Glasgow, Scotland, G41 3NN
2026-09-29 10:24:32,254 [INFO] [ 15/50] Scraping: THE ACTUALISE COLLECTIVE CIC (Co #SC598123)
2026-09-29 10:24:33,843 [INFO]       Appointed Officer: LANG, Marion Mcgregor (Director)
2026-09-29 10:24:33,844 [INFO]       Address:          1 Millar Street, Stonehouse, Lanarkshire, ML9 3LJ
2026-09-29 10:24:35,182 [INFO] [ 16/50] Scraping: STILL-FRESH CIC (Co #SC603411)
2026-09-29 10:24:36,636 [INFO]       Appointed Officer: BOAKYE-SARPONG, Francia (Director)
2026-09-29 10:24:36,636 [INFO]       Address:          PO Box EH5 1SE, Saltire Square Flat 27, 12 Saltire Square, Edinburgh, Scotland, EH5 1SE
2026-09-29 10:24:37,995 [INFO] [ 17/50] Scraping: STEAM LAB COMMUNITY INTEREST COMPANY (Co #SC603457)
2026-09-29 10:24:39,571 [INFO]       Appointed Officer: BARR, Abigail Seona (Director)
2026-09-29 10:24:39,571 [INFO]       Address:          20 Riglands Gate, Renfrew, Renfrewshire, PA4 8NZ
2026-09-29 10:24:40,995 [INFO] [ 18/50] Scraping: GROW GROW GROW CIC (Co #SC604549)
2026-09-29 10:24:42,646 [INFO]       Appointed Officer: GIBSON, Elizabeth Audrey, Rev (Director)
2026-09-29 10:24:42,646 [INFO]       Address:          Mo Dhachaidh, Lochdon, Isle Of Mull, Argyll, PA64 6AP
2026-09-29 10:24:43,979 [INFO] [ 19/50] Scraping: ENCOMPASS EDINBURGH PSYCHOLOGY AND COUNSELLING COOPERATIVE CIC (Co #SC604701)
2026-09-29 10:24:45,652 [INFO]       Appointed Officer: BELL, Nicholas Charles, Dr (Director)
2026-09-29 10:24:45,652 [INFO]       Address:          PO Box 28869, 12 Marlborough Street, Edinburgh, Scotland, EH15 2BG
2026-09-29 10:24:46,988 [INFO] [ 20/50] Scraping: ASSOCIATED INDEPENDENT VENUE PRODUCERS COMMUNITY INTEREST COMPANY (Co #SC334308)
2026-09-29 10:24:48,658 [INFO]       Appointed Officer: KEMP, Hartley (Secretary)
2026-09-29 10:24:48,658 [INFO]       Address:          5c Mcdonald Street, Dundee, DD3 7BD
2026-09-29 10:24:49,988 [INFO] [ 21/50] Scraping: NORTH LANARKSHIRE LEISURE TRADING C.I.C (Co #SC365792)
2026-09-29 10:24:51,783 [INFO]       Appointed Officer: AITKEN, Archibald Henry (Secretary)
2026-09-29 10:24:51,784 [INFO]       Address:          1 Ardgoil Drive, Cumbernauld, Glasgow, G68 9NE
2026-09-29 10:24:53,132 [INFO] [ 22/50] Scraping: TRADITIONAL ARTS DEVELOPMENT COMMUNITY INTEREST COMPANY (Co #SC375912)
2026-09-29 10:24:54,744 [INFO]       Appointed Officer: DAVIDSON, Donald Macrae (Director)
2026-09-29 10:24:54,745 [INFO]       Address:          76 Graffham Avenue, Giffnock, Glasgow, East Renfrewshire, G46 6EH
2026-09-29 10:24:56,081 [INFO] [ 23/50] Scraping: PERTHSHIRE CARE AND WELLBEING COMMUNITY INTEREST COMPANY (Co #SC498752)
2026-09-29 10:24:57,752 [INFO]       Appointed Officer: KRAAKMAN, Johanna Maria Petronella (Director)
2026-09-29 10:24:57,752 [INFO]       Address:          Eastfield House Bamff Road, Alyth, Blairgowrie, Scotland, PH11 8DR
2026-09-29 10:24:59,083 [INFO] [ 24/50] Scraping: ACCESSABLE BORDERS C.I.C. (Co #SC499164)
2026-09-29 10:25:00,684 [INFO]       Appointed Officer: FISHER, Dean (Director)
2026-09-29 10:25:00,684 [INFO]       Address:          1 Orchard Park, St Boswells, TD6 0DA
2026-09-29 10:25:02,023 [INFO] [ 25/50] Scraping: YOUR LIFE'S FOOTPRINT C.I.C. (Co #SC505455)
2026-09-29 10:25:03,500 [INFO]       Appointed Officer: HECTOR, Elif Guneri (Director)
2026-09-29 10:25:03,500 [INFO]       Address:          23 Farrochie Park, Stonehaven, Scotland, AB39 2WU
2026-09-29 10:25:04,839 [INFO] [ 26/50] Scraping: OOR WEE DEN CIC (Co #SC507273)
2026-09-29 10:25:06,339 [INFO]       Appointed Officer: CLARK, Christine Margaret Sharpe (Director)
2026-09-29 10:25:06,339 [INFO]       Address:          45 Main Street, Kilmaurs, Kilmarnock, Scotland, KA3 2SY
2026-09-29 10:25:07,668 [INFO] [ 27/50] Scraping: UNCHAINED INTERNATIONAL CIC (Co #SC514959)
2026-09-29 10:25:09,216 [INFO]       Appointed Officer: MALONEY, Nadia (Secretary)
2026-09-29 10:25:09,216 [INFO]       Address:          41 Sword Street, Glasgow, Scotland, G31 1EG
2026-09-29 10:25:11,540 [INFO] [ 28/50] Scraping: VIARAMA C.I.C. (Co #SC514208)
2026-09-29 10:25:13,284 [INFO]       Appointed Officer: AGNEW, Billy (Director)
2026-09-29 10:25:13,284 [INFO]       Address:          33 Forth View, West Barns, Dunbar, East Lothian, Scotland, EH42 1TZ
2026-09-29 10:25:15,572 [INFO] [ 29/50] Scraping: EAST LOTHIAN AID FOR REFUGEES CIC (Co #SC520637)
2026-09-29 10:25:17,264 [INFO]       Appointed Officer: BISSET, Anne Marie (Director)
2026-09-29 10:25:17,265 [INFO]       Address:          9 Elcho Terrace, Aberlady, East Lothian, Scotland, EH32 0RH
2026-09-29 10:25:19,567 [INFO] [ 30/50] Scraping: ALISON BELL DESIGN CIC (Co #SC542998)
2026-09-29 10:25:21,194 [INFO]       Appointed Officer: JONES, Bethany Heath (Director)
2026-09-29 10:25:21,194 [INFO]       Address:          15 Linburn Road, Glasgow, Scotland, G52 4HA
2026-09-29 10:25:23,488 [INFO] [ 31/50] Scraping: THE 100 SCOTS CIC (Co #SC548510)
2026-09-29 10:25:25,090 [INFO]       Appointed Officer: GEMMELL, Andrew Peter (Director)
2026-09-29 10:25:25,090 [INFO]       Address:          132 Main Street, Prestwick, Scotland, KA9 1PB
2026-09-29 10:25:27,393 [INFO] [ 32/50] Scraping: WARM SHELTERS HOUSING C.I.C. (Co #12410468)
2026-09-29 10:25:28,941 [INFO]       Appointed Officer: RAIKHY, Rahul (Secretary)
2026-09-29 10:25:28,941 [INFO]       Address:          1028-1030 Alcester Road South, Birmingham, England, B14 5NG
2026-09-29 10:25:31,233 [INFO] [ 33/50] Scraping: CORNWALL STREET ARTS FESTIVAL CIC (Co #12411166)
2026-09-29 10:25:32,656 [INFO]       Appointed Officer: VENNING, Martin (Director)
2026-09-29 10:25:32,656 [INFO]       Address:          6 Golden Sands Caravans, Guildford Road, Hayle, England, TR27 4RB
2026-09-29 10:25:34,951 [INFO] [ 34/50] Scraping: POPPY'S PROMISE CIC (Co #12410109)
2026-09-29 10:25:36,405 [INFO]       Appointed Officer: KISJANTORO, Inggriany Tanniansjah (Director)
2026-09-29 10:25:36,405 [INFO]       Address:          49 Albany Road, Chatham, England, ME4 5DN
2026-09-29 10:25:38,747 [INFO] [ 35/50] Scraping: HOW NOT WHAT CIC (Co #12411403)
2026-09-29 10:25:40,171 [INFO]       Appointed Officer: SKEVINGTON, Gemma Fay (Director)
2026-09-29 10:25:40,172 [INFO]       Address:          Cromford Mill Mill Road, Cromford, Matlock, England, DE4 3RQ
2026-09-29 10:25:42,479 [INFO] [ 36/50] Scraping: CARE TO PLAY CIC (Co #12411392)
2026-09-29 10:25:44,125 [INFO]       Appointed Officer: BURTON, Christine (Director)
2026-09-29 10:25:44,125 [INFO]       Address:          25 Kingsway, South Shields, NE33 3NN
2026-09-29 10:25:46,422 [INFO] [ 37/50] Scraping: STUDS COLLECTIVE CIC (Co #12413751)
2026-09-29 10:25:47,948 [INFO]       Appointed Officer: TAYLOR-GILL, Rebecca Jane (Director)
2026-09-29 10:25:47,948 [INFO]       Address:          63-66 Hatton Garden, London, England, EC1N 8LE
2026-09-29 10:25:50,235 [INFO] [ 38/50] Scraping: WITHOUT BOUNDARIES CIC (Co #12415025)
2026-09-29 10:25:51,659 [INFO]       Appointed Officer: AKIODE, Ajoke Olabisi (Director)
2026-09-29 10:25:51,659 [INFO]       Address:          27 Old Gloucester Street, London, United Kingdom, WC1N 3AX
2026-09-29 10:25:53,947 [INFO] [ 39/50] Scraping: VOICES ACROSS TIME C.I.C. (Co #12409391)
2026-09-29 10:25:55,515 [INFO]       Appointed Officer: CUMMINGS, Joseph (Director)
2026-09-29 10:25:55,515 [INFO]       Address:          17 Deene Close, Adderbury, Banbury, England, OX17 3LD
2026-09-29 10:25:57,805 [INFO] [ 40/50] Scraping: FLASH BACK THEATRE CIC (Co #12414977)
2026-09-29 10:25:59,336 [INFO]       Appointed Officer: HASSALL, Faye (Director)
2026-09-29 10:25:59,336 [INFO]       Address:          58 Wilde Close, Burnham On Sea, Somerset, United Kingdom, TA8 1RL
2026-09-29 10:26:01,627 [INFO] [ 41/50] Scraping: HURSTWOOD COMMUNITY FIBRE CIC (Co #12417010)
2026-09-29 10:26:03,585 [INFO]       Appointed Officer: OLIVER, Mark (Director)
2026-09-29 10:26:03,586 [INFO]       Address:          Greylands, Hurstwood Lane, Haywards Heath, England, RH17 7QY
2026-09-29 10:26:05,877 [INFO] [ 42/50] Scraping: PLANT BREEDERS WITHOUT BORDERS (UK) CIC (Co #12416562)
2026-09-29 10:26:07,344 [INFO]       Appointed Officer: MAYES, Sean, Dr (Director)
2026-09-29 10:26:07,344 [INFO]       Address:          76-80 Baddow Road, Chelmsford, Essex, England, CM2 7PJ
2026-09-29 10:26:09,639 [INFO] [ 43/50] Scraping: KORAKI CIC (Co #12414674)
2026-09-29 10:26:11,251 [INFO]       Appointed Officer: LUCAS, Tracy (Director)
2026-09-29 10:26:11,251 [INFO]       Address:          1 Ashdale Close, Formby, Liverpool, England, L37 2LG
2026-09-29 10:26:13,539 [INFO] [ 44/50] Scraping: SCIENTIFIC ACADEMY FOR DEVELOPMENT CIC (Co #12415508)
2026-09-29 10:26:15,134 [INFO]       Appointed Officer: IBRAHIM, Rania Elsaid Sadek (Director)
2026-09-29 10:26:15,134 [INFO]       Address:          Union House, 111 New Union Street, Coventry, England, United Kingdom, CV1 2NT
2026-09-29 10:26:17,433 [INFO] [ 45/50] Scraping: COSMOS FOUNDATION CIC (Co #12416656)
2026-09-29 10:26:19,655 [INFO]       Appointed Officer: PENDLEBURY, Sandra (Secretary)
2026-09-29 10:26:19,655 [INFO]       Address:          33 Crediton Drive, Platt Bridge, Wigan, England, WN2 5HU
2026-09-29 10:26:21,962 [INFO] [ 46/50] Scraping: EUBANKS BOXING CLUB CIC (Co #12416690)
2026-09-29 10:26:23,393 [INFO]       Appointed Officer: EUBANKS, Mark Anthony (Director)
2026-09-29 10:26:23,393 [INFO]       Address:          190 Evelyn Street, London, England, SE8 5DB
2026-09-29 10:26:25,687 [INFO] [ 47/50] Scraping: THE WEYMOUTH CARNIVAL GROUP CIC (Co #12415096)
2026-09-29 10:26:27,330 [INFO]       Appointed Officer: SKELTON, Linda (Secretary)
2026-09-29 10:26:27,330 [INFO]       Address:          Flat 1 17 Carlton Road South, Weymouth, Dorset, England, DT4 7PL
2026-09-29 10:26:29,632 [INFO] [ 48/50] Scraping: DEAFBOYONE COMMUNITY INTEREST COMPANY (Co #12416938)
2026-09-29 10:26:31,041 [INFO]       Appointed Officer: WALLER, Pete Alan (Director)
2026-09-29 10:26:31,041 [INFO]       Address:          18 Salisbury Road, Bath, England, BA1 6QZ
2026-09-29 10:26:33,339 [INFO] [ 49/50] Scraping: ECHOUTDOORS COMPANY UK CIC (Co #12416598)
2026-09-29 10:26:34,952 [INFO]       Appointed Officer: CALLAGHAN, Andrew Paul (Director)
2026-09-29 10:26:34,952 [INFO]       Address:          11 Waterlees Road, Wisbech, England, PE13 3HE
2026-09-29 10:26:37,250 [INFO] [ 50/50] Scraping: NUTRIBOX IN THE COMMUNITY CIC (Co #12418857)
2026-09-29 10:26:38,906 [INFO]       Appointed Officer: BESTWICK, Christopher James (Director)
2026-09-29 10:26:38,906 [INFO]       Address:          Unit D1, Clough Street, Stoke-On-Trent, England, ST1 4AF
2026-09-29 10:26:41,213 [INFO] ================================================================================
2026-09-29 10:26:41,213 [INFO] BATCH FINISHED: Processed 50 companies in 180.5s.
2026-09-29 10:26:41,213 [INFO] Total Cumulative Enriched: 1082 companies.
2026-09-29 10:26:41,214 [INFO] Updated CSV: enriched_uk_companies.csv
2026-09-29 10:26:41,214 [INFO] Updated Log: scraper.log
2026-09-29 10:26:41,214 [INFO] ================================================================================
2026-09-29 17:35:55,989 [INFO] ================================================================================
2026-09-29 17:35:55,989 [INFO] STARTING PRODUCTION UK COMPANIES HOUSE CONTACT SCRAPER
2026-09-29 17:35:55,990 [INFO] ================================================================================
2026-09-29 17:35:55,990 [INFO] Input Dataset:  Companies-House-search-results.csv
2026-09-29 17:35:55,990 [INFO] Output Dataset: enriched_uk_companies.csv
2026-09-29 17:35:55,990 [INFO] Batch Size:     50
2026-09-29 17:35:55,995 [INFO] Already processed in previous runs: 1082 companies
2026-09-29 17:35:56,017 [INFO] Total remaining companies to scrape: 3918
2026-09-29 17:35:56,017 [INFO] Processing next batch of 50 companies...

2026-09-29 17:35:56,018 [INFO] [  1/50] Scraping: TIBETAN CULTURE YOUTH CENTRE CIC (Co #12421238)
2026-09-29 17:35:57,387 [INFO]       Appointed Officer: YANGCHEN, Tso (Director)
2026-09-29 17:35:57,387 [INFO]       Address:          33 Charles Grinling Walk, London, England, SE18 5BD
2026-09-29 17:36:02,547 [INFO]    [EMAIL]   contact@clarity-project.co.uk
2026-09-29 17:36:02,547 [INFO]    [WEBSITE] https://clarity-project.co.uk/company/12421238
2026-09-29 17:36:03,547 [INFO] [  2/50] Scraping: GOT IT GLOBAL C.I.C. (Co #12425376)
2026-09-29 17:36:04,832 [INFO]       Appointed Officer: MILESON, Brigitte Shelagh (Director)
2026-09-29 17:36:04,832 [INFO]       Address:          5 Luccombe, Furzton, Milton Keynes, England, MK4 1HB
2026-09-29 17:36:08,363 [INFO]    [PHONE]   +44 0 330 660 0998
2026-09-29 17:36:08,363 [INFO]    [EMAIL]   demo@ci.global
2026-09-29 17:36:08,363 [INFO]    [WEBSITE] https://ci.global/
2026-09-29 17:36:09,363 [INFO] [  3/50] Scraping: ECO ETHICAL C.I.C. (Co #12426903)
2026-09-29 17:36:10,608 [INFO]       Appointed Officer: REYNOLDS, Angus Joseph Benjamin (Director)
2026-09-29 17:36:10,608 [INFO]       Address:          235 Alexandra Park Road, London, England, N22 7BJ
2026-09-29 17:36:11,911 [INFO] [  4/50] Scraping: GET READY TO RISE C.I.C. (Co #12426973)
2026-09-29 17:36:13,216 [INFO]       Appointed Officer: HOLLAND, Natasha (Director)
2026-09-29 17:36:13,216 [INFO]       Address:          Clavering House, Clavering Place, Newcastle Upon Tyne, NE1 3NG
2026-09-29 17:36:14,302 [INFO] [  5/50] Scraping: INSIGHT HOUSING C.I.C. (Co #12426965)
2026-09-29 17:36:15,595 [INFO]       Appointed Officer: SMITH, Georgia May (Director)
2026-09-29 17:36:15,595 [INFO]       Address:          Unit 32 Hooters Hall Road, Lymedale Business Centre, Newcastle, England, ST5 9QF
2026-09-29 17:36:16,846 [INFO] [  6/50] Scraping: MARLEY HEIGHTS COMMUNITY INTEREST COMPANY (Co #12428151)
2026-09-29 17:36:18,187 [INFO]       Appointed Officer: HOARE, Antony Edward Brodie (Director)
2026-09-29 17:36:18,188 [INFO]       Address:          The Farm Cottage, Marley Heights, Haslemere, England, GU27 3LU
2026-09-29 17:36:19,307 [INFO] [  7/50] Scraping: R.E.S.T COMMUNITY PROGRAMME CIC (Co #12427621)
2026-09-29 17:36:20,719 [INFO]       Appointed Officer: ANDERSON, Adele (Director)
2026-09-29 17:36:20,719 [INFO]       Address:          Flat 16 Chinchilla Drive, Primrose Court, Hounslow, England, TW4 7BF
2026-09-29 17:36:21,785 [INFO] [  8/50] Scraping: AKTIV8 CIC (Co #12430641)
2026-09-29 17:36:23,206 [INFO]       Appointed Officer: HARRIS, Sonia Janey (Secretary)
2026-09-29 17:36:23,206 [INFO]       Address:          Olympic House 28-42 Clements Road, Ilford, England, IG1 1BA
2026-09-29 17:36:24,279 [INFO] [  9/50] Scraping: WOMEN FOR LOVE PEACE AND TOLERANCE C.I.C. (Co #12432352)
2026-09-29 17:36:25,589 [INFO]       Appointed Officer: SWALLOW, Deborah Jean Anne, Dr (Secretary)
2026-09-29 17:36:25,589 [INFO]       Address:          9 Kingfisher Close, Broxbourne, Hertfordshire, EN10 7FG
2026-09-29 17:36:26,666 [INFO] [ 10/50] Scraping: YOUNG UPSTART CIC (Co #12431532)
2026-09-29 17:36:27,906 [INFO]       Appointed Officer: ADUTT, Serena Phuong An (Director)
2026-09-29 17:36:27,906 [INFO]       Address:          14 The Terrace, Canterbury, England, CT2 7AJ
2026-09-29 17:36:28,976 [INFO] [ 11/50] Scraping: ENCOMPASS EDUCATION GROUP CIC (Co #12435387)
2026-09-29 17:36:30,455 [INFO]       Appointed Officer: BHOGAL, Amar Singh (Director)
2026-09-29 17:36:30,455 [INFO]       Address:          5 Spinney Gardens, Esher, England, KT10 8BY
2026-09-29 17:36:31,528 [INFO] [ 12/50] Scraping: THE EARTHSTAR PROJECT CIC (Co #12436526)
2026-09-29 17:36:32,933 [INFO]       Appointed Officer: FINKEL, Nathan James (Director)
2026-09-29 17:36:32,933 [INFO]       Address:          2 Dunnings Bridge Road, Bootle, England, L30 6TA
2026-09-29 17:36:33,996 [INFO] [ 13/50] Scraping: THE MTB COLLECTIVE CIC (Co #12439770)
2026-09-29 17:36:35,409 [INFO]       Appointed Officer: FOLEY, Darren Francis Charles (Director)
2026-09-29 17:36:35,409 [INFO]       Address:          Harscombe House Harscombe House, 1 Darklake View, Plymouth, Devon, England, PL6 7TL
2026-09-29 17:36:36,494 [INFO] [ 14/50] Scraping: LIVERPOOL FOOTBALL THERAPY CIC (Co #12439468)
2026-09-29 17:36:37,737 [INFO]       Appointed Officer: DOLAN, Colin (Director)
2026-09-29 17:36:37,737 [INFO]       Address:          32 Kingsdale Road, Liverpool, England, L18 1LD
2026-09-29 17:36:38,872 [INFO] [ 15/50] Scraping: HHG ED CIC (Co #12439542)
2026-09-29 17:36:40,135 [INFO]       Appointed Officer: KIRK, Sophie Victoria (Director)
2026-09-29 17:36:40,135 [INFO]       Address:          York Cottage, Hillside Road, Ash Vale, Surrey, England, GU12 5BJ
2026-09-29 17:36:41,204 [INFO] [ 16/50] Scraping: ORGANISATION OF FINANCIAL INCLUSIVITY CIC (Co #12439207)
2026-09-29 17:36:42,652 [INFO]       Appointed Officer: COLESKE, Arnold (Director)
2026-09-29 17:36:42,652 [INFO]       Address:          20 Conduit Street, London, United Kingdom, W15 2XW
2026-09-29 17:36:43,851 [INFO] [ 17/50] Scraping: KO SPORTS FOR COMMUNITIES CIC (Co #12440772)
2026-09-29 17:36:45,460 [INFO]       Appointed Officer: TIERNEY, Noel Kevin Paul (Director)
2026-09-29 17:36:45,460 [INFO]       Address:          7 Chester Green, Loughton, England, IG10 2LX
2026-09-29 17:36:46,525 [INFO] [ 18/50] Scraping: WILD SPIRITED KIDS C.I.C. (Co #12439483)
2026-09-29 17:36:47,953 [INFO]       Appointed Officer: REEVES, Ella Janaya (Director)
2026-09-29 17:36:47,953 [INFO]       Address:          57 Tenbury Crescent, Nottingham, England, NG8 5HY
2026-09-29 17:36:49,013 [INFO] [ 19/50] Scraping: ECLIPSE ELITE COMMUNITY INTEREST COMPANY (Co #12439487)
2026-09-29 17:36:50,402 [INFO]       Appointed Officer: KEY, Naomi Cathryn (Director)
2026-09-29 17:36:50,402 [INFO]       Address:          32 Claremont Crescent, Southampton, England, SO15 4GQ
2026-09-29 17:36:51,490 [INFO] [ 20/50] Scraping: LOUSHA COMMUNITY INTEREST COMPANY (Co #12440400)
2026-09-29 17:36:53,031 [INFO]       Appointed Officer: TOGBA, Gouetey Manou Rita (Director)
2026-09-29 17:36:53,031 [INFO]       Address:          27 Alexandra Road, Croydon, England, CR0 6EY
2026-09-29 17:36:54,132 [INFO] [ 21/50] Scraping: BLACK FLASH FUTURES CIC (Co #12440878)
2026-09-29 17:36:55,506 [INFO]       Appointed Officer: BARRETT, Pat (Director)
2026-09-29 17:36:55,506 [INFO]       Address:          7 Shapwick Close, Harpurhey, Manchester, Greater Manchester, United Kingdom, M9 4XB
2026-09-29 17:36:56,580 [INFO] [ 22/50] Scraping: CAR SEAT LIBRARIES UK COMMUNITY INTEREST COMPANY (Co #12440572)
2026-09-29 17:36:57,977 [INFO]       Appointed Officer: GEMMELL, Katherine Louise (Director)
2026-09-29 17:36:57,977 [INFO]       Address:          550 New Chester Road, Wirral, CH62 2AY
2026-09-29 17:36:59,052 [INFO] [ 23/50] Scraping: THE NORTH MANDATE CIC (Co #12442379)
2026-09-29 17:37:00,519 [INFO]       Appointed Officer: OBALEYE, Basirat Kate (Director)
2026-09-29 17:37:00,519 [INFO]       Address:          25 Dukesgate Grove, Little Hulton, Manchester, England, M38 9AH
2026-09-29 17:37:01,595 [INFO] [ 24/50] Scraping: INTERNATIONAL UNION FOR PROFESSIONAL SALES CIC (Co #12443703)
2026-09-29 17:37:02,932 [INFO]       Appointed Officer: SIMPTHON, Eve Michael Lewis (Director)
2026-09-29 17:37:02,932 [INFO]       Address:          Union House, 111 New Union Street, Coventry, England, United Kingdom, CV1 2NT
2026-09-29 17:37:03,996 [INFO] [ 25/50] Scraping: UNDERSTUDY PRODUCTIONS C.I.C. (Co #12446025)
2026-09-29 17:37:05,530 [INFO]       Appointed Officer: O'MAHONEY, Charlie Li (Director)
2026-09-29 17:37:05,530 [INFO]       Address:          40 Sheffield Street, Carlisle, CA2 5DT
2026-09-29 17:37:06,601 [INFO] [ 26/50] Scraping: LIFE(ELLESMERE PORT) CIC (Co #12447802)
2026-09-29 17:37:07,994 [INFO]       Appointed Officer: LEWIS, Rita Hilda (Director)
2026-09-29 17:37:07,994 [INFO]       Address:          Trinity Methodist Church, Whitby Road, Ellesmere Port, CH65 0AB
2026-09-29 17:37:09,064 [INFO] [ 27/50] Scraping: SOLDIERING-ON C.I.C. (Co #12447822)
2026-09-29 17:37:10,492 [INFO]       Appointed Officer: RUSSON, Colin (Director)
2026-09-29 17:37:10,493 [INFO]       Address:          16 Fieldfare Gardens, Guisborough, England, TS14 8NB
2026-09-29 17:37:11,555 [INFO] [ 28/50] Scraping: THE STABLE (LUBBESTHORPE) CIC (Co #12449513)
2026-09-29 17:37:12,790 [INFO]       Appointed Officer: WAINWRIGHT, Carolyn Veronique (Director)
2026-09-29 17:37:12,790 [INFO]       Address:          124 City Road, London, England, EC1V 2NX
2026-09-29 17:37:14,845 [INFO] [ 29/50] Scraping: ACTION FOR AUSTRALIAN WILDLIFE C.I.C. (Co #12472616)
2026-09-29 17:37:16,168 [INFO]       Appointed Officer: BERRETT-WEST, Linda Jane (Director)
2026-09-29 17:37:16,168 [INFO]       Address:          16 Winstree Close, Layer-De-La-Haye, Colchester, England, CO2 0JR
2026-09-29 17:37:18,221 [INFO] [ 30/50] Scraping: ROCKTOPUS CIC (Co #12477469)
2026-09-29 17:37:19,470 [INFO]       Appointed Officer: HAWKINGS, Andrew James (Director)
2026-09-29 17:37:19,470 [INFO]       Address:          24 Foundry Barton, Frome, England, BA11 3HX
2026-09-29 17:37:21,538 [INFO] [ 31/50] Scraping: UNA PARTNERSHIPS CIC (Co #12477419)
2026-09-29 17:37:22,923 [INFO]       Appointed Officer: DAVIES, John Pryce Allanson (Director)
2026-09-29 17:37:22,923 [INFO]       Address:          Willow Accountancy Ltd, Valley Road, Wotton-Under-Edge, England, GL12 7NP
2026-09-29 17:37:24,996 [INFO] [ 32/50] Scraping: MEN'S MENTAL HEALTH SWINDON CIC (Co #12478556)
2026-09-29 17:37:26,604 [INFO]       Appointed Officer: PARADISE, Charlotte Louise (Director)
2026-09-29 17:37:26,604 [INFO]       Address:          17 Nursery Close, Wroughton, Swindon, England, SN4 9DR
2026-09-29 17:37:28,668 [INFO] [ 33/50] Scraping: BSPH CONSULTING CIC (Co #12480553)
2026-09-29 17:37:30,021 [INFO]       Appointed Officer: CONSTABLE, Michelle Ann, Dr (Director)
2026-09-29 17:37:30,021 [INFO]       Address:          Business And Technology Centre, Bessemer Drive, Stevenage, England, SG1 2DX
2026-09-29 17:37:32,078 [INFO] [ 34/50] Scraping: MEANS OF COMMUNICATION CIC (Co #12480455)
2026-09-29 17:37:33,520 [INFO]       Appointed Officer: CAMPAGNE, Jon-Marc (Director)
2026-09-29 17:37:33,520 [INFO]       Address:          35a Carder Crescent, Bilston, England, WV14 0JT
2026-09-29 17:37:35,601 [INFO] [ 35/50] Scraping: AAPCA CIC (Co #12481460)
2026-09-29 17:37:36,953 [INFO]       Appointed Officer: STEVENSON, Andrew James (Director)
2026-09-29 17:37:36,953 [INFO]       Address:          Unit 10shottery Brook Office Park, Timothy's Bridge Road, Stratford Upon Avon, United Kingdom, CV37 9NR
2026-09-29 17:37:39,012 [INFO] [ 36/50] Scraping: GIVE&TAKE CIC (Co #12483767)
2026-09-29 17:37:40,238 [INFO]       Appointed Officer: LAU, Wing Chung (Director)
2026-09-29 17:37:40,239 [INFO]       Address:          3 Elgin Mews, Kensington, United Kingdom, W11 1PU
2026-09-29 17:37:42,293 [INFO] [ 37/50] Scraping: ADAPTIVE VENTURE C.I.C. (Co #12647902)
2026-09-29 17:37:43,649 [INFO]       Appointed Officer: BUCKLEY, Ryan Christopher (Director)
2026-09-29 17:37:43,649 [INFO]       Address:          18 Glastonbury Drive, Middlewich, England, CW10 9HR
2026-09-29 17:37:45,704 [INFO] [ 38/50] Scraping: PRAGMATIC HEALTHCARE SERVICES C.I.C. (Co #12648437)
2026-09-29 17:37:47,129 [INFO]       Appointed Officer: AMACHREE, Kariba (Director)
2026-09-29 17:37:47,130 [INFO]       Address:          My Office Club Tower House, 67-71 Lewisham High Street, London, England, SE13 5JX
2026-09-29 17:37:49,200 [INFO] [ 39/50] Scraping: CORONAVIRUS SUPPORT CIC (Co #12652054)
2026-09-29 17:37:50,557 [INFO]       Appointed Officer: HAMADACHE, Amina, Dr (Secretary)
2026-09-29 17:37:50,557 [INFO]       Address:          Flat M 54-55 Taff Street, Pontypridd, Wales, CF37 4TD
2026-09-29 17:37:52,613 [INFO] [ 40/50] Scraping: PAMPERAID CIC (Co #12654089)
2026-09-29 17:37:54,029 [INFO]       Appointed Officer: BROAD, Debbie Ann (Secretary)
2026-09-29 17:37:54,029 [INFO]       Address:          22 Sherwood Park Avenue, Sidcup, England, DA15 9HW
2026-09-29 17:37:56,083 [INFO] [ 41/50] Scraping: BREAD AND BUTTER SERVICES CIC (Co #12653988)
2026-09-29 17:37:57,270 [INFO]       Appointed Officer: CLARK, Ryan Keiren (Director)
2026-09-29 17:37:57,270 [INFO]       Address:          31 Orton Close, Margaretting, Ingatestone, Essex, England, CM4 9JN
2026-09-29 17:37:59,325 [INFO] [ 42/50] Scraping: FUTURE SHOOTS CIC (Co #12657045)
2026-09-29 17:38:00,756 [INFO]       Appointed Officer: HARKIN, Denise Tracey (Director)
2026-09-29 17:38:00,756 [INFO]       Address:          Antrobus House, 18 College Street, Petersfield, England, GU31 4AD
2026-09-29 17:38:02,862 [INFO] [ 43/50] Scraping: CB CAREERLINK CIC (Co #12657321)
2026-09-29 17:38:04,585 [INFO]       Appointed Officer: BIYI, Oluwagbohunmi Enoch (Director)
2026-09-29 17:38:04,585 [INFO]       Address:          4 Lowlands Close, Northampton, England, NN3 5EP
2026-09-29 17:38:06,639 [INFO] [ 44/50] Scraping: THE CHRYSALIS PROJECT CIC (Co #12656982)
2026-09-29 17:38:07,961 [INFO]       Appointed Officer: JONES, Jordan Delanie (Director)
2026-09-29 17:38:07,961 [INFO]       Address:          Flat 33 Dalton Court, North Park Road, Birmingham, England, B23 7YF
2026-09-29 17:38:10,017 [INFO] [ 45/50] Scraping: BARKS AND REC CIC (Co #12661975)
2026-09-29 17:38:11,414 [INFO]       Appointed Officer: BROWN, Stephen Francis (Director)
2026-09-29 17:38:11,414 [INFO]       Address:          72 Longbrook Avenue, Bamber Bridge, Preston, England, PR5 6XG
2026-09-29 17:38:13,473 [INFO] [ 46/50] Scraping: FARMS TO FEED US COMMUNITY INTEREST COMPANY (Co #12663855)
2026-09-29 17:38:14,765 [INFO]       Appointed Officer: CHONG, Catherine Pc (Director)
2026-09-29 17:38:14,765 [INFO]       Address:          Penfoye, Penfoye, Cliff, Lostwithiel, England, PL22 0NT
2026-09-29 17:38:16,825 [INFO] [ 47/50] Scraping: FIGHTING TIGERS CIC (Co #12663797)
2026-09-29 17:38:18,129 [INFO]       Appointed Officer: CHAMBERS, Andrew James (Director)
2026-09-29 17:38:18,129 [INFO]       Address:          23 St Leonards Road, Bexhill-On-Sea, East Sussex, United Kingdom, TN40 1HH
2026-09-29 17:38:20,188 [INFO] [ 48/50] Scraping: ENRICHED MEN CIC (Co #12665384)
2026-09-29 17:38:21,447 [INFO]       Appointed Officer: MANDIPAZA, Donald (Secretary)
2026-09-29 17:38:21,448 [INFO]       Address:          6 Pipit Walk, Aylesbury, Buckinghamshire, United Kingdom, HP19 0GG
2026-09-29 17:38:23,501 [INFO] [ 49/50] Scraping: CUCKFIELD MUSIC FESTIVAL CIC (Co #12669136)
2026-09-29 17:38:25,134 [INFO]       Appointed Officer: MORTIMER, David John (Secretary)
2026-09-29 17:38:25,134 [INFO]       Address:          7 Halleighs Whitemans Green, Cuckfield, Haywards Heath, West Sussex, RH17 5DD
2026-09-29 17:38:27,190 [INFO] [ 50/50] Scraping: FORGOTTEN TRIBE CIC (Co #12670870)
2026-09-29 17:38:28,542 [INFO]       Appointed Officer: HALL, Joanne (Director)
2026-09-29 17:38:28,542 [INFO]       Address:          514 Bradford Road, Brighouse, West Yorkshire, HD6 4ED
2026-09-29 17:38:30,620 [INFO] ================================================================================
2026-09-29 17:38:30,620 [INFO] BATCH FINISHED: Processed 50 companies in 154.6s.
2026-09-29 17:38:30,620 [INFO] Total Cumulative Enriched: 1132 companies.
2026-09-29 17:38:30,620 [INFO] Updated CSV: enriched_uk_companies.csv
2026-09-29 17:38:30,620 [INFO] Updated Log: scraper.log
2026-09-29 17:38:30,620 [INFO] ================================================================================
2026-09-29 23:25:29,231 [INFO] ================================================================================
2026-09-29 23:25:29,231 [INFO] STARTING PRODUCTION UK COMPANIES HOUSE CONTACT SCRAPER
2026-09-29 23:25:29,231 [INFO] ================================================================================
2026-09-29 23:25:29,231 [INFO] Input Dataset:  Companies-House-search-results.csv
2026-09-29 23:25:29,231 [INFO] Output Dataset: enriched_uk_companies.csv
2026-09-29 23:25:29,231 [INFO] Batch Size:     50
2026-09-29 23:25:29,237 [INFO] Already processed in previous runs: 1132 companies
2026-09-29 23:25:29,259 [INFO] Total remaining companies to scrape: 3868
2026-09-29 23:25:29,259 [INFO] Processing next batch of 50 companies...

2026-09-29 23:25:29,259 [INFO] [  1/50] Scraping: U.LIST CIC (Co #12674062)
2026-09-29 23:25:30,435 [INFO]       Appointed Officer: HILSON-WHEELER, Scarlett Liberty (Director)
2026-09-29 23:25:30,435 [INFO]       Address:          37 Caenwood Road, Ashtead, England, KT21 2JE
2026-09-29 23:25:32,269 [INFO]    [EMAIL]   info@unirank.org
2026-09-29 23:25:32,269 [INFO]    [WEBSITE] https://www.unirank.org/gb/a-z/
2026-09-29 23:25:33,270 [INFO] [  2/50] Scraping: THE OPPORTUNITY DIRECTORY CIC (Co #12679494)
2026-09-29 23:25:34,354 [INFO]       Appointed Officer: HILL, Lois Grace (Director)
2026-09-29 23:25:34,354 [INFO]       Address:          Flat 4 Woodstock Court, Hook Road, Epsom, England, KT19 8TT
2026-09-29 23:25:35,502 [INFO] [  3/50] Scraping: FIRST NEEDS COMMUNITY ROOMS AND WELL-BEING HUB C.I.C. (Co #12681418)
2026-09-29 23:25:36,658 [INFO]       Appointed Officer: ADENIRAN, Bianca Jade (Director)
2026-09-29 23:25:36,658 [INFO]       Address:          91 Lea Village, Birmingham, England, B33 9SG
2026-09-29 23:25:37,793 [INFO] [  4/50] Scraping: DISABILITY SPORTS CHANNEL COMMUNITY INTEREST COMPANY (Co #12680120)
2026-09-29 23:25:38,834 [INFO]       Appointed Officer: WAKELY, Simeon Isaac (Director)
2026-09-29 23:25:38,834 [INFO]       Address:          2 Bloomfield Close, Timsbury, Bath, England, BA2 0LP
2026-09-29 23:25:39,938 [INFO] [  5/50] Scraping: COLLECTIVE HANDS CHILDCARE SERVICES CIC (Co #12682040)
2026-09-29 23:25:41,111 [INFO]       Appointed Officer: BAH, Umu Sanu (Director)
2026-09-29 23:25:41,111 [INFO]       Address:          Flat 2 Danesfield, 220 Albany Road, London, England, SE5 0AW
2026-09-29 23:25:42,256 [INFO] [  6/50] Scraping: BALL GAMES ALLOWED CIC (Co #12682531)
2026-09-29 23:25:43,278 [INFO]       Appointed Officer: DAVIS, Luca Francesco (Director)
2026-09-29 23:25:43,278 [INFO]       Address:          40 Dewsbury Grove, Birmingham, England, B42 2ND
2026-09-29 23:25:44,413 [INFO] [  7/50] Scraping: RE;COMMUNITY CIC (Co #12682764)
2026-09-29 23:25:45,386 [INFO]       Appointed Officer: WATSON, Theo Jonathan (Director)
2026-09-29 23:25:45,386 [INFO]       Address:          386 Lee High Road, London, England, SE12 8RW
2026-09-29 23:25:46,505 [INFO] [  8/50] Scraping: BODY ARMOUR PEAK PERFORMANCE CIC (Co #12683262)
2026-09-29 23:25:47,516 [INFO]       Appointed Officer: REYNOLDS, Philip Peter (Director)
2026-09-29 23:25:47,516 [INFO]       Address:          8 Wooley Drive, Ushaw Moor, Durham, England, DH7 7QP
2026-09-29 23:25:48,632 [INFO] [  9/50] Scraping: THE PLUG: YIA COMMUNITY INTEREST COMPANY (Co #12688814)
2026-09-29 23:25:49,776 [INFO]       Appointed Officer: BROWN, Thaddaeus Aaron (Director)
2026-09-29 23:25:49,776 [INFO]       Address:          32, 37 Wellington Road East Ham, London, England, E6 2DD
2026-09-29 23:25:50,920 [INFO] [ 10/50] Scraping: OG LONDON COMMUNITY INTEREST COMPANY (Co #12689860)
2026-09-29 23:25:52,029 [INFO]       Appointed Officer: JAMES, Khamisi Osei (Director)
2026-09-29 23:25:52,029 [INFO]       Address:          41 Ashley Road, Thornton Heath, England, CR7 6HW
2026-09-29 23:25:53,167 [INFO] [ 11/50] Scraping: BIGGER BREAKFAST C.I.C. (Co #12689637)
2026-09-29 23:25:54,173 [INFO]       Appointed Officer: LEWIS, Agyeman (Director)
2026-09-29 23:25:54,173 [INFO]       Address:          51 Brockley View, London, England, SE23 1SL
2026-09-29 23:25:55,297 [INFO] [ 12/50] Scraping: ARTWORKS SOUTH WEST CIC (Co #12689699)
2026-09-29 23:25:56,445 [INFO]       Appointed Officer: EASTWELL-KEOGH, James (Director)
2026-09-29 23:25:56,445 [INFO]       Address:          5 French Weir Avenue, Taunton, England, TA1 1XH
2026-09-29 23:25:57,564 [INFO] [ 13/50] Scraping: ORDINARY EXTRAORDINARY C.I.C. (Co #12689951)
2026-09-29 23:25:58,688 [INFO]       Appointed Officer: BENDALL, Bronia Sophie (Director)
2026-09-29 23:25:58,688 [INFO]       Address:          4 Norman Cottages, Michaelston-Le-Pit, Dinas Powys, Wales, CF64 4HP
2026-09-29 23:25:59,794 [INFO] [ 14/50] Scraping: FIRSTZONE CIC (Co #12689708)
2026-09-29 23:26:00,828 [INFO]       Appointed Officer: ARTHUR, Moses (Director)
2026-09-29 23:26:00,828 [INFO]       Address:          Flat 25 Haliday House, Mildmay Street, London, England, N1 4NF
2026-09-29 23:26:01,963 [INFO] [ 15/50] Scraping: BREATHE IN NATURE COMMUNITY INTEREST COMPANY (Co #12690172)
2026-09-29 23:26:03,139 [INFO]       Appointed Officer: BOND, Jodie Rhoslyn (Director)
2026-09-29 23:26:03,139 [INFO]       Address:          1 Ffostill Cottage Church Street, Talgarth, Brecon, Wales, LD3 0DP
2026-09-29 23:26:04,251 [INFO] [ 16/50] Scraping: INITIATIVES FOR DEVELOPMENT IN EDUCATION AFRICA CIC (Co #12689954)
2026-09-29 23:26:05,522 [INFO]       Appointed Officer: HORSHAM, Irene Ansa-Asare (Secretary)
2026-09-29 23:26:05,522 [INFO]       Address:          31 Cardiff Road, Llandaff, Cardiff, Wales, CF5 2DP
2026-09-29 23:26:06,630 [INFO] [ 17/50] Scraping: THE SPORT INNOVATION HUB CIC (Co #12690096)
2026-09-29 23:26:07,659 [INFO]       Appointed Officer: JAVED, Aneel (Director)
2026-09-29 23:26:07,659 [INFO]       Address:          9 Higher Knowles, Horwich, Bolton, England, BL6 6PF
2026-09-29 23:26:08,770 [INFO] [ 18/50] Scraping: SMILES WITH US CIC (Co #12690449)
2026-09-29 23:26:09,759 [INFO]       Appointed Officer: SRIBALA, Mithunaa (Director)
2026-09-29 23:26:09,759 [INFO]       Address:          75 Lunedale Road, Dartford, England, DA2 6LW
2026-09-29 23:26:10,907 [INFO] [ 19/50] Scraping: SEASHELLS CAFE CIC (Co #12690813)
2026-09-29 23:26:11,912 [INFO]       Appointed Officer: BROOKS, John William (Director)
2026-09-29 23:26:11,912 [INFO]       Address:          20 Cossington Road, Westcliff-On-Sea, England, SS0 7NJ
2026-09-29 23:26:13,026 [INFO] [ 20/50] Scraping: YOUTH FOR CHANGE CONNECT CIC (Co #12692179)
2026-09-29 23:26:14,180 [INFO]       Appointed Officer: GRANT, Cephas Paa-Kwesi (Director)
2026-09-29 23:26:14,180 [INFO]       Address:          16 Lenton Boulevard, Nottingham, England, NG7 2BY
2026-09-29 23:26:15,297 [INFO] [ 21/50] Scraping: STUDENT NEEDS CIC (Co #12692163)
2026-09-29 23:26:16,341 [INFO]       Appointed Officer: KHAN, Faraaz (Director)
2026-09-29 23:26:16,341 [INFO]       Address:          12 Constance Street, London, England, E16 2DQ
2026-09-29 23:26:17,452 [INFO] [ 22/50] Scraping: TEENS OF TROUBLED SOULS C.I.C. (Co #12692742)
2026-09-29 23:26:18,550 [INFO]       Appointed Officer: MAHACHI, Tsitsi Grace (Director)
2026-09-29 23:26:18,550 [INFO]       Address:          2 Miller Close, Clapham, Bedford, England, MK41 6GN
2026-09-29 23:26:19,660 [INFO] [ 23/50] Scraping: GOALS TO LEARNING COMMUNITY INTEREST COMPANY (Co #12692962)
2026-09-29 23:26:20,883 [INFO]       Appointed Officer: EASTHAM, James David (Director)
2026-09-29 23:26:20,884 [INFO]       Address:          4 South End, Preston, England, PR1 8HA
2026-09-29 23:26:21,994 [INFO] [ 24/50] Scraping: SNOOZEDAYS THEATRE COMPANY CIC (Co #12692670)
2026-09-29 23:26:23,050 [INFO]       Appointed Officer: TOMLINSON, Connor James, Mr. (Director)
2026-09-29 23:26:23,050 [INFO]       Address:          22 Franklin Crescent, Doncaster, England, DN2 6AL
2026-09-29 23:26:24,159 [INFO] [ 25/50] Scraping: GREATNESS BY DESIGN (UK) CIC (Co #12694421)
2026-09-29 23:26:25,253 [INFO]       Appointed Officer: MORRISON, Juliet (Director)
2026-09-29 23:26:25,253 [INFO]       Address:          27 Old Gloucester Street, London, United Kingdom, WC1N 3AX
2026-09-29 23:26:26,385 [INFO] [ 26/50] Scraping: JENAGURU CIC (Co #12696016)
2026-09-29 23:26:27,380 [INFO]       Appointed Officer: MSIPA, Dorothy (Director)
2026-09-29 23:26:27,380 [INFO]       Address:          8 Deacon Close, High Wycombe, England, HP12 4RB
2026-09-29 23:26:28,489 [INFO] [ 27/50] Scraping: AP3X EXERCISE & FITNESSS CIC (Co #12696364)
2026-09-29 23:26:29,525 [INFO]       Appointed Officer: JOSEPH, Carlton Mason (Director)
2026-09-29 23:26:29,525 [INFO]       Address:          102 Swanbourne Road, Sheffield, England, S5 7TP
2026-09-29 23:26:31,124 [INFO] [ 28/50] Scraping: AWETISOME LIFE CIC (Co #12695661)
2026-09-29 23:26:32,177 [INFO]       Appointed Officer: AHMAD, Taimur, Mr. (Director)
2026-09-29 23:26:32,177 [INFO]       Address:          Flat 15 The Terraces, 8 Lansdowne Road, London, England, SW20 8AP
2026-09-29 23:26:34,269 [INFO] [ 29/50] Scraping: POSITIVE INFLUENCE STORE C.I.C. (Co #12696892)
2026-09-29 23:26:35,363 [INFO]       Appointed Officer: BOOTH, Stephen (Director)
2026-09-29 23:26:35,363 [INFO]       Address:          140 Lee Lane, Horwich, Bolton, England, BL6 7AF
2026-09-29 23:26:37,455 [INFO] [ 30/50] Scraping: BLACK BUSINESSES MATTER UK CIC (Co #12695836)
2026-09-29 23:26:38,478 [INFO]       Appointed Officer: STEPHENSON, Sophie Lorraine (Director)
2026-09-29 23:26:38,478 [INFO]       Address:          9 Palace Road, London, England, N11 2PU
2026-09-29 23:26:40,567 [INFO] [ 31/50] Scraping: OXSOCIAL CIC (Co #12698079)
2026-09-29 23:26:41,581 [INFO]       Appointed Officer: ADAMS, Georgina Marie (Director)
2026-09-29 23:26:41,581 [INFO]       Address:          11-13 Rhosddu Road, Wrexham, Wales, LL11 1AT
2026-09-29 23:26:43,692 [INFO] [ 32/50] Scraping: AUTISTIC ADVOCACY & ACTIVISM ALLIANCE (AA&AA) C.I.C. (Co #12699888)
2026-09-29 23:26:44,681 [INFO]       Appointed Officer: HOPE, Louie Oliver (Director)
2026-09-29 23:26:44,681 [INFO]       Address:          Flat 3 77 Jodrell Street, Nuneaton, Warwickshire, United Kingdom, CV11 5EQ
2026-09-29 23:26:46,762 [INFO] [ 33/50] Scraping: HORSENDEN FARM CIC (Co #12700918)
2026-09-29 23:26:47,908 [INFO]       Appointed Officer: BLAKE, William Joseph (Director)
2026-09-29 23:26:47,908 [INFO]       Address:          49 Lindfield Road, London, England, W5 1QS
2026-09-29 23:26:50,007 [INFO] [ 34/50] Scraping: GLOBAL AGRITECH CIC (Co #12705154)
2026-09-29 23:26:51,069 [INFO]       Appointed Officer: JONES, Catherine Ellen, Dr (Director)
2026-09-29 23:26:51,069 [INFO]       Address:          Dene House Farm, Longframlington, Morpeth, United Kingdom, NE65 8EE
2026-09-29 23:26:53,150 [INFO] [ 35/50] Scraping: KITS4KIDS CIC (Co #12705421)
2026-09-29 23:26:54,240 [INFO]       Appointed Officer: COX, Ashley Mark (Director)
2026-09-29 23:26:54,240 [INFO]       Address:          79 Gawsworth Road, Great Sutton, Ellesmere Port, United Kingdom, CH66 3JE
2026-09-29 23:26:56,335 [INFO] [ 36/50] Scraping: PARKNMOVE CIC (Co #12705515)
2026-09-29 23:26:57,339 [INFO]       Appointed Officer: TOWNSEND, Craig George Burt (Director)
2026-09-29 23:26:57,339 [INFO]       Address:          Flat 1 8 Church Road, St. Thomas, Exeter, England, EX2 9AX
2026-09-29 23:26:59,431 [INFO] [ 37/50] Scraping: YOUTH INSPIRATION CIC (Co #12708823)
2026-09-29 23:27:00,544 [INFO]       Appointed Officer: BYFIELD, Sherainne (Secretary)
2026-09-29 23:27:00,544 [INFO]       Address:          24a Proctor Street, Birmingham, England, B7 4EE
2026-09-29 23:27:02,646 [INFO] [ 38/50] Scraping: CULTIVATE APOTHECARY CIC (Co #12709491)
2026-09-29 23:27:03,667 [INFO]       Appointed Officer: HOGAN, Christopher (Secretary)
2026-09-29 23:27:03,667 [INFO]       Address:          Follye Hill Station Road, Sturton, Brigg, England, DN20 9DW
2026-09-29 23:27:05,756 [INFO] [ 39/50] Scraping: ACORN PROGRESSION CIC (Co #12709782)
2026-09-29 23:27:06,809 [INFO]       Appointed Officer: SIMCOCK, Sharnelle Paigh Lola Jean (Director)
2026-09-29 23:27:06,809 [INFO]       Address:          Office 30 Leek New Road, Stoke-On-Trent, England, ST6 2AS
2026-09-29 23:27:08,900 [INFO] [ 40/50] Scraping: WILD WOMEN CIC (Co #12710519)
2026-09-29 23:27:09,980 [INFO]       Appointed Officer: DALY, Jala (Director)
2026-09-29 23:27:09,980 [INFO]       Address:          Flat 5 9 Heaton Moor Road, Stockport, England, SK4 4LN
2026-09-29 23:27:12,078 [INFO] [ 41/50] Scraping: URBAN FOOTBALL FOUNDATION CIC (Co #12710290)
2026-09-29 23:27:13,189 [INFO]       Appointed Officer: CROOKS, Lee (Director)
2026-09-29 23:27:13,189 [INFO]       Address:          3 Haveroid Lane, Crigglestone, West Yorkshire, WF4 3HD
2026-09-29 23:27:15,280 [INFO] [ 42/50] Scraping: ECOCENTRICS INCORPORATED C.I.C. (Co #12711920)
2026-09-29 23:27:16,367 [INFO]       Appointed Officer: DAVEY, Deedee (Director)
2026-09-29 23:27:16,367 [INFO]       Address:          8 Maesyffynon Terrace, Tonypandy, Wales, CF40 2QA
2026-09-29 23:27:18,472 [INFO] [ 43/50] Scraping: MARION HOUSE CIC (Co #12279958)
2026-09-29 23:27:19,603 [INFO]       Appointed Officer: FOX, Karon (Director)
2026-09-29 23:27:19,604 [INFO]       Address:          Flat 5 Paradise Mews, Paradise Gardens, Liverpool, Merseyside, L15 8HG
2026-09-29 23:27:21,694 [INFO] [ 44/50] Scraping: KINDNESS SCHOOL FOUNDATION CIC (Co #12281954)
2026-09-29 23:27:22,711 [INFO]       Appointed Officer: BERGER, Benjamin Steele (Director)
2026-09-29 23:27:22,711 [INFO]       Address:          Oslo Court Prince Albert Road, Apartment 99, London, England, NW8 7EP
2026-09-29 23:27:24,796 [INFO] [ 45/50] Scraping: PEPPER CHILLI PROJECTS CIC (Co #12282859)
2026-09-29 23:27:25,906 [INFO]       Appointed Officer: ANDREWARTHA, David Vaughan (Director)
2026-09-29 23:27:25,906 [INFO]       Address:          Mintworks Suite 7, 124 Highgate, Kendal, United Kingdom, LA9 4HE
2026-09-29 23:27:28,146 [INFO] [ 46/50] Scraping: FRIENDS OF ACADEMY THEATRE ARTS C.I.C. (Co #12285029)
2026-09-29 23:27:29,244 [INFO]       Appointed Officer: BURDEN, Mina Natasha (Director)
2026-09-29 23:27:29,244 [INFO]       Address:          Academy House, Infirmary Walk, Worcester, United Kingdom, WR1 3AU
2026-09-29 23:27:31,335 [INFO] [ 47/50] Scraping: NORTH GREEN PARHAM COMMUNITY FIBRE CIC (Co #12286054)
2026-09-29 23:27:32,361 [INFO]       Appointed Officer: WOOD, Jason Alexander (Director)
2026-09-29 23:27:32,362 [INFO]       Address:          2 North Green, Parham, Woodbridge, United Kingdom, IP13 9NP
2026-09-29 23:27:34,456 [INFO] [ 48/50] Scraping: NATIONAL DIPLOMA IN BEEKEEPING EXAMINATION BOARD C.I.C. (Co #12286006)
2026-09-29 23:27:35,503 [INFO]       Appointed Officer: LEITCH, Adam Shaw (Director)
2026-09-29 23:27:35,503 [INFO]       Address:          15 Broadhurst Gardens, Reigate, England, RH2 8AW
2026-09-29 23:27:37,597 [INFO] [ 49/50] Scraping: MAN IN ACTION CIC (Co #12284986)
2026-09-29 23:27:38,623 [INFO]       Appointed Officer: THOMAS, Daniyel Aaron Dennis (Director)
2026-09-29 23:27:38,623 [INFO]       Address:          Flat 2, 164 Bedford Hill, London, United Kingdom, SW12 9HW
2026-09-29 23:27:40,712 [INFO] [ 50/50] Scraping: MOTTAINAI SOAP CIC (Co #12285473)
2026-09-29 23:27:41,727 [INFO]       Appointed Officer: DESBOROUGH, Aaron Lee (Secretary)
2026-09-29 23:27:41,727 [INFO]       Address:          11a Bryantwood Road, London, England, N7 7BG
2026-09-29 23:27:43,843 [INFO] ================================================================================
2026-09-29 23:27:43,843 [INFO] BATCH FINISHED: Processed 50 companies in 134.6s.
2026-09-29 23:27:43,843 [INFO] Total Cumulative Enriched: 1182 companies.
2026-09-29 23:27:43,843 [INFO] Updated CSV: enriched_uk_companies.csv
2026-09-29 23:27:43,843 [INFO] Updated Log: scraper.log
2026-09-29 23:27:43,843 [INFO] ================================================================================
2026-09-30 03:54:49,508 [INFO] ================================================================================
2026-09-30 03:54:49,508 [INFO] STARTING PRODUCTION UK COMPANIES HOUSE CONTACT SCRAPER
2026-09-30 03:54:49,508 [INFO] ================================================================================
2026-09-30 03:54:49,508 [INFO] Input Dataset:  Companies-House-search-results.csv
2026-09-30 03:54:49,508 [INFO] Output Dataset: enriched_uk_companies.csv
2026-09-30 03:54:49,508 [INFO] Batch Size:     50
2026-09-30 03:54:49,514 [INFO] Already processed in previous runs: 1182 companies
2026-09-30 03:54:49,538 [INFO] Total remaining companies to scrape: 3818
2026-09-30 03:54:49,538 [INFO] Processing next batch of 50 companies...

2026-09-30 03:54:49,538 [INFO] [  1/50] Scraping: PICK YOUR OWN COMMUNITY INTEREST COMPANY (Co #12290403)
2026-09-30 03:54:50,930 [INFO]       Appointed Officer: DAVIES, Caroline (Director)
2026-09-30 03:54:50,930 [INFO]       Address:          43 Grafton Road, Worthing, England, BN11 1QY
2026-09-30 03:54:52,521 [INFO]    [EMAIL]   info@pyo.co.uk
2026-09-30 03:54:52,522 [INFO]    [WEBSITE] https://www.pyo.co.uk/
2026-09-30 03:54:53,522 [INFO] [  2/50] Scraping: BUSINESS ENTERPRISE NETWORK CIC (Co #12291996)
2026-09-30 03:54:54,867 [INFO]       Appointed Officer: DAVIES, Paul Stuart (Director)
2026-09-30 03:54:54,867 [INFO]       Address:          9 Victoria Road, Fulwood, Preston, United Kingdom, PR2 8ND
2026-09-30 03:54:56,037 [INFO] [  3/50] Scraping: RUFF START RESCUE CIC (Co #12303763)
2026-09-30 03:54:57,419 [INFO]       Appointed Officer: BERNARD, Emma Jane (Director)
2026-09-30 03:54:57,419 [INFO]       Address:          Talafon, Llanerfyl, Welshpool, United Kingdom, SY21 0EJ
2026-09-30 03:54:58,589 [INFO] [  4/50] Scraping: PURE JOY WELLBEING CIC (Co #12303816)
2026-09-30 03:54:59,774 [INFO]       Appointed Officer: GOODCHILD, Kristen Jayne (Director)
2026-09-30 03:54:59,774 [INFO]       Address:          68 Hallgarth, Consett, England, DH8 8BL
2026-09-30 03:55:00,931 [INFO] [  5/50] Scraping: DENTON FIBRE BROADBAND C.I.C. (Co #12304187)
2026-09-30 03:55:02,151 [INFO]       Appointed Officer: THOMAS, Allyn David (Director)
2026-09-30 03:55:02,151 [INFO]       Address:          Quarry House Agester Lane, Denton, Canterbury, England, CT4 6NR
2026-09-30 03:55:03,299 [INFO] [  6/50] Scraping: PAMOJA DIRECT TRADE COFFEE COLLECTIVE C.I.C. (Co #12306675)
2026-09-30 03:55:04,584 [INFO]       Appointed Officer: DE GERSIGNY, Zee Ryfsnyder (Director)
2026-09-30 03:55:04,584 [INFO]       Address:          18 Manville Road, London, England, SW17 8JN
2026-09-30 03:55:05,738 [INFO] [  7/50] Scraping: SUPERFAST BROADBAND FOR YARHAMPTON CIC (Co #12305926)
2026-09-30 03:55:07,076 [INFO]       Appointed Officer: LUCAS, Peter Andrew (Director)
2026-09-30 03:55:07,076 [INFO]       Address:          The Old Farm Shop, Yarhampton, Stourport-On-Severn, United Kingdom, DY13 0UZ
2026-09-30 03:55:08,219 [INFO] [  8/50] Scraping: SUPPORTING PEOPLE WITH MENTAL HEALTH CIC (Co #12308169)
2026-09-30 03:55:09,399 [INFO]       Appointed Officer: WICKS, Jessica Katie (Director)
2026-09-30 03:55:09,399 [INFO]       Address:          39 Bardsley Drive, Farnham, Surrey, United Kingdom, GU9 8UQ
2026-09-30 03:55:10,543 [INFO] [  9/50] Scraping: CORNWALLRESILIENTPATHWAYS CIC (Co #12308181)
2026-09-30 03:55:11,788 [INFO]       Appointed Officer: DE SNOO, Joan (Director)
2026-09-30 03:55:11,789 [INFO]       Address:          26 Arworthal Meadows, Perranwell Station, Truro, United Kingdom, TR3 7QX
2026-09-30 03:55:12,934 [INFO] [ 10/50] Scraping: ROMA WHEEL CIC (Co #12310503)
2026-09-30 03:55:14,107 [INFO]       Appointed Officer: DEMETEROVA, Sandra (Director)
2026-09-30 03:55:14,108 [INFO]       Address:          25 Queen Square, Leeds, England, LS2 8AJ
2026-09-30 03:55:15,258 [INFO] [ 11/50] Scraping: TRAC MINISTRIES INTERNATIONAL CIC (Co #12307701)
2026-09-30 03:55:16,455 [INFO]       Appointed Officer: ADEOLA, Yetunde Alaba (Director)
2026-09-30 03:55:16,455 [INFO]       Address:          1 Lower Road, Northfleet, Gravesend, England, DA11 9SN
2026-09-30 03:55:17,602 [INFO] [ 12/50] Scraping: STEYNING BICYCLE REPAIR C.I.C. (Co #12311763)
2026-09-30 03:55:18,844 [INFO]       Appointed Officer: MARKS, Nicholas Alexander, Dr (Director)
2026-09-30 03:55:18,844 [INFO]       Address:          25 South Ash, Steyning, England, BN44 3SJ
2026-09-30 03:55:19,994 [INFO] [ 13/50] Scraping: TRUE SHIRES CIC (Co #12311713)
2026-09-30 03:55:21,300 [INFO]       Appointed Officer: SCOTT, Melissa (Secretary)
2026-09-30 03:55:21,300 [INFO]       Address:          PO Box 4385, 12311713: COMPANIES HOUSE DEFAULT ADDRESS, Cardiff, CF14 8LH
2026-09-30 03:55:22,446 [INFO] [ 14/50] Scraping: BRAINY MEDIA COMMUNICATION CIC (Co #12311390)
2026-09-30 03:55:23,761 [INFO]       Appointed Officer: ATIEMO, Thelma (Secretary)
2026-09-30 03:55:23,761 [INFO]       Address:          6 Slade Grove, Manchester, England, M13 0QF
2026-09-30 03:55:24,911 [INFO] [ 15/50] Scraping: INTERNATIONAL UNION FOR SECURITY AND STRATEGIC STUDIES AND POLITICAL SCIENCE CIC (Co #12313370)
2026-09-30 03:55:26,065 [INFO]       Appointed Officer: ABDELMAGID, Abouelhassan Mohammed (Director)
2026-09-30 03:55:26,065 [INFO]       Address:          Apartment 4 35 Factory Street, Loughborough, Leicestershire, England, United Kingdom, LE11 1AL
2026-09-30 03:55:27,206 [INFO] [ 16/50] Scraping: TURN AND FLOW C.I.C. (Co #12315895)
2026-09-30 03:55:28,355 [INFO]       Appointed Officer: DOBNEY, Kimberley Lauren (Director)
2026-09-30 03:55:28,355 [INFO]       Address:          Holly Barn, Brocusford Doveridge, Ashbourne, Derbyshire, DE6 5PA
2026-09-30 03:55:29,559 [INFO] [ 17/50] Scraping: EAST END PROJECT CIC (Co #12314448)
2026-09-30 03:55:30,827 [INFO]       Appointed Officer: AYAZI, Tahera (Director)
2026-09-30 03:55:30,827 [INFO]       Address:          277a Green Street, Forest Gate, London, England, E7 8LJ
2026-09-30 03:55:31,971 [INFO] [ 18/50] Scraping: NORTHPOINT FOSTERING CIC (Co #12314465)
2026-09-30 03:55:33,188 [INFO]       Appointed Officer: BOURKE, Oliver James (Director)
2026-09-30 03:55:33,188 [INFO]       Address:          Levelq, Sheraton House Surtees Way, Surtees Business Park, Stockton-On-Tees, TS18 3HR
2026-09-30 03:55:34,333 [INFO] [ 19/50] Scraping: CONSERVATION CENTRE OF EXCELLENCE CIC (Co #12314412)
2026-09-30 03:55:35,700 [INFO]       Appointed Officer: CLARKE, Angela Maria (Director)
2026-09-30 03:55:35,700 [INFO]       Address:          Corporation Buildings Office 6, 3rd Floor, Corporation Buildings, Depot Road, Aberdare, Wales, CF44 8DL
2026-09-30 03:55:36,854 [INFO] [ 20/50] Scraping: THE BLUEBIRD FELLOWSHIP CIC (Co #12317401)
2026-09-30 03:55:37,992 [INFO]       Appointed Officer: BALL, Louise Samantha (Director)
2026-09-30 03:55:37,992 [INFO]       Address:          98 White's Way, Hedge End, Southampton, United Kingdom, SO30 2JY
2026-09-30 03:55:39,134 [INFO] [ 21/50] Scraping: INSPIRATION DEN CIC (Co #12319705)
2026-09-30 03:55:40,241 [INFO]       Appointed Officer: DRAYCOTT, Victoria Rachael (Director)
2026-09-30 03:55:40,241 [INFO]       Address:          1 Frith Close, Great Oakley, Corby, England, NN18 8FR
2026-09-30 03:55:41,390 [INFO] [ 22/50] Scraping: EDUCATION INNOVATION UK C.I.C. (Co #12323781)
2026-09-30 03:55:42,674 [INFO]       Appointed Officer: BARRABLE, Simon Paul (Director)
2026-09-30 03:55:42,675 [INFO]       Address:          1st Floor 50 High Street, Cosham, Portsmouth, Hampshire, England, PO6 3AG
2026-09-30 03:55:43,815 [INFO] [ 23/50] Scraping: COMMUNIBOX CIC (Co #12324535)
2026-09-30 03:55:45,056 [INFO]       Appointed Officer: PAVEY, Samantha (Director)
2026-09-30 03:55:45,056 [INFO]       Address:          10 Broomhill Way, Poole, England, BH15 4GJ
2026-09-30 03:55:46,217 [INFO] [ 24/50] Scraping: SKATE AS ONE CIC (Co #12324531)
2026-09-30 03:55:47,405 [INFO]       Appointed Officer: ODELL, David (Director)
2026-09-30 03:55:47,405 [INFO]       Address:          7 Acacia Avenue, Worthing, England, BN13 2JB
2026-09-30 03:55:48,572 [INFO] [ 25/50] Scraping: COMMUNIGATEWAY CIC (Co #12324435)
2026-09-30 03:55:49,735 [INFO]       Appointed Officer: WASI, Mohammed Abdul (Director)
2026-09-30 03:55:49,736 [INFO]       Address:          11 Ensign House, Admirals Way, London, England, E14 9XQ
2026-09-30 03:55:50,902 [INFO] [ 26/50] Scraping: YOU DON'T KNOW MY STORY CIC (Co #12325205)
2026-09-30 03:55:52,112 [INFO]       Appointed Officer: BENNETT, Margaret Sandra (Director)
2026-09-30 03:55:52,112 [INFO]       Address:          30 Chevin Gardens, Topvalley, Nottingham, Nottinghamshire, NG5 9ES
2026-09-30 03:55:53,278 [INFO] [ 27/50] Scraping: BREUNION CIC (Co #12324226)
2026-09-30 03:55:54,398 [INFO]       Appointed Officer: KOMSTA, Marcin (Director)
2026-09-30 03:55:54,398 [INFO]       Address:          44c Gregorys Mill Street, Worcester, United Kingdom, WR3 8BA
2026-09-30 03:55:56,034 [INFO] [ 28/50] Scraping: JUSTWORSHIP.ORG.UK C.I.C. (Co #12325711)
2026-09-30 03:55:57,242 [INFO]       Appointed Officer: ADU, Victor (Director)
2026-09-30 03:55:57,242 [INFO]       Address:          28 Newlands Road, Woodford Green, England, IG8 0RU
2026-09-30 03:55:59,365 [INFO] [ 29/50] Scraping: THE CRADLE CALLS CIC (Co #12326923)
2026-09-30 03:56:00,547 [INFO]       Appointed Officer: OKIJI, Bukola (Director)
2026-09-30 03:56:00,547 [INFO]       Address:          International House, 12 Constance Street, London, England, E16 2DQ
2026-09-30 03:56:02,665 [INFO] [ 30/50] Scraping: BANBURY YOUTH & COMMUNITY ENTERPRISE C.I.C. (Co #12327842)
2026-09-30 03:56:03,831 [INFO]       Appointed Officer: WAKEMAN, Selma Ann (Director)
2026-09-30 03:56:03,832 [INFO]       Address:          89 Bloxham Road, Banbury, United Kingdom, OX16 9JS
2026-09-30 03:56:05,952 [INFO] [ 31/50] Scraping: ANIMAL ACTION UK COMMUNITY INTEREST COMPANY (Co #12331949)
2026-09-30 03:56:07,255 [INFO]       Appointed Officer: TREVETHAN, Alan James (Secretary)
2026-09-30 03:56:07,255 [INFO]       Address:          223 St Peters Road, Newcastle Upon Tyne, Tyne And Wear, NE6 2EA
2026-09-30 03:56:09,372 [INFO] [ 32/50] Scraping: VISION BEYOND SIGHT CIC (Co #12332232)
2026-09-30 03:56:10,937 [INFO]       Appointed Officer: BAH, Souleyman (Director)
2026-09-30 03:56:10,937 [INFO]       Address:          PO Box 79043, Lytchett House, 13 Freeland Park Wareham Road, Lytchett Matravers, Poole, England, BH16 6FA
2026-09-30 03:56:13,065 [INFO] [ 33/50] Scraping: INDICOM DEVELOPMENT CIC (Co #12716595)
2026-09-30 03:56:14,368 [INFO]       Appointed Officer: ABRAHAMS, Andrew Jonathon (Director)
2026-09-30 03:56:14,368 [INFO]       Address:          2 James Street, Colne, England, BB8 0HN
2026-09-30 03:56:16,480 [INFO] [ 34/50] Scraping: MOTHER & ME UK C.I.C. (Co #12718896)
2026-09-30 03:56:17,648 [INFO]       Appointed Officer: SIBANDA, Nomzamo (Director)
2026-09-30 03:56:17,648 [INFO]       Address:          Flat 1b Thomas King House, Wellington Street, Coventry, England, CV1 5SJ
2026-09-30 03:56:19,767 [INFO] [ 35/50] Scraping: PHEASANTS NEST CIC (Co #12723383)
2026-09-30 03:56:21,146 [INFO]       Appointed Officer: WINNER, Duncan James (Secretary)
2026-09-30 03:56:21,146 [INFO]       Address:          The Barn Pheasants Nest, Weston Underwood, Olney, England, MK46 5LA
2026-09-30 03:56:23,267 [INFO] [ 36/50] Scraping: GATHY RAY HOUSING CIC (Co #12723297)
2026-09-30 03:56:24,483 [INFO]       Appointed Officer: EDET, Bassey (Director)
2026-09-30 03:56:24,483 [INFO]       Address:          Flat 53 Hudson House, Station Approach, Epsom, England, KT19 8DL
2026-09-30 03:56:26,608 [INFO] [ 37/50] Scraping: THE HYSTERIA COLLECTIVE C.I.C. (Co #12723788)
2026-09-30 03:56:27,789 [INFO]       Appointed Officer: BRIGHTY-POTTS, Imogen (Director)
2026-09-30 03:56:27,789 [INFO]       Address:          C/O Tc Group, The Granary, Hones Yard.1 Waverley Lane, Farnham, Surrey, GU9 8BB
2026-09-30 03:56:29,903 [INFO] [ 38/50] Scraping: AMARATI COMMUNITY INTEREST COMPANY (Co #12723278)
2026-09-30 03:56:31,261 [INFO]       Appointed Officer: BERDILO, Adelina (Director)
2026-09-30 03:56:31,261 [INFO]       Address:          Flat 43 Gazelle House, 8 Manbey Park Road, London, England, E15 1EQ
2026-09-30 03:56:33,391 [INFO] [ 39/50] Scraping: WELLSPRING YORKSHIRE CIC (Co #12724911)
2026-09-30 03:56:34,539 [INFO]       Appointed Officer: PATON MORRIS, Holly Victoria (Director)
2026-09-30 03:56:34,539 [INFO]       Address:          45 Dartmouth Avenue, Morley, Leeds, Yorks, United Kingdom, LS27 0DJ
2026-09-30 03:56:36,683 [INFO] [ 40/50] Scraping: COGNITION LEARNING CIC (Co #12726223)
2026-09-30 03:56:37,989 [INFO]       Appointed Officer: AGENEAU, Lindsey Victoria, Dr (Director)
2026-09-30 03:56:37,989 [INFO]       Address:          35 The Strand, Bude, England, EX23 8RA
2026-09-30 03:56:40,100 [INFO] [ 41/50] Scraping: MVMNT COLLECTIVE CIC (Co #12726853)
2026-09-30 03:56:41,407 [INFO]       Appointed Officer: JARVIS, Thomas Edward William (Director)
2026-09-30 03:56:41,407 [INFO]       Address:          71-75 Shelton Street, London, England, WC2H 9JQ
2026-09-30 03:56:43,537 [INFO] [ 42/50] Scraping: KHAYA HOUSING CIC (Co #12730745)
2026-09-30 03:56:44,687 [INFO]       Appointed Officer: MADOVI, Tapiwa Kudzai (Director)
2026-09-30 03:56:44,687 [INFO]       Address:          38 Beanshaw, London, England, SE9 3HN
2026-09-30 03:56:46,805 [INFO] [ 43/50] Scraping: UTURNS@BATLEY C.I.C. (Co #12732018)
2026-09-30 03:56:47,931 [INFO]       Appointed Officer: LINGARD, Craig (Director)
2026-09-30 03:56:47,931 [INFO]       Address:          Mount Pleasant, Heritage Road, Batley, England, WF17 7NZ
2026-09-30 03:56:50,056 [INFO] [ 44/50] Scraping: DIVERSITY IN CONFERENCES AND EVENTS (DICE) C.I.C. (Co #12740341)
2026-09-30 03:56:51,212 [INFO]       Appointed Officer: CHANDER, Meena (Director)
2026-09-30 03:56:51,212 [INFO]       Address:          27 Old Gloucester Street, London, United Kingdom, WC1N 3AX
2026-09-30 03:56:53,335 [INFO] [ 45/50] Scraping: SCRIBEEQUALITY C.I.C. (Co #12740590)
2026-09-30 03:56:54,543 [INFO]       Appointed Officer: DAVIS, Maxine (Director)
2026-09-30 03:56:54,543 [INFO]       Address:          17 Mountfield Drive, Nottingham, England, NG5 5LH
2026-09-30 03:56:56,646 [INFO] [ 46/50] Scraping: WHO I AM COUNSELLING CIC (Co #12740951)
2026-09-30 03:56:57,894 [INFO]       Appointed Officer: DUSSARD, Sharon (Secretary)
2026-09-30 03:56:57,895 [INFO]       Address:          56a Mitcham Road, Croydon, England, CR0 3RG
2026-09-30 03:57:00,053 [INFO] [ 47/50] Scraping: THE ASCENSION PROGRAMME CIC (Co #12739852)
2026-09-30 03:57:01,257 [INFO]       Appointed Officer: BENJAMIN, Joshua (Director)
2026-09-30 03:57:01,257 [INFO]       Address:          42 Flat 1, Moreton Road, South Croydon, Surrey, United Kingdom, CR2 7DL
2026-09-30 03:57:03,392 [INFO] [ 48/50] Scraping: CASPA PRODUCTIONS CIC (Co #12741394)
2026-09-30 03:57:04,644 [INFO]       Appointed Officer: DAVIES, Morag Imogen (Director)
2026-09-30 03:57:04,645 [INFO]       Address:          10 Woodside Close, Rainham, England, RM13 9PB
2026-09-30 03:57:06,768 [INFO] [ 49/50] Scraping: EXAM STAR LEARNER COMMUNITY INTEREST COMPANY (Co #12742029)
2026-09-30 03:57:08,041 [INFO]       Appointed Officer: GAHOUA, Gnade Lydie Adeline (Director)
2026-09-30 03:57:08,041 [INFO]       Address:          Bedford Heights Brickhill Drive, Level 4, Unit 410, Bedford, Bedfordshire, England, MK41 7PH
2026-09-30 03:57:10,192 [INFO] [ 50/50] Scraping: CENTRAL WELLNESS INSPIRE COMMUNITY INTEREST COMPANY (Co #12741564)
2026-09-30 03:57:11,346 [INFO]       Appointed Officer: BOWKER, Grace Bridget (Director)
2026-09-30 03:57:11,346 [INFO]       Address:          Unit 2 Allenby Business Village Central Wellness, Ontago House, Crofton Rd, Lincoln, Lincolnshire, United Kingdom, LN3 4NL
2026-09-30 03:57:13,512 [INFO] ================================================================================
2026-09-30 03:57:13,512 [INFO] BATCH FINISHED: Processed 50 companies in 144.0s.
2026-09-30 03:57:13,512 [INFO] Total Cumulative Enriched: 1232 companies.
2026-09-30 03:57:13,512 [INFO] Updated CSV: enriched_uk_companies.csv
2026-09-30 03:57:13,512 [INFO] Updated Log: scraper.log
2026-09-30 03:57:13,512 [INFO] ================================================================================
2026-09-30 10:16:37,157 [INFO] ================================================================================
2026-09-30 10:16:37,157 [INFO] STARTING PRODUCTION UK COMPANIES HOUSE CONTACT SCRAPER
2026-09-30 10:16:37,157 [INFO] ================================================================================
2026-09-30 10:16:37,157 [INFO] Input Dataset:  Companies-House-search-results.csv
2026-09-30 10:16:37,157 [INFO] Output Dataset: enriched_uk_companies.csv
2026-09-30 10:16:37,157 [INFO] Batch Size:     50
2026-09-30 10:16:37,161 [INFO] Already processed in previous runs: 1232 companies
2026-09-30 10:16:37,173 [INFO] Total remaining companies to scrape: 3768
2026-09-30 10:16:37,173 [INFO] Processing next batch of 50 companies...

2026-09-30 10:16:37,173 [INFO] [  1/50] Scraping: WELLBEING IN SCHOOLS MOVEMENT CIC (Co #12741756)
2026-09-30 10:16:38,626 [INFO]       Appointed Officer: BROWN, Alice Pereira Carvalho, Dr (Director)
2026-09-30 10:16:38,627 [INFO]       Address:          15 Plowden Close, Aston Le Walls, Daventry, England, NN11 6UE
2026-09-30 10:16:40,147 [INFO]    [EMAIL]   contact@emotionallyhealthyschools.net
2026-09-30 10:16:40,147 [INFO]    [WEBSITE] https://emotionallyhealthyschools.net/
2026-09-30 10:16:41,148 [INFO] [  2/50] Scraping: GATHER CORNWALL CIC (Co #12747388)
2026-09-30 10:16:42,599 [INFO]       Appointed Officer: JOURNEAUX, Lily Nicole (Director)
2026-09-30 10:16:42,599 [INFO]       Address:          39 Pennance Road, Falmouth, England, TR11 4ED
2026-09-30 10:16:43,809 [INFO] [  3/50] Scraping: FIRSTLIVING C.I.C. (Co #12743183)
2026-09-30 10:16:45,176 [INFO]       Appointed Officer: KWAMBANA, Hammington Tazviona (Director)
2026-09-30 10:16:45,176 [INFO]       Address:          81 Olympic Way, Wellingborough, England, NN8 3QB
2026-09-30 10:16:46,293 [INFO] [  4/50] Scraping: NU SHILOH INITIATIVE CIC (Co #12744262)
2026-09-30 10:16:47,637 [INFO]       Appointed Officer: BROWN, Gilroy Altamond (Director)
2026-09-30 10:16:47,638 [INFO]       Address:          Mount Shiloh House, Hickman Avenue, Wolverhampton, England, WV1 2BS
2026-09-30 10:16:48,750 [INFO] [  5/50] Scraping: BRIGHT STEPS RECOVERY CIC (Co #12745538)
2026-09-30 10:16:50,282 [INFO]       Appointed Officer: O'NEILL, Matthew (Director)
2026-09-30 10:16:50,282 [INFO]       Address:          27 Old Gloucester Street, London, United Kingdom, WC1N 3AX
2026-09-30 10:16:51,378 [INFO] [  6/50] Scraping: SHIELDUS CIC (Co #12747661)
2026-09-30 10:16:52,709 [INFO]       Appointed Officer: ODELL, James Edwin (Director)
2026-09-30 10:16:52,709 [INFO]       Address:          42 Parc Godrevy, Newquay, England, TR7 1TY
2026-09-30 10:16:53,905 [INFO] [  7/50] Scraping: ALGERIAN DIASPORA NETWORK CIC (Co #12749420)
2026-09-30 10:16:55,255 [INFO]       Appointed Officer: BETTAYEB, Abdellatif, Dr. (Secretary)
2026-09-30 10:16:55,255 [INFO]       Address:          45 Woodcroft Avenue, London, England, NW7 2AH
2026-09-30 10:16:56,381 [INFO] [  8/50] Scraping: CREATIVE LEAMINGTON CIC (Co #12752323)
2026-09-30 10:16:57,746 [INFO]       Appointed Officer: BUSSI, Martina (Director)
2026-09-30 10:16:57,746 [INFO]       Address:          19 All Saints Road, Warwick, England, CV34 5NL
2026-09-30 10:16:58,907 [INFO] [  9/50] Scraping: WEEXCEL360 CIC (Co #12751986)
2026-09-30 10:17:00,443 [INFO]       Appointed Officer: ABASS, Yetunde (Director)
2026-09-30 10:17:00,443 [INFO]       Address:          Kemp House 152-160 City Road, London, England, EC1V 2NX
2026-09-30 10:17:01,537 [INFO] [ 10/50] Scraping: FLONIC FOUNDATION CIC (Co #12767541)
2026-09-30 10:17:02,998 [INFO]       Appointed Officer: CHINYOKA, Nicole (Director)
2026-09-30 10:17:02,998 [INFO]       Address:          46 Salamanca Drive, Tidworth, England, SP9 7TB
2026-09-30 10:17:04,159 [INFO] [ 11/50] Scraping: URBAN REACH PARTNERSHIP CIC (Co #12768231)
2026-09-30 10:17:05,578 [INFO]       Appointed Officer: AHMED, Furqan (Director)
2026-09-30 10:17:05,578 [INFO]       Address:          First Floor, 1 Edmund Street, Bradford, England, BD5 0BH
2026-09-30 10:17:06,784 [INFO] [ 12/50] Scraping: WHY (WE HELP YOUTH SUCCEED) CIC (Co #12767519)
2026-09-30 10:17:08,114 [INFO]       Appointed Officer: DICKENS, Gary Richard (Director)
2026-09-30 10:17:08,114 [INFO]       Address:          1 Malthouse Road, Portsmouth, Hampshire, England, PO2 7EH
2026-09-30 10:17:09,198 [INFO] [ 13/50] Scraping: CLEAN & GREEN PRODUCTS CIC (Co #12768244)
2026-09-30 10:17:10,578 [INFO]       Appointed Officer: LANT, Martene N/A (Director)
2026-09-30 10:17:10,578 [INFO]       Address:          10 Northumberland Villas, Wallsend, United Kingdom, NE28 6QA
2026-09-30 10:17:11,650 [INFO] [ 14/50] Scraping: YES IT'S POSSIBLE CIC (Co #12768891)
2026-09-30 10:17:12,932 [INFO]       Appointed Officer: MURANYI, Antal-Mihaly (Director)
2026-09-30 10:17:12,932 [INFO]       Address:          Ealing House, 33 Hanger Lane, London, United Kingdom, W5 3HJ
2026-09-30 10:17:14,006 [INFO] [ 15/50] Scraping: INCLUDING OTHERS CIC (Co #12774099)
2026-09-30 10:17:15,271 [INFO]       Appointed Officer: CHIMBANI, Cynthia (Director)
2026-09-30 10:17:15,271 [INFO]       Address:          86-90 Paul Street, London, England, EC2A 4NE
2026-09-30 10:17:16,382 [INFO] [ 16/50] Scraping: THE YOUTH PLUG C.I.C. (Co #12774083)
2026-09-30 10:17:17,709 [INFO]       Appointed Officer: OAKLEY, Valenteen (Director)
2026-09-30 10:17:17,709 [INFO]       Address:          Flat 6 Mcguffie Court, 68 Greenleaf Road, London, England, E17 6QW
2026-09-30 10:17:18,892 [INFO] [ 17/50] Scraping: TALK COUNSELLING CIC (Co #12775888)
2026-09-30 10:17:20,336 [INFO]       Appointed Officer: BHUDIA, Joyti (Director)
2026-09-30 10:17:20,336 [INFO]       Address:          Elgin House, 51 Millharbour, London, England, E14 9TD
2026-09-30 10:17:21,428 [INFO] [ 18/50] Scraping: EWH SUPPORTED LIVING C.I.C. (Co #12777368)
2026-09-30 10:17:22,688 [INFO]       Appointed Officer: CSERMAK, Sarah Samson (Director)
2026-09-30 10:17:22,688 [INFO]       Address:          Unit K 14 Earlstrees Court, Earlstrees Road, Corby, Northamptonshire, United Kingdom, NN17 4AX
2026-09-30 10:17:23,750 [INFO] [ 19/50] Scraping: LEWISHAM COMMUNITY SPORTS CIC (Co #12777353)
2026-09-30 10:17:25,018 [INFO]       Appointed Officer: HAMZAT, Ibrahim Abolaji (Director)
2026-09-30 10:17:25,018 [INFO]       Address:          53 Riverbank Way, Ashford, England, TN24 0PZ
2026-09-30 10:17:26,166 [INFO] [ 20/50] Scraping: UNDER THE SUN - LEISURE & EDUCATION CIC (Co #12779127)
2026-09-30 10:17:27,446 [INFO]       Appointed Officer: HUGHES, Laura Helen (Director)
2026-09-30 10:17:27,446 [INFO]       Address:          11 Sunnybank Close, Aldridge, Walsall, England, WS9 0YR
2026-09-30 10:17:28,514 [INFO] [ 21/50] Scraping: TRUTH ACADEMY LONDON C.I.C. (Co #12780506)
2026-09-30 10:17:29,741 [INFO]       Appointed Officer: DAPAAH, Lady Emma (Director)
2026-09-30 10:17:29,742 [INFO]       Address:          The Annexe, 104 Monkswood Avenue, Waltham Abbey, England, EN9 1LJ
2026-09-30 10:17:30,839 [INFO] [ 22/50] Scraping: MINDFUL MONDAY CIC (Co #12560835)
2026-09-30 10:17:32,197 [INFO]       Appointed Officer: FANTHOM, Dion (Director)
2026-09-30 10:17:32,197 [INFO]       Address:          Office 52 Office 52, 33 Queen Street, Queen Street, Wolverhampton, England, WV1 3AP
2026-09-30 10:17:33,279 [INFO] [ 23/50] Scraping: LUTWYCHE SCRUBS COMMUNITY INTEREST COMPANY (Co #12559863)
2026-09-30 10:17:34,647 [INFO]       Appointed Officer: LUTWYCHE, Richard Tony (Director)
2026-09-30 10:17:34,647 [INFO]       Address:          7c Marshfield Bank, Crewe, Cheshire, United Kingdom, CW2 8UY
2026-09-30 10:17:35,715 [INFO] [ 24/50] Scraping: FOOTBALL PROZONE CIC (Co #12560398)
2026-09-30 10:17:37,006 [INFO]       Appointed Officer: HAYES, Pauline (Director)
2026-09-30 10:17:37,007 [INFO]       Address:          Penny Lane Business Centre, 374 Smithdown Road, Liverpool, England, L15 5AN
2026-09-30 10:17:38,081 [INFO] [ 25/50] Scraping: SMARTER CARBON CIC (Co #12560957)
2026-09-30 10:17:39,558 [INFO]       Appointed Officer: CORRIGAN, Nicola Louise (Director)
2026-09-30 10:17:39,558 [INFO]       Address:          Chapples Cottage Pottery Lane, Yelland, Barnstaple, England, EX31 3DR
2026-09-30 10:17:40,643 [INFO] [ 26/50] Scraping: SEW SURE CIC (Co #12562942)
2026-09-30 10:17:41,886 [INFO]       Appointed Officer: AKINTE, Margaret (Director)
2026-09-30 10:17:41,886 [INFO]       Address:          311 East Street, London, England, SE17 2SX
2026-09-30 10:17:42,975 [INFO] [ 27/50] Scraping: FIGHT TRAIN CLOTHING CIC (Co #12565692)
2026-09-30 10:17:44,217 [INFO]       Appointed Officer: BRADY, Robert John (Director)
2026-09-30 10:17:44,217 [INFO]       Address:          18 Cherry Waye, Eythorne, Dover, England, CT15 4BT
2026-09-30 10:17:47,075 [INFO]    [EMAIL]   contact@fumetsu.com
2026-09-30 10:17:47,075 [INFO]    [WEBSITE] https://fumetsu.com/
2026-09-30 10:17:48,076 [INFO] [ 28/50] Scraping: TRAKIA STATE COMMUNITY INTEREST COMPANY (Co #12565985)
2026-09-30 10:17:49,526 [INFO]       Appointed Officer: GOLDMAN, Daniel Yordanov (Director)
2026-09-30 10:17:49,526 [INFO]       Address:          19 Moorfield Road, Slyfield Industrial Estate, Guildford, England, GU1 1RU
2026-09-30 10:17:51,093 [INFO] [ 29/50] Scraping: WELL MINDS ONLINE CIC (Co #12565769)
2026-09-30 10:17:52,387 [INFO]       Appointed Officer: METCALF, Heidi (Director)
2026-09-30 10:17:52,387 [INFO]       Address:          135 Station Road, Mickleover, Derby, England, DE3 9FN
2026-09-30 10:17:54,489 [INFO] [ 30/50] Scraping: UK ENTERTAINMENT UNITED CIC (Co #12566889)
2026-09-30 10:17:56,196 [INFO]       Appointed Officer: CRICHLOW, Shinel (Director)
2026-09-30 10:17:56,196 [INFO]       Address:          Suite 5, 207 Cranbrook Road, Ilford, United Kingdom, IG1 4TD
2026-09-30 10:17:58,283 [INFO] [ 31/50] Scraping: MYHALO CIC (Co #12568634)
2026-09-30 10:17:59,663 [INFO]       Appointed Officer: STRAKER, Lois (Secretary)
2026-09-30 10:17:59,663 [INFO]       Address:          Myhalo Hq, 32, Bloomsbury Street, London, United Kingdom, WC1B 3QJ
2026-09-30 10:18:01,725 [INFO] [ 32/50] Scraping: CHOP WOOD CARRY WATER CIC (Co #12568404)
2026-09-30 10:18:03,051 [INFO]       Appointed Officer: JAMES, Michaela Louise (Director)
2026-09-30 10:18:03,051 [INFO]       Address:          22 Ddol Road, Dunvant, Swansea, Wales, SA2 7UB
2026-09-30 10:18:05,135 [INFO] [ 33/50] Scraping: DECONTAMINATION UNITS CIC (Co #12568823)
2026-09-30 10:18:06,409 [INFO]       Appointed Officer: SHEPHERD, Simon Robert (Director)
2026-09-30 10:18:06,409 [INFO]       Address:          306 Selby Road, Leeds, England, LS15 0PS
2026-09-30 10:18:08,476 [INFO] [ 34/50] Scraping: SPRINGBOARD DIVORCE CIC (Co #12570329)
2026-09-30 10:18:09,815 [INFO]       Appointed Officer: WOOD, Judith Elizabeth Anne (Director)
2026-09-30 10:18:09,815 [INFO]       Address:          2 Edburgha Close, Yardley, Birmingham, England, B33 8AU
2026-09-30 10:18:11,904 [INFO] [ 35/50] Scraping: LADS, IT'S TIME TO TALK C.I.C. (Co #12570645)
2026-09-30 10:18:13,307 [INFO]       Appointed Officer: SAWYER, Jack Robert James (Director)
2026-09-30 10:18:13,307 [INFO]       Address:          5 Lipscombe Rise, Alton, England, GU34 2HR
2026-09-30 10:18:15,380 [INFO] [ 36/50] Scraping: FIRST CONTACT 2.0 C.I.C. (Co #12576738)
2026-09-30 10:18:16,826 [INFO]       Appointed Officer: FRANCIS, Anthony Thomas (Director)
2026-09-30 10:18:16,826 [INFO]       Address:          182 Damson Lane, Solihull, England, B92 9JZ
2026-09-30 10:18:18,918 [INFO] [ 37/50] Scraping: ONELOVEPOT CIC (Co #12577461)
2026-09-30 10:18:20,236 [INFO]       Appointed Officer: PEAT, Jason (Secretary)
2026-09-30 10:18:20,236 [INFO]       Address:          19 Danny Mccarthy Court, 4a Odessa Street, London, United Kingdom, SE16 7LU
2026-09-30 10:18:22,323 [INFO] [ 38/50] Scraping: HARRAH SUPPORT SERVICES C.I.C. (Co #12578619)
2026-09-30 10:18:23,657 [INFO]       Appointed Officer: OATEN, June Anne (Director)
2026-09-30 10:18:23,657 [INFO]       Address:          25 Paddock Drive, Ivybridge, England, PL21 0UB
2026-09-30 10:18:25,736 [INFO] [ 39/50] Scraping: PIXECO CIC (Co #12579848)
2026-09-30 10:18:27,053 [INFO]       Appointed Officer: BLAIR, Alexander David (Director)
2026-09-30 10:18:27,053 [INFO]       Address:          71 Northcote Road, London, England, E17 7DT
2026-09-30 10:18:29,108 [INFO] [ 40/50] Scraping: REFRACTIVE POOL CIC (Co #12578609)
2026-09-30 10:18:30,719 [INFO]       Appointed Officer: JENKINS, Josephine Megan (Director)
2026-09-30 10:18:30,719 [INFO]       Address:          9 St. Michaels Road, Aigburth, Liverpool, England, L17 7AN
2026-09-30 10:18:32,783 [INFO] [ 41/50] Scraping: BEDLINGTON TERRIERS CIC (Co #12579186)
2026-09-30 10:18:34,151 [INFO]       Appointed Officer: PERRY, David (Director)
2026-09-30 10:18:34,151 [INFO]       Address:          Dr Pitt Park, Park Road, Bedlington, England, NE22 5DP
2026-09-30 10:18:36,228 [INFO] [ 42/50] Scraping: DREAMSS OUTREACH ACADEMY CIC (Co #12578688)
2026-09-30 10:18:37,607 [INFO]       Appointed Officer: DHARI, Ranjeet (Director)
2026-09-30 10:18:37,608 [INFO]       Address:          32 The Brow, Colingworth, West Yorkshire, England, BD13 5FA
2026-09-30 10:18:39,682 [INFO] [ 43/50] Scraping: EDWARDS PUBLIC LIBRARY FOR AFRICA CIC (Co #12579184)
2026-09-30 10:18:40,934 [INFO]       Appointed Officer: OKPARA, Bertha Ifeoma, Miss. (Secretary)
2026-09-30 10:18:40,934 [INFO]       Address:          94a High Street, Barkingside, Ilford, England, IG6 2DS
2026-09-30 10:18:43,011 [INFO] [ 44/50] Scraping: YELLOW EVE C.I.C. (Co #12579759)
2026-09-30 10:18:44,395 [INFO]       Appointed Officer: WEBB, Lauren Sarah (Director)
2026-09-30 10:18:44,396 [INFO]       Address:          Unit C, 81 Curtain Road, London, England, EC2A 3AG
2026-09-30 10:18:46,466 [INFO] [ 45/50] Scraping: ENDEAVOUR VETERANS CENTRES CIC (Co #12581189)
2026-09-30 10:18:47,731 [INFO]       Appointed Officer: LOCKWOOD, Nick (Secretary)
2026-09-30 10:18:47,731 [INFO]       Address:          Studio 210 134-146 Curtain Road, London, England, EC2A 3AR
2026-09-30 10:18:49,801 [INFO] [ 46/50] Scraping: AXHOLME FARMERS CIC (Co #12581727)
2026-09-30 10:18:51,082 [INFO]       Appointed Officer: GLEW, Mark (Director)
2026-09-30 10:18:51,082 [INFO]       Address:          Crosshill Farm Belshaw Lane, Belton, Doncaster, England, DN9 1PF
2026-09-30 10:18:53,158 [INFO] [ 47/50] Scraping: LLANYMYNECH COVID 19 SUPPORT CIC (Co #12581664)
2026-09-30 10:18:54,493 [INFO]       Appointed Officer: BORTHWICK, Duncan (Director)
2026-09-30 10:18:54,493 [INFO]       Address:          3 Rock View, Station Road, Llanymynech, Shropshire, United Kingdom, SY22 6ED
2026-09-30 10:18:56,568 [INFO] [ 48/50] Scraping: GORED ACTION SERVICES CIC (Co #12582936)
2026-09-30 10:18:57,961 [INFO]       Appointed Officer: NAGIREDDYGARI, Govardhana Reddy (Director)
2026-09-30 10:18:57,961 [INFO]       Address:          49 Grantham Close, Freshbrook, Swindon, England, SN5 8NZ
2026-09-30 10:19:00,033 [INFO] [ 49/50] Scraping: FIRSTSTEPFIRST C.I.C. (Co #12582947)
2026-09-30 10:19:01,415 [INFO]       Appointed Officer: LOCK, Julie Anne (Director)
2026-09-30 10:19:01,415 [INFO]       Address:          21 Allder Way, South Croydon, England, CR2 6JZ
2026-09-30 10:19:03,473 [INFO] [ 50/50] Scraping: CROUST CORNWALL FOOD & DRINK CIC (Co #12586099)
2026-09-30 10:19:04,696 [INFO]       Appointed Officer: BROOKS-CURRY, Jane Louise (Director)
2026-09-30 10:19:04,696 [INFO]       Address:          2 Mitchell Road, Camborne, England, TR14 7JH
2026-09-30 10:19:06,782 [INFO] ================================================================================
2026-09-30 10:19:06,782 [INFO] BATCH FINISHED: Processed 50 companies in 149.6s.
2026-09-30 10:19:06,783 [INFO] Total Cumulative Enriched: 1282 companies.
2026-09-30 10:19:06,783 [INFO] Updated CSV: enriched_uk_companies.csv
2026-09-30 10:19:06,783 [INFO] Updated Log: scraper.log
2026-09-30 10:19:06,783 [INFO] ================================================================================
2026-09-30 17:35:09,505 [INFO] ================================================================================
2026-09-30 17:35:09,505 [INFO] STARTING PRODUCTION UK COMPANIES HOUSE CONTACT SCRAPER
2026-09-30 17:35:09,505 [INFO] ================================================================================
2026-09-30 17:35:09,505 [INFO] Input Dataset:  Companies-House-search-results.csv
2026-09-30 17:35:09,505 [INFO] Output Dataset: enriched_uk_companies.csv
2026-09-30 17:35:09,505 [INFO] Batch Size:     50
2026-09-30 17:35:09,512 [INFO] Already processed in previous runs: 1282 companies
2026-09-30 17:35:09,534 [INFO] Total remaining companies to scrape: 3718
2026-09-30 17:35:09,534 [INFO] Processing next batch of 50 companies...

2026-09-30 17:35:09,534 [INFO] [  1/50] Scraping: LITTLE BIG COOKS CIC (Co #12588061)
2026-09-30 17:35:11,071 [INFO]       Appointed Officer: LAW, June Elizabeth (Director)
2026-09-30 17:35:11,071 [INFO]       Address:          64 Ford Road, Newport, England, TF10 7UN
2026-09-30 17:35:13,574 [INFO]    [PHONE]   03700 100 212
2026-09-30 17:35:13,574 [INFO]    [EMAIL]   contact@bbc.co.uk
2026-09-30 17:35:13,574 [INFO]    [WEBSITE] https://www.bbc.co.uk/iplayer/episodes/m00155x4/big-cook-little-cook
2026-09-30 17:35:14,574 [INFO] [  2/50] Scraping: BALL AND MIND CIC (Co #12588201)
2026-09-30 17:35:16,130 [INFO]       Appointed Officer: YARDE, Denise (Secretary)
2026-09-30 17:35:16,130 [INFO]       Address:          70a Venner Road, London, England, SE26 5EL
2026-09-30 17:35:17,486 [INFO] [  3/50] Scraping: DESIGN HAVENS FOR HEROES CIC (Co #12588835)
2026-09-30 17:35:18,887 [INFO]       Appointed Officer: ROWAN PLOWDEN, Francesca Laura (Director)
2026-09-30 17:35:18,888 [INFO]       Address:          3 Draycott Place, London, England, SW3 2SE
2026-09-30 17:35:20,205 [INFO] [  4/50] Scraping: YUMMY-YUM-YUM C.I.C. (Co #12588843)
2026-09-30 17:35:21,540 [INFO]       Appointed Officer: GOMES, Naterica (Director)
2026-09-30 17:35:21,541 [INFO]       Address:          Trimdon Station C Trimdon Station Community Centre, Station Road East, Durham, United Kingdom, TS29 6BS
2026-09-30 17:35:22,805 [INFO] [  5/50] Scraping: THE LITTLE BERRY BOX C.I.C. (Co #12591279)
2026-09-30 17:35:24,188 [INFO]       Appointed Officer: HEALD, Stephanie Jane (Director)
2026-09-30 17:35:24,188 [INFO]       Address:          23 Heather Rise, Burley In Wharfedale, Ilkley, England, LS29 7RA
2026-09-30 17:35:25,512 [INFO] [  6/50] Scraping: KERSWELL GREEN COMMUNITY INTEREST COMPANY (Co #12591410)
2026-09-30 17:35:27,406 [INFO]       Appointed Officer: HILL, Ryan (Director)
2026-09-30 17:35:27,406 [INFO]       Address:          Greens Barn, Kerswell Green, Worcester, England, WR5 3PF
2026-09-30 17:35:28,660 [INFO] [  7/50] Scraping: FORMING FUTURES CIC (Co #12595830)
2026-09-30 17:35:30,279 [INFO]       Appointed Officer: ANWER, Rehman (Director)
2026-09-30 17:35:30,279 [INFO]       Address:          Flat 24 Clerkenwell House, Hilda Road, Southall, England, UB2 4FP
2026-09-30 17:35:31,555 [INFO] [  8/50] Scraping: ORIEL TRINITY GALLERY CIC (Co #12598215)
2026-09-30 17:35:33,266 [INFO]       Appointed Officer: HARDING, Lucy Elizabeth (Director)
2026-09-30 17:35:33,266 [INFO]       Address:          68 Carlyle Street, Abertillery, Wales, NP13 1UF
2026-09-30 17:35:34,522 [INFO] [  9/50] Scraping: THE ESSENTIAL BUDDY C.I.C. (Co #12598459)
2026-09-30 17:35:35,888 [INFO]       Appointed Officer: RILEY, Andrew Leslie (Director)
2026-09-30 17:35:35,888 [INFO]       Address:          Flat 2b 8 St. Aidans Terrace, Prenton, United Kingdom, CH43 8ST
2026-09-30 17:35:37,192 [INFO] [ 10/50] Scraping: DUNRAVEN CARE CIC (Co #12598811)
2026-09-30 17:35:38,624 [INFO]       Appointed Officer: LEWIS, Elizabeth Hirst (Director)
2026-09-30 17:35:38,624 [INFO]       Address:          Brynfro 67 Broadway, Llanblethian, Cowbridge, Vale Of Glamorgan, United Kingdom, CF71 7EY
2026-09-30 17:35:39,880 [INFO] [ 11/50] Scraping: POSSIBILITY LAB C.I.C. (Co #12599106)
2026-09-30 17:35:41,340 [INFO]       Appointed Officer: DOWNS, Thomas Alistair (Director)
2026-09-30 17:35:41,340 [INFO]       Address:          1 Garfield Terrace, Dafford St, Bath, BA1 6SP
2026-09-30 17:35:42,600 [INFO] [ 12/50] Scraping: GROW IN... CIC (Co #12599146)
2026-09-30 17:35:43,967 [INFO]       Appointed Officer: EVANS, Alyson (Director)
2026-09-30 17:35:43,967 [INFO]       Address:          75 Selwood Road, Frome, England, BA11 3BP
2026-09-30 17:35:45,242 [INFO] [ 13/50] Scraping: THE SOCIAL SUPPORT NETWORK CIC (Co #12599451)
2026-09-30 17:35:46,845 [INFO]       Appointed Officer: HARRIS, Leah Marie (Director)
2026-09-30 17:35:46,846 [INFO]       Address:          56 Grendon Road, Birmingham, England, B14 4QZ
2026-09-30 17:35:48,105 [INFO] [ 14/50] Scraping: PERIODLINK CIC (Co #12610645)
2026-09-30 17:35:49,914 [INFO]       Appointed Officer: PARRY, Lauren (Director)
2026-09-30 17:35:49,914 [INFO]       Address:          99 99 Honeybrook Road, London, England, SW12 0DL
2026-09-30 17:35:51,190 [INFO] [ 15/50] Scraping: BLACKPOOL COMMUNITY FIBRE PARTNERSHIP NUMBER - 39508 CIC (Co #12611363)
2026-09-30 17:35:52,775 [INFO]       Appointed Officer: WALKER, Anna-Freyja Esther (Director)
2026-09-30 17:35:52,775 [INFO]       Address:          29 Ash Street, Blackpool, England, FY4 2JN
2026-09-30 17:35:54,033 [INFO] [ 16/50] Scraping: STREET KNOWLEDGE CIC (Co #12612162)
2026-09-30 17:35:55,632 [INFO]       Appointed Officer: LEACH, Rowan (Director)
2026-09-30 17:35:55,632 [INFO]       Address:          48 Bugle Street, Southampton, England, SO14 2AH
2026-09-30 17:35:56,903 [INFO] [ 17/50] Scraping: I LOVE SCARBOROUGH ROAD CIC (Co #12630880)
2026-09-30 17:35:58,484 [INFO]       Appointed Officer: LOWES-SMITH, Ben (Secretary)
2026-09-30 17:35:58,484 [INFO]       Address:          B&D Studios, Studio 6 Floor 3, Commercial Union House, 39 Pilgrim Street, Newcastle Upon Tyne, Tyne And Wear, United Kingdom, NE1 6QE
2026-09-30 17:35:59,740 [INFO] [ 18/50] Scraping: SHADES OF BLACK THEATRE AND THERAPEUTIC SERVICES CIC (Co #12630846)
2026-09-30 17:36:01,158 [INFO]       Appointed Officer: SMITH-ABASS, Lyla (Director)
2026-09-30 17:36:01,159 [INFO]       Address:          39 Lilestone Street, London, England, NW8 8SS
2026-09-30 17:36:02,418 [INFO] [ 19/50] Scraping: NORTH SOMERSET WELLBEING COLLECTIVE C.I.C. (Co #12630904)
2026-09-30 17:36:04,032 [INFO]       Appointed Officer: COPE, Fiona Louise (Director)
2026-09-30 17:36:04,032 [INFO]       Address:          68 Lonsdale Avenue, Weston-Super-Mare, England, BS23 3SJ
2026-09-30 17:36:05,305 [INFO] [ 20/50] Scraping: HOARDING DISORDERS UK (NORTH) CIC (Co #12634610)
2026-09-30 17:36:06,819 [INFO]       Appointed Officer: COOKE, Joanne (Director)
2026-09-30 17:36:06,819 [INFO]       Address:          212a Bocking Lane, Sheffield, England, S8 7BP
2026-09-30 17:36:08,083 [INFO] [ 21/50] Scraping: YORUBA KO'YA LEADERSHIP AND TRAINING FOUNDATION CIC (Co #12632152)
2026-09-30 17:36:09,602 [INFO]       Appointed Officer: BAKARE, Waheed Ariyo (Director)
2026-09-30 17:36:09,602 [INFO]       Address:          Kemp House 152-160 City Road, London, England, EC1V 2NX
2026-09-30 17:36:10,870 [INFO] [ 22/50] Scraping: UNITE URMSTON CIC (Co #12634094)
2026-09-30 17:36:12,373 [INFO]       Appointed Officer: BARDSLEY, Josephine Andrea (Director)
2026-09-30 17:36:12,373 [INFO]       Address:          3 Windsor Avenue, Urmston, Manchester, England, M41 5GP
2026-09-30 17:36:13,843 [INFO] [ 23/50] Scraping: THE SENDFRIENDLY INITIATIVE CIC (Co #12634444)
2026-09-30 17:36:15,353 [INFO]       Appointed Officer: ODIM, Lilian (Director)
2026-09-30 17:36:15,353 [INFO]       Address:          27 Old Gloucester Street, London, United Kingdom, WC1N 3AX
2026-09-30 17:36:16,674 [INFO] [ 24/50] Scraping: IN FURNESS COMMUNITY PRESS CIC (Co #12638380)
2026-09-30 17:36:18,117 [INFO]       Appointed Officer: HETHERINGTON, Cameron James Anthony (Director)
2026-09-30 17:36:18,117 [INFO]       Address:          50 Shearwater Crescent, Walney, Barrow-In-Furness, England, LA14 3JP
2026-09-30 17:36:19,380 [INFO] [ 25/50] Scraping: ASTON HILL COMMUNITY FIBRE CIC (Co #12639666)
2026-09-30 17:36:20,717 [INFO]       Appointed Officer: PARKER, Margaret Anne (Director)
2026-09-30 17:36:20,717 [INFO]       Address:          Aston Hill Farm Aston Hill, Halton, Aylesbury, England, HP22 5NQ
2026-09-30 17:36:22,008 [INFO] [ 26/50] Scraping: RISE RECOVERY NORTH EAST CIC (Co #12638251)
2026-09-30 17:36:23,510 [INFO]       Appointed Officer: COWIE, Paula (Director)
2026-09-30 17:36:23,510 [INFO]       Address:          The Old Rectory, The Broadway, Houghton Le Spring, England, DH4 4BB
2026-09-30 17:36:24,915 [INFO] [ 27/50] Scraping: CDA ALLIANCE CIC (Co #12639011)
2026-09-30 17:36:26,348 [INFO]       Appointed Officer: CAI, Yunlu (Director)
2026-09-30 17:36:26,349 [INFO]       Address:          160 Kemp House City Road, London, United Kingdom, EC1V 2NX
2026-09-30 17:36:28,085 [INFO] [ 28/50] Scraping: CHESTNUTS FARM CSA CIC (Co #12638833)
2026-09-30 17:36:29,493 [INFO]       Appointed Officer: BRIDGEN, Jacqueline Susan (Director)
2026-09-30 17:36:29,493 [INFO]       Address:          16 Killbrock Mead, Devizes, England, SN10 2FU
2026-09-30 17:36:31,691 [INFO] [ 29/50] Scraping: BILCOLE CIC (Co #12205373)
2026-09-30 17:36:33,199 [INFO]       Appointed Officer: BILAN, Avarni Kaur (Director)
2026-09-30 17:36:33,199 [INFO]       Address:          4 Cross Street, Beeston, Nottingham, United Kingdom, NG9 2NX
2026-09-30 17:36:35,406 [INFO] [ 30/50] Scraping: PIPEWELL STUDIOS CIC (Co #12205932)
2026-09-30 17:36:37,017 [INFO]       Appointed Officer: MOORE, Dean Robert (Director)
2026-09-30 17:36:37,017 [INFO]       Address:          38 Well Lane, Liskeard, Cornwall, United Kingdom, PL14 3TP
2026-09-30 17:36:39,218 [INFO] [ 31/50] Scraping: LEIGH MILL CLAY SHOOT CIC (Co #12206633)
2026-09-30 17:36:40,555 [INFO]       Appointed Officer: JONES, Stacey Mary Louise (Director)
2026-09-30 17:36:40,555 [INFO]       Address:          4 Stirling Drive, Caterham, England, CR3 5GB
2026-09-30 17:36:42,757 [INFO] [ 32/50] Scraping: TEAM FIGHTBACK C.I.C. (Co #12205778)
2026-09-30 17:36:44,269 [INFO]       Appointed Officer: BELL, Anthony David (Director)
2026-09-30 17:36:44,269 [INFO]       Address:          25 Rowen Drive, Chepstow, Monmouthshire, NP16 5RR
2026-09-30 17:36:46,539 [INFO] [ 33/50] Scraping: THE NIDHIVANA CIC (Co #12206726)
2026-09-30 17:36:48,289 [INFO]       Appointed Officer: TUTEJA, Nidhi (Director)
2026-09-30 17:36:48,289 [INFO]       Address:          12 Oscar Court, 700 Rotherhithe Street, London, United Kingdom, SE16 5AB
2026-09-30 17:36:50,493 [INFO] [ 34/50] Scraping: VALID CIC (Co #12211139)
2026-09-30 17:36:53,198 [INFO]       Appointed Officer: EVANS, David (Director)
2026-09-30 17:36:53,198 [INFO]       Address:          PO Box 4385, 12211139: COMPANIES HOUSE DEFAULT ADDRESS, Cardiff, CF14 8LH
2026-09-30 17:36:55,401 [INFO] [ 35/50] Scraping: THE ESCAPE GENERATION CIC (Co #12212409)
2026-09-30 17:36:56,722 [INFO]       Appointed Officer: LEACH, Matthew David (Director)
2026-09-30 17:36:56,722 [INFO]       Address:          9 Rogate Road, Luton, United Kingdom, LU2 8HR
2026-09-30 17:36:58,921 [INFO] [ 36/50] Scraping: RESOLUTE TO CHANGE CIC (Co #12212402)
2026-09-30 17:37:00,422 [INFO]       Appointed Officer: CALVIN, David (Director)
2026-09-30 17:37:00,422 [INFO]       Address:          Kemp House City Road, 160, City Road, London, England, EC1V 2NX
2026-09-30 17:37:02,642 [INFO] [ 37/50] Scraping: THE HERMES PROJECT C.I.C. (Co #12212413)
2026-09-30 17:37:04,058 [INFO]       Appointed Officer: HERMES, Kenneth Joseph Robert (Director)
2026-09-30 17:37:04,058 [INFO]       Address:          20 Abels Road, Halstead, England, CO9 1EW
2026-09-30 17:37:06,260 [INFO] [ 38/50] Scraping: BHAI KANHAIYA JI CHARTIABLE COMMUNITY INTEREST COMPANY (Co #12210865)
2026-09-30 17:37:07,872 [INFO]       Appointed Officer: SHERGILL, Gurinderpal (Director)
2026-09-30 17:37:07,872 [INFO]       Address:          116 Coppermill Road, Wraysbury, Staines-Upon-Thames, England, TW19 5NR
2026-09-30 17:37:10,087 [INFO] [ 39/50] Scraping: MENTAL HEALTH FIRST SERVICES CIC (Co #12211245)
2026-09-30 17:37:11,433 [INFO]       Appointed Officer: HINES, Ian Charles (Director)
2026-09-30 17:37:11,433 [INFO]       Address:          25 Meadowside Close, Great Barr, Birmingham, England, B43 6BP
2026-09-30 17:37:13,638 [INFO] [ 40/50] Scraping: EQUALITY & SOCIAL REFORM CENTRE CIC (Co #12214174)
2026-09-30 17:37:15,019 [INFO]       Appointed Officer: JADDOO, Desmond Gustavus, Bishop Dr Mbe (Director)
2026-09-30 17:37:15,019 [INFO]       Address:          94 Warren Road, Birmingham, England, B44 8QD
2026-09-30 17:37:17,220 [INFO] [ 41/50] Scraping: BARHAM BROADBAND CIC (Co #12214861)
2026-09-30 17:37:18,731 [INFO]       Appointed Officer: CAVALIER, Imon James (Director)
2026-09-30 17:37:18,731 [INFO]       Address:          Little Oak Hall Church Lane, Barham, Canterbury, Kent, CT4 6PB
2026-09-30 17:37:20,933 [INFO] [ 42/50] Scraping: PRAESIDIUM ENTERPRISES CIC (Co #12214864)
2026-09-30 17:37:22,367 [INFO]       Appointed Officer: BAKER, Samuel Stephen Paul (Director)
2026-09-30 17:37:22,367 [INFO]       Address:          Pilgrim Bureau, Friday Market Place, Walsingham, England, NR22 6EG
2026-09-30 17:37:24,592 [INFO] [ 43/50] Scraping: INSPIRE EMPOWERMENT CIC (Co #12214862)
2026-09-30 17:37:25,970 [INFO]       Appointed Officer: MARKU, Ardjana (Director)
2026-09-30 17:37:25,970 [INFO]       Address:          22 Wheatley St Wheatley Street, West Bromwich, England, B70 9TY
2026-09-30 17:37:28,170 [INFO] [ 44/50] Scraping: WELSH CONNECTIONS CIC (Co #12227647)
2026-09-30 17:37:29,885 [INFO]       Appointed Officer: KENNEDY, Michael John (Director)
2026-09-30 17:37:29,885 [INFO]       Address:          88 Heol Gerrig, Treboeth, Swansea, Wales, SA5 9BP
2026-09-30 17:37:32,085 [INFO] [ 45/50] Scraping: MUK GALLERY C.I.C. (Co #12228774)
2026-09-30 17:37:33,517 [INFO]       Appointed Officer: BERGER, Benjamin Steele (Director)
2026-09-30 17:37:33,517 [INFO]       Address:          64 Hertford Road, London, United Kingdom, N1 5AE
2026-09-30 17:37:35,723 [INFO] [ 46/50] Scraping: NEW CIRCLE LIVING CIC (Co #12230859)
2026-09-30 17:37:37,100 [INFO]       Appointed Officer: HENRY, Winston (Secretary)
2026-09-30 17:37:37,100 [INFO]       Address:          5 Brayford Square, Brayford Square, London, England, E1 0SG
2026-09-30 17:37:39,308 [INFO] [ 47/50] Scraping: LIFE101 CIC (Co #12232484)
2026-09-30 17:37:40,659 [INFO]       Appointed Officer: IGHORAE, Sunnie Onomeh (Director)
2026-09-30 17:37:40,659 [INFO]       Address:          Unit 78 Eurolink Business Centre, 49 Effra Road, London, United Kingdom, SW2 1BZ
2026-09-30 17:37:42,859 [INFO] [ 48/50] Scraping: ON-TRACK EARLY INTERVENTION COMMUNITY INTEREST COMPANY (Co #12232378)
2026-09-30 17:37:45,199 [INFO]       Appointed Officer: BROCK, Jamie David (Director)
2026-09-30 17:37:45,199 [INFO]       Address:          North House North House, Stansteadbury, Stanstead Abbotts, United Kingdom, SG12 8JZ
2026-09-30 17:37:47,409 [INFO] [ 49/50] Scraping: EYEMINDS C.I.C. (Co #12232544)
2026-09-30 17:37:48,886 [INFO]       Appointed Officer: BARRANT, Jason Singh (Director)
2026-09-30 17:37:48,886 [INFO]       Address:          122 Buchan Road, London, United Kingdom, SE15 3HG
2026-09-30 17:37:51,088 [INFO] [ 50/50] Scraping: WIRRAL AC FOUNDATION C.I.C. (Co #12233772)
2026-09-30 17:37:52,581 [INFO]       Appointed Officer: COWAN, Victoria (Director)
2026-09-30 17:37:52,581 [INFO]       Address:          33 Highcroft Avenue, Wirral, United Kingdom, CH63 3EZ
2026-09-30 17:37:54,803 [INFO] ================================================================================
2026-09-30 17:37:54,803 [INFO] BATCH FINISHED: Processed 50 companies in 165.3s.
2026-09-30 17:37:54,803 [INFO] Total Cumulative Enriched: 1332 companies.
2026-09-30 17:37:54,803 [INFO] Updated CSV: enriched_uk_companies.csv
2026-09-30 17:37:54,803 [INFO] Updated Log: scraper.log
2026-09-30 17:37:54,803 [INFO] ================================================================================
2026-09-30 23:26:42,563 [INFO] ================================================================================
2026-09-30 23:26:42,563 [INFO] STARTING PRODUCTION UK COMPANIES HOUSE CONTACT SCRAPER
2026-09-30 23:26:42,563 [INFO] ================================================================================
2026-09-30 23:26:42,563 [INFO] Input Dataset:  Companies-House-search-results.csv
2026-09-30 23:26:42,563 [INFO] Output Dataset: enriched_uk_companies.csv
2026-09-30 23:26:42,563 [INFO] Batch Size:     50
2026-09-30 23:26:42,569 [INFO] Already processed in previous runs: 1332 companies
2026-09-30 23:26:42,588 [INFO] Total remaining companies to scrape: 3668
2026-09-30 23:26:42,588 [INFO] Processing next batch of 50 companies...

2026-09-30 23:26:42,588 [INFO] [  1/50] Scraping: COMPANION BREAD CIC (Co #12235145)
2026-09-30 23:26:44,207 [INFO]       Appointed Officer: MCAULEY, Alistair James (Director)
2026-09-30 23:26:44,207 [INFO]       Address:          8 Liberty Lane South Liberty Lane, Long Ashton, Bristol, Avon, England, BS3 2SG
2026-09-30 23:26:46,670 [INFO]    [EMAIL]   contact@companionbaking.com
2026-09-30 23:26:46,670 [INFO]    [WEBSITE] https://www.companionbaking.com/small-batch-breads/
2026-09-30 23:26:47,671 [INFO] [  2/50] Scraping: HIT COMMUNITY CIC (Co #12235235)
2026-09-30 23:26:49,331 [INFO]       Appointed Officer: BAKER, Heath (Director)
2026-09-30 23:26:49,331 [INFO]       Address:          2 Saxons House, Manor Road, Pontypool, United Kingdom, NP4 7DP
2026-09-30 23:26:50,750 [INFO] [  3/50] Scraping: RADICAL RECRUIT CIC (Co #12237793)
2026-09-30 23:26:52,381 [INFO]       Appointed Officer: FREIVOGEL, Emma Rose (Director)
2026-09-30 23:26:52,381 [INFO]       Address:          Tooting Works, 89 Bickersteth Road, London, England, SW17 9SH
2026-09-30 23:26:53,738 [INFO] [  4/50] Scraping: NEW LEAF HOMELESS SERVICES CIC (Co #12237704)
2026-09-30 23:26:55,390 [INFO]       Appointed Officer: CLARKE, John Robert (Director)
2026-09-30 23:26:55,390 [INFO]       Address:          11 Nutbrook Avenue, Coventry, England, CV4 9LE
2026-09-30 23:26:56,715 [INFO] [  5/50] Scraping: CROWHURST BROADBAND CIC (Co #12237792)
2026-09-30 23:26:58,363 [INFO]       Appointed Officer: CHAPLIN, Lucy Beatrice Alice (Director)
2026-09-30 23:26:58,363 [INFO]       Address:          Golding Farm Cottage Crowhurst Lane, Borough Green, Sevenoaks, England, TN15 8PE
2026-09-30 23:26:59,700 [INFO] [  6/50] Scraping: VERDANT NEW LEAF C.I.C. (Co #12241662)
2026-09-30 23:27:01,303 [INFO]       Appointed Officer: KELLY, Marcus William (Director)
2026-09-30 23:27:01,303 [INFO]       Address:          Bank House, Market Square, Congleton, Cheshire, United Kingdom, CW12 1ET
2026-09-30 23:27:02,635 [INFO] [  7/50] Scraping: ADAPTABLE SPACE CIC (Co #12241764)
2026-09-30 23:27:04,401 [INFO]       Appointed Officer: HOSKIN, Joanna (Director)
2026-09-30 23:27:04,402 [INFO]       Address:          Chapel Cottage, Dean Street, Liskeard, England, PL14 4AB
2026-09-30 23:27:05,802 [INFO] [  8/50] Scraping: HARTLABUK CIC (Co #12248145)
2026-09-30 23:27:07,707 [INFO]       Appointed Officer: BARNES, Brian Anthony (Director)
2026-09-30 23:27:07,707 [INFO]       Address:          28 Chester Road, Hartlepool, England, TS24 8FD
2026-09-30 23:27:09,040 [INFO] [  9/50] Scraping: COCOA SOCIAL ENTERPRISE CIC (Co #12248165)
2026-09-30 23:27:10,548 [INFO]       Appointed Officer: OKUSANYA, Kafilatu Oyindamola (Director)
2026-09-30 23:27:10,548 [INFO]       Address:          240 Ripple Road, Barking, IG11 7DJ
2026-09-30 23:27:11,884 [INFO] [ 10/50] Scraping: BIRMINGHAM ENERGY ADVISORY SERVICE CIC (Co #12251723)
2026-09-30 23:27:13,525 [INFO]       Appointed Officer: LYNE, Stephen Richard (Secretary)
2026-09-30 23:27:13,525 [INFO]       Address:          41 Enstone Road, Erdington, Birmingham, West Midlands, B23 5SD
2026-09-30 23:27:14,887 [INFO] [ 11/50] Scraping: BROMYARD TOURIST INFORMATION, BEAUTIFULLY BROMYARD CIC (Co #12252203)
2026-09-30 23:27:25,295 [WARNING] Error fetching Companies House overview for #12252203: The read operation timed out
2026-09-30 23:27:26,204 [INFO]       Appointed Officer: MARTIN, Charlotte Emma (Director)
2026-09-30 23:27:26,204 [INFO]       Address:          23 Old Road Bromyard United Kingdom HR7 4BQ
2026-09-30 23:27:27,581 [INFO] [ 12/50] Scraping: THE DIRARS C.I.C. (Co #12264919)
2026-09-30 23:27:30,327 [INFO]       Appointed Officer: DIRAR, Ethar Mohamed Yagoub (Secretary)
2026-09-30 23:27:30,327 [INFO]       Address:          183 Hall Road, Hull, United Kingdom, HU6 8SG
2026-09-30 23:27:31,651 [INFO] [ 13/50] Scraping: CHANGE TREE MUSIC CIC (Co #12266315)
2026-09-30 23:27:33,215 [INFO]       Appointed Officer: FOURNEL, Lorraine Ann (Director)
2026-09-30 23:27:33,215 [INFO]       Address:          11b Queens Road, Tunbridge Wells, United Kingdom, TN4 9LL
2026-09-30 23:27:34,547 [INFO] [ 14/50] Scraping: THE I LOVE ME PROJECT CIC (Co #12270284)
2026-09-30 23:27:36,143 [INFO]       Appointed Officer: ASKEY, Courtney (Director)
2026-09-30 23:27:36,143 [INFO]       Address:          6 Trenant Road, Leicester, Leicestershire, LE2 6UA
2026-09-30 23:27:37,477 [INFO] [ 15/50] Scraping: EMPOWER COMMUNITY CENTRE CIC (Co #12271189)
2026-09-30 23:27:38,947 [INFO]       Appointed Officer: PINNOCK, Otis Gilford (Director)
2026-09-30 23:27:38,947 [INFO]       Address:          27 Old Gloucester Street, London, England, WC1N 3AX
2026-09-30 23:27:40,354 [INFO] [ 16/50] Scraping: SITE COLLECTIVE EVENTS CIC (Co #12273434)
2026-09-30 23:27:41,969 [INFO]       Appointed Officer: LOVEGROVE-SAVILLE, Dominic (Director)
2026-09-30 23:27:41,969 [INFO]       Address:          74 Nutwood Avenue, Brockham, Surrey, RH3 7LT
2026-09-30 23:27:43,291 [INFO] [ 17/50] Scraping: VALUNITY CIC (Co #12275686)
2026-09-30 23:27:45,432 [INFO]       Appointed Officer: GINER, Mario (Director)
2026-09-30 23:27:45,432 [INFO]       Address:          100 Fairlop Road, Ilford, England, IG6 2EN
2026-09-30 23:27:46,769 [INFO] [ 18/50] Scraping: BEAUTYBOOSTME CIC (Co #12276362)
2026-09-30 23:27:48,377 [INFO]       Appointed Officer: ADEBOWALE, Beatrice Mojisola (Director)
2026-09-30 23:27:48,378 [INFO]       Address:          112 Newbury Avenue, Enfield, England, EN3 6EE
2026-09-30 23:27:49,708 [INFO] [ 19/50] Scraping: DEVON LOST DOG SEARCH & RESCUE CIC (Co #12276163)
2026-09-30 23:27:51,199 [INFO]       Appointed Officer: TIMBLIN, Craig Antony (Director)
2026-09-30 23:27:51,199 [INFO]       Address:          3 Hill Crest, Exminster, Exeter, England, EX6 8AN
2026-09-30 23:27:52,520 [INFO] [ 20/50] Scraping: ROOTED IN CHAINS CIC (Co #12561304)
2026-09-30 23:27:54,226 [INFO]       Appointed Officer: CLIFTON, Leia Elizabeth Penelope (Director)
2026-09-30 23:27:54,226 [INFO]       Address:          2a Lindley Road, London, England, E10 6QT
2026-09-30 23:27:55,543 [INFO] [ 21/50] Scraping: GAS USERS ORGANISATION C.I.C. (Co #12573966)
2026-09-30 23:27:57,041 [INFO]       Appointed Officer: NEWMAN, Andrew David (Director)
2026-09-30 23:27:57,041 [INFO]       Address:          5 Elm Hayes, Corsham, England, SN13 9JW
2026-09-30 23:27:58,363 [INFO] [ 22/50] Scraping: MITIS COVEY CIC (Co #12574712)
2026-09-30 23:27:59,960 [INFO]       Appointed Officer: ARCHER, Angus Grant (Director)
2026-09-30 23:27:59,960 [INFO]       Address:          4 Nursery Cottage, Symonds Green Lane, Stevenage, England, SG1 2HP
2026-09-30 23:28:01,295 [INFO] [ 23/50] Scraping: PANDEMIC ILLNESSES PREVENTION AID CIC (Co #12576017)
2026-09-30 23:28:02,840 [INFO]       Appointed Officer: KASEM, Abid (Director)
2026-09-30 23:28:02,840 [INFO]       Address:          3 Spring Grove Huthwaite Lane, Thurgoland, Sheffield, England, S35 7AF
2026-09-30 23:28:04,194 [INFO] [ 24/50] Scraping: DOOMSDAY OUTLAW PROJECTS CIC (Co #12576332)
2026-09-30 23:28:05,721 [INFO]       Appointed Officer: CHANDA, Indrajit Mithu (Director)
2026-09-30 23:28:05,721 [INFO]       Address:          486 Manchester Road, Sheffield, England, S10 5PN
2026-09-30 23:28:07,044 [INFO] [ 25/50] Scraping: NEW BEGINNINGS NEW HOPES C.I.C. (Co #12574627)
2026-09-30 23:28:08,528 [INFO]       Appointed Officer: YURTSEV, Zeynep (Director)
2026-09-30 23:28:08,528 [INFO]       Address:          52 Fulford Grove, Watford, England, WD19 7QG
2026-09-30 23:28:09,843 [INFO] [ 26/50] Scraping: EDMONTON RANGERS FC WOLVES COMMUNITY INTEREST COMPANY (Co #12575366)
2026-09-30 23:28:11,845 [INFO]       Appointed Officer: MORRIS, Anthony (Secretary)
2026-09-30 23:28:11,846 [INFO]       Address:          46 Sycamore Hill, London, England, N11 3PD
2026-09-30 23:28:13,169 [INFO] [ 27/50] Scraping: UNITED CHANGE CIC (Co #12580469)
2026-09-30 23:28:14,678 [INFO]       Appointed Officer: WILLIAMS, Mark Peter (Director)
2026-09-30 23:28:14,679 [INFO]       Address:          10 Tasmania Close, Nottingham, England, NG2 2GA
2026-09-30 23:28:16,485 [INFO] [ 28/50] Scraping: ATTUNE AND NOURISH CIC (Co #12585845)
2026-09-30 23:28:18,041 [INFO]       Appointed Officer: GROVE, Elizabeth Ann (Director)
2026-09-30 23:28:18,041 [INFO]       Address:          195 Birmingham Road, Allesley, Coventry, England, CV5 9BD
2026-09-30 23:28:20,342 [INFO] [ 29/50] Scraping: BETTERNESS MANIFESTO CIC (Co #12585659)
2026-09-30 23:28:21,886 [INFO]       Appointed Officer: HAMILTON, Charlotte Louise Elizabeth (Director)
2026-09-30 23:28:21,886 [INFO]       Address:          18 Broad Street, Ramsgate, Kent, England, CT11 8QY
2026-09-30 23:28:24,177 [INFO] [ 30/50] Scraping: THE VERA TRUST C.I.C. (Co #12586239)
2026-09-30 23:28:25,937 [INFO]       Appointed Officer: BUNCE, Amber Louise (Director)
2026-09-30 23:28:25,937 [INFO]       Address:          Keystone Innovation Centre, Croxton Road, Thetford, England, IP24 1JD
2026-09-30 23:28:28,233 [INFO] [ 31/50] Scraping: OPEN THING CIC (Co #12585654)
2026-09-30 23:28:30,218 [INFO]       Appointed Officer: BAKER, Keith (Secretary)
2026-09-30 23:28:30,218 [INFO]       Address:          Bournemouth Eagle Lab, County Gates House 300 Poole Road, Branksome, Poole, England, BH12 1AZ
2026-09-30 23:28:32,520 [INFO] [ 32/50] Scraping: WHITE FRIARS WELLBEING CIC (Co #12585849)
2026-09-30 23:28:34,167 [INFO]       Appointed Officer: GABRIEL, Beverley Jayne (Secretary)
2026-09-30 23:28:34,167 [INFO]       Address:          14a St Werburgh Street, Chester, United Kingdom, CH1 2DY
2026-09-30 23:28:36,462 [INFO] [ 33/50] Scraping: ALL CHILDREN SAME CHANCE (ACSC) CIC (Co #12586392)
2026-09-30 23:28:38,059 [INFO]       Appointed Officer: REVILL, Thandiwe Hazel (Director)
2026-09-30 23:28:38,059 [INFO]       Address:          102 Newland Park Drive, York, England, YO10 3HP
2026-09-30 23:28:40,348 [INFO] [ 34/50] Scraping: GUILT OFFSET CIC (Co #12586055)
2026-09-30 23:28:41,836 [INFO]       Appointed Officer: HAYES, David William (Director)
2026-09-30 23:28:41,836 [INFO]       Address:          4 Monmouth Hill, Topsham, Exeter, England, EX3 0JQ
2026-09-30 23:28:44,132 [INFO] [ 35/50] Scraping: PPE HWB WRECSAM COMMUNITY INTEREST COMPANY (Co #12595267)
2026-09-30 23:28:45,774 [INFO]       Appointed Officer: THOMPSON, Alison Ruth (Secretary)
2026-09-30 23:28:45,774 [INFO]       Address:          The Yew Tree Inn High Street, Gresford, Wrexham, Wales, LL12 8RF
2026-09-30 23:28:48,068 [INFO] [ 36/50] Scraping: BAME SUPPORT NETWORK COMMUNITY INTEREST COMPANY (Co #12596842)
2026-09-30 23:28:49,582 [INFO]       Appointed Officer: DIXON, Eva (Director)
2026-09-30 23:28:49,582 [INFO]       Address:          Riveroak House Jarvis Fields, Bursledon, Southampton, England, SO31 8AF
2026-09-30 23:28:51,885 [INFO] [ 37/50] Scraping: ST GEORGES HOUSING CIC (Co #12601413)
2026-09-30 23:28:53,465 [INFO]       Appointed Officer: HUSSAIN, Usman Mohammed Ali (Director)
2026-09-30 23:28:53,465 [INFO]       Address:          251 Pitsmoor Road, Sheffield, England, S3 9AQ
2026-09-30 23:28:55,755 [INFO] [ 38/50] Scraping: ADVENTURE THERAPY (NE) COMMUNITY INTEREST COMPANY (Co #12602322)
2026-09-30 23:28:57,249 [INFO]       Appointed Officer: DOBSON, Wayne (Director)
2026-09-30 23:28:57,249 [INFO]       Address:          6 Kingsley Avenue, Whitley Bay, United Kingdom, NE25 8RX
2026-09-30 23:28:59,551 [INFO] [ 39/50] Scraping: GUARDIAN ANGELS GROUP CIC (Co #12602235)
2026-09-30 23:29:09,957 [WARNING] Error fetching Companies House overview for #12602235: The read operation timed out
2026-09-30 23:29:10,767 [INFO]       Appointed Officer: SHEVCHENKO, Alexandra (Director)
2026-09-30 23:29:10,767 [INFO]       Address:          2 Sunhill Lane Exeter England EX3 0BR
2026-09-30 23:29:13,066 [INFO] [ 40/50] Scraping: MINORITY MOVEMENT CIC (Co #12602797)
2026-09-30 23:29:15,604 [INFO]       Appointed Officer: MAINES, Kerry (Director)
2026-09-30 23:29:15,604 [INFO]       Address:          7 Princes Field Station Road, Berwick, Polegate, East Sussex, United Kingdom, BN26 6TB
2026-09-30 23:29:17,905 [INFO] [ 41/50] Scraping: BREAST MILK MUMMIES C.I.C. (Co #12603620)
2026-09-30 23:29:19,406 [INFO]       Appointed Officer: CUMING, Jessie May (Director)
2026-09-30 23:29:19,406 [INFO]       Address:          248-257 Waterloo Street, Burton-On-Trent, England, DE14 2NJ
2026-09-30 23:29:21,696 [INFO] [ 42/50] Scraping: MILL LANE FIBRE CIC (Co #12604330)
2026-09-30 23:29:23,300 [INFO]       Appointed Officer: OVERFIELD, Paul David (Director)
2026-09-30 23:29:23,300 [INFO]       Address:          Hanson House Mill Lane, Drakes Broughton, Pershore, England, WR10 2AF
2026-09-30 23:29:25,595 [INFO] [ 43/50] Scraping: RESPORT CIC (Co #12604611)
2026-09-30 23:29:27,062 [INFO]       Appointed Officer: STANKEVITCH, John Peter (Director)
2026-09-30 23:29:27,063 [INFO]       Address:          35 Whernside, Widnes, England, WA8 4YW
2026-09-30 23:29:29,352 [INFO] [ 44/50] Scraping: MELIOR SUPPORT (MELS) COMMUNITY INTEREST COMPANY (Co #12606975)
2026-09-30 23:29:30,872 [INFO]       Appointed Officer: ALI, Hannah (Director)
2026-09-30 23:29:30,872 [INFO]       Address:          494 Wortley Road, Rotherham, England, S61 1JJ
2026-09-30 23:29:33,172 [INFO] [ 45/50] Scraping: SAFE-PLAY CHILDRENCARE CIC (Co #12609679)
2026-09-30 23:29:34,696 [INFO]       Appointed Officer: SARWAR, Romina (Director)
2026-09-30 23:29:34,696 [INFO]       Address:          00 Central Hall, Peabody Estate, Rodney Road, London, United Kingdom, SE17 1BL
2026-09-30 23:29:36,984 [INFO] [ 46/50] Scraping: SCULPTING C.I.C. (Co #12607497)
2026-09-30 23:29:38,632 [INFO]       Appointed Officer: KELLY, Debra Jane (Director)
2026-09-30 23:29:38,632 [INFO]       Address:          C/O Ascentis Accountants Wells Road Business Centre, Wells Road, Ilkley, England, LS29 9JB
2026-09-30 23:29:40,928 [INFO] [ 47/50] Scraping: ARTS FOR ESSENTIAL WORKERS CIC (Co #12609883)
2026-09-30 23:29:42,699 [INFO]       Appointed Officer: COLLINS-DOWN, Jason William (Director)
2026-09-30 23:29:42,699 [INFO]       Address:          PO Box 4385, 12609883: COMPANIES HOUSE DEFAULT ADDRESS, Cardiff, CF14 8LH
2026-09-30 23:29:44,995 [INFO] [ 48/50] Scraping: GWRES GWYRDD CYMRU C.I.C. (Co #12612993)
2026-09-30 23:29:46,483 [INFO]       Appointed Officer: FERGUSON, Bryn Eifion (Director)
2026-09-30 23:29:46,483 [INFO]       Address:          21 Gorseddfa, Criccieth, Wales, LL52 0DW
2026-09-30 23:29:48,782 [INFO] [ 49/50] Scraping: MY MIND MATTERS ESSEX CIC (Co #12613334)
2026-09-30 23:29:50,418 [INFO]       Appointed Officer: RUSSEL, Lola, Ms. (Director)
2026-09-30 23:29:50,418 [INFO]       Address:          18 Malthouse Drive, Grays, England, RM17 5FA
2026-09-30 23:29:52,710 [INFO] [ 50/50] Scraping: WELLNESS AND THE ARTS CIC (Co #12615848)
2026-09-30 23:29:54,288 [INFO]       Appointed Officer: DIXON, Serene (Director)
2026-09-30 23:29:54,288 [INFO]       Address:          17a Electric Lane, London, England, SW9 8LA
2026-09-30 23:29:56,606 [INFO] ================================================================================
2026-09-30 23:29:56,606 [INFO] BATCH FINISHED: Processed 50 companies in 194.0s.
2026-09-30 23:29:56,606 [INFO] Total Cumulative Enriched: 1382 companies.
2026-09-30 23:29:56,606 [INFO] Updated CSV: enriched_uk_companies.csv
2026-09-30 23:29:56,606 [INFO] Updated Log: scraper.log
2026-09-30 23:29:56,606 [INFO] ================================================================================
2026-10-01 04:04:05,909 [INFO] ================================================================================
2026-10-01 04:04:05,909 [INFO] STARTING PRODUCTION UK COMPANIES HOUSE CONTACT SCRAPER
2026-10-01 04:04:05,909 [INFO] ================================================================================
2026-10-01 04:04:05,909 [INFO] Input Dataset:  Companies-House-search-results.csv
2026-10-01 04:04:05,909 [INFO] Output Dataset: enriched_uk_companies.csv
2026-10-01 04:04:05,909 [INFO] Batch Size:     50
2026-10-01 04:04:05,916 [INFO] Already processed in previous runs: 1382 companies
2026-10-01 04:04:05,939 [INFO] Total remaining companies to scrape: 3618
2026-10-01 04:04:05,939 [INFO] Processing next batch of 50 companies...

2026-10-01 04:04:05,939 [INFO] [  1/50] Scraping: TOBIAS RECRUITMENT GROUP C.I.C. (Co #12616331)
2026-10-01 04:04:07,254 [INFO]       Appointed Officer: COATES, Leon Tobias (Director)
2026-10-01 04:04:07,254 [INFO]       Address:          Office 8 235 Union Street, Plymouth, England, PL1 3HN
2026-10-01 04:04:10,491 [INFO]    [EMAIL]   accounts@taptalent.ai
2026-10-01 04:04:10,491 [INFO]    [WEBSITE] https://taptalent.ai/recruitment-agencies/tobias-recruitment-group-c-i-c-recruitment-agency-profile/
2026-10-01 04:04:11,492 [INFO] [  2/50] Scraping: HUMANITARIAN CIC (Co #12617487)
2026-10-01 04:04:12,606 [INFO]       Appointed Officer: OKAFOR-MEFOR, Alphonsus Uche (Director)
2026-10-01 04:04:12,606 [INFO]       Address:          44 Crispe House 72 Dovehouse Mead, Barking, England, IG11 7EB
2026-10-01 04:04:13,754 [INFO] [  3/50] Scraping: GROW ASPIRATIONS CIC (Co #12617196)
2026-10-01 04:04:15,051 [INFO]       Appointed Officer: PIDDINGTON, Andrew Peter (Director)
2026-10-01 04:04:15,051 [INFO]       Address:          24 Llwyncelyn Road, Tairgwaith, Ammanford, Wales, SA18 1UU
2026-10-01 04:04:16,157 [INFO] [  4/50] Scraping: NORTH EAST THERAPY SERVICES C.I.C. (Co #12618205)
2026-10-01 04:04:17,263 [INFO]       Appointed Officer: HAGGERSTON, Peter John (Director)
2026-10-01 04:04:17,263 [INFO]       Address:          5 Grasmere Avenue, Jarrow, United Kingdom, NE32 4AB
2026-10-01 04:04:18,470 [INFO] [  5/50] Scraping: ANXIETY IN THE ARTS CIC (Co #12622144)
2026-10-01 04:04:19,761 [INFO]       Appointed Officer: BARTON-CAMPBELL, Tamara Eulita (Director)
2026-10-01 04:04:19,761 [INFO]       Address:          Tunstall Studios 34-44 Tunstall Road, London, England, SW9 8DA
2026-10-01 04:04:20,951 [INFO] [  6/50] Scraping: NEPALI WELFARE SOCIETY UK C.I.C. (Co #12624179)
2026-10-01 04:04:22,120 [INFO]       Appointed Officer: SARKI, Dhan Bahadur (Director)
2026-10-01 04:04:22,120 [INFO]       Address:          15 Berkeley Avenue, Hounslow, England, TW4 6LE
2026-10-01 04:04:23,236 [INFO] [  7/50] Scraping: SPORTING RAMPAGE CIC (Co #12624808)
2026-10-01 04:04:24,571 [INFO]       Appointed Officer: JOHNSTON, Dean Bjorn (Director)
2026-10-01 04:04:24,571 [INFO]       Address:          2 Water Street, Scissett, Huddersfield, England, HD8 9JG
2026-10-01 04:04:25,727 [INFO] [  8/50] Scraping: ANIMAGI CIC (Co #12625100)
2026-10-01 04:04:26,886 [INFO]       Appointed Officer: BASTOW, Quincy, Mx (Director)
2026-10-01 04:04:26,887 [INFO]       Address:          1 Charlville Drive, Calcot, Reading, England, RG31 7AU
2026-10-01 04:04:28,001 [INFO] [  9/50] Scraping: GREET & DEVELOP CIC (Co #12626758)
2026-10-01 04:04:30,934 [INFO]       Appointed Officer: DUBE, Lindie (Director)
2026-10-01 04:04:30,934 [INFO]       Address:          9 Banks Way, Catcliffe, Rotherham, South Yorkshire, England, S60 5WR
2026-10-01 04:04:32,156 [INFO] [ 10/50] Scraping: CONNECTIONS AND DIRECTIONS COMMUNITY INTEREST COMPANY (Co #12630761)
2026-10-01 04:04:33,510 [INFO]       Appointed Officer: SMITH, Chris (Director)
2026-10-01 04:04:33,510 [INFO]       Address:          271-273 Southwick Road, Sunderland, England, SR5 2AB
2026-10-01 04:04:34,619 [INFO] [ 11/50] Scraping: GDND COMMUNITY CIC (Co #12203138)
2026-10-01 04:04:36,352 [INFO]       Appointed Officer: FERDINAND, Melanie (Director)
2026-10-01 04:04:36,352 [INFO]       Address:          26 John Williams Close, John Williams Close, London, England, SE14 5XA
2026-10-01 04:04:37,574 [INFO] [ 12/50] Scraping: ARTMOSPHERICS COMMUNITY INTEREST COMPANY (Co #12241567)
2026-10-01 04:04:38,669 [INFO]       Appointed Officer: BENSON, Andrea Joanne (Secretary)
2026-10-01 04:04:38,670 [INFO]       Address:          11 Chisholm Road, Trimdon Village, Co Durham, TS29 6JJ
2026-10-01 04:04:39,777 [INFO] [ 13/50] Scraping: IGNITING LIVES CIC (Co #12243652)
2026-10-01 04:04:42,652 [INFO]       Appointed Officer: BIRD, Graham Alan (Director)
2026-10-01 04:04:42,652 [INFO]       Address:          WILSON FIELD LIMITED, The Manor House 260 Ecclesall Road South, Sheffield, S11 9PS
2026-10-01 04:04:43,784 [INFO] [ 14/50] Scraping: HUMAN TO HUMAN EMPLOYMENT CIC (Co #12249160)
2026-10-01 04:04:45,041 [INFO]       Appointed Officer: JACKSON, Thomas Albert William (Director)
2026-10-01 04:04:45,041 [INFO]       Address:          Amberfield Barn House Amber Lane, Chart Sutton, Maidstone, England, ME17 3SF
2026-10-01 04:04:46,160 [INFO] [ 15/50] Scraping: CULTURVATE ARTS CIC (Co #12250529)
2026-10-01 04:04:47,345 [INFO]       Appointed Officer: EDWARDS, Dale David (Director)
2026-10-01 04:04:47,345 [INFO]       Address:          135 Bradshawgate Bradshawgate, Bolton, England, BL2 1BJ
2026-10-01 04:04:48,454 [INFO] [ 16/50] Scraping: ASSOCIATION FOR CULTURE, ACADEMIC AND SOCIAL AWARENESS (ACASA) CIC (Co #12253368)
2026-10-01 04:04:50,248 [INFO]       Appointed Officer: STOICA, Florina (Secretary)
2026-10-01 04:04:50,248 [INFO]       Address:          118 Woodchurch Road, Birkenhead, England, CH42 9LR
2026-10-01 04:04:51,353 [INFO] [ 17/50] Scraping: MAMA'S LEGACY CIC (Co #12255512)
2026-10-01 04:04:52,634 [INFO]       Appointed Officer: NKARU, Chinagorum Juliet (Director)
2026-10-01 04:04:52,635 [INFO]       Address:          27 Old Gloucester Street, London, United Kingdom, WC1N 3AX
2026-10-01 04:04:53,741 [INFO] [ 18/50] Scraping: YOUR FUTURE STARS CIC (Co #12258984)
2026-10-01 04:04:54,843 [INFO]       Appointed Officer: MARSDEN, Jamie Alan (Director)
2026-10-01 04:04:54,843 [INFO]       Address:          Unit 6 Cannon Corner, Cannon Street, Accrington, Lancashire, BB5 2ER
2026-10-01 04:04:55,950 [INFO] [ 19/50] Scraping: COCKAYNE HATLEY GREEN SPACES CIC (Co #12258298)
2026-10-01 04:04:57,199 [INFO]       Appointed Officer: BARRATT, Robin Lowther (Director)
2026-10-01 04:04:57,199 [INFO]       Address:          5 Hillside, Sheringham, 5 Hillside, Sheringham, England, NR26 8DB
2026-10-01 04:04:58,303 [INFO] [ 20/50] Scraping: THE LEICESTER PLUMBING ACADEMY CIC (Co #12262468)
2026-10-01 04:04:59,381 [INFO]       Appointed Officer: CHAUHAN, Natan (Director)
2026-10-01 04:04:59,381 [INFO]       Address:          38 Verdale Avenue, Leicester, England, LE4 9TG
2026-10-01 04:05:00,504 [INFO] [ 21/50] Scraping: ONE CULTURE MEDIA CIC (Co #12262278)
2026-10-01 04:05:01,900 [INFO]       Appointed Officer: JENYO, Olubunmi (Director)
2026-10-01 04:05:01,900 [INFO]       Address:          17 Keadby Close, Eccles, Manchester, England, M30 0TA
2026-10-01 04:05:03,007 [INFO] [ 22/50] Scraping: WE LOVE FORESTS C.I.C. (Co #12265270)
2026-10-01 04:05:04,320 [INFO]       Appointed Officer: MEGSON, Laurence Richard (Secretary)
2026-10-01 04:05:04,320 [INFO]       Address:          27,Old Gloucester Street, Old Gloucester Street, London, United Kingdom, WC1N 3AX
2026-10-01 04:05:05,434 [INFO] [ 23/50] Scraping: COVENTRY COMMUNITY FOOD PROJECT C.I.C. (Co #12266283)
2026-10-01 04:05:06,831 [INFO]       Appointed Officer: MACAULAY, John, Reverend (Director)
2026-10-01 04:05:06,831 [INFO]       Address:          Foleshill Baptist Church, Broad Street, Coventry, West Midlands, United Kingdom, CV6 5AZ
2026-10-01 04:05:07,960 [INFO] [ 24/50] Scraping: REDRUTH ARTS STREET PROJECT CIC (Co #12265936)
2026-10-01 04:05:09,309 [INFO]       Appointed Officer: THORNE, Kelly May (Director)
2026-10-01 04:05:09,309 [INFO]       Address:          Crofty, Back Lane West, Redruth, England, TR15 2BT
2026-10-01 04:05:10,421 [INFO] [ 25/50] Scraping: NAGAH CIC (Co #12268748)
2026-10-01 04:05:20,693 [WARNING] Error fetching Companies House overview for #12268748: The read operation timed out
2026-10-01 04:05:21,360 [INFO]       Appointed Officer: RUSHTON, Sarah Lianne (Director)
2026-10-01 04:05:21,360 [INFO]       Address:          85590
2026-10-01 04:05:22,473 [INFO] [ 26/50] Scraping: INCLUSIVE EVENTS CIC (Co #12269294)
2026-10-01 04:05:23,593 [INFO]       Appointed Officer: HENDLEY, Mark (Director)
2026-10-01 04:05:23,593 [INFO]       Address:          23 Kenwyn Close, West End, Southampton, United Kingdom, SO18 3PJ
2026-10-01 04:05:24,702 [INFO] [ 27/50] Scraping: SMILES AND FUN CIC (Co #12270715)
2026-10-01 04:05:26,640 [INFO]       Appointed Officer: TODD, Deborah Anne (Director)
2026-10-01 04:05:26,641 [INFO]       Address:          4 Athlone Rise, Garforth, Leeds, England, LS25 2LU
2026-10-01 04:05:28,246 [INFO] [ 28/50] Scraping: WIGAN WONDERS FC C.I.C. (Co #12274388)
2026-10-01 04:05:29,436 [INFO]       Appointed Officer: HARRISON, Penny-Louise (Director)
2026-10-01 04:05:29,436 [INFO]       Address:          5 Blenheim Road, Wigan, England, WN5 0EQ
2026-10-01 04:05:31,534 [INFO] [ 29/50] Scraping: INTERNATIONAL UNION OF DIPLOMATS CIC (Co #12427331)
2026-10-01 04:05:32,648 [INFO]       Appointed Officer: ABDELMAGID, Abuelhassan Mohammed (Director)
2026-10-01 04:05:32,649 [INFO]       Address:          Union House, 111 New Union Street, Coventry, England, United Kingdom, CV1 2NT
2026-10-01 04:05:34,740 [INFO] [ 30/50] Scraping: IPSWICH BIKE KITCHEN C.I.C. (Co #12429515)
2026-10-01 04:05:35,805 [INFO]       Appointed Officer: BENDALL, Anita Josephine (Director)
2026-10-01 04:05:35,805 [INFO]       Address:          27 27 Foundation Street, Ipswich, Suffolk, England, IP4 1BQ
2026-10-01 04:05:37,918 [INFO] [ 31/50] Scraping: PLANS DRAWN BRISTOL CIC (Co #12450700)
2026-10-01 04:05:39,696 [INFO]       Appointed Officer: HARRIS, Adam Matthew (Director)
2026-10-01 04:05:39,696 [INFO]       Address:          48 Ratcliffe Court Sweetman Place, Bristol, England, BS2 0FB
2026-10-01 04:05:41,951 [INFO] [ 32/50] Scraping: GLANDWR FIBRE BROADBAND COMMUNITY INTEREST COMPANY (Co #12450727)
2026-10-01 04:05:43,974 [INFO]       Appointed Officer: JAIMANGAL, Luckeenarain (Director)
2026-10-01 04:05:43,974 [INFO]       Address:          Bryn, Glandwr, Whitland, Wales, SA34 0UE
2026-10-01 04:05:46,083 [INFO] [ 33/50] Scraping: IDEVICEUK C.I.C. (Co #12451454)
2026-10-01 04:05:48,647 [INFO]       Appointed Officer: MILLER, Lee Christopher (Director)
2026-10-01 04:05:48,647 [INFO]       Address:          57 Braeburn Road, Great Horkesley, Colchester, Essex, England, CO6 4FH
2026-10-01 04:05:50,877 [INFO] [ 34/50] Scraping: RELAX KIDS FURNESS C.I.C. (Co #12454409)
2026-10-01 04:05:52,244 [INFO]       Appointed Officer: GRIFFITHS, Maureen Debra (Director)
2026-10-01 04:05:52,244 [INFO]       Address:          6 Windsor Street, Barrow-In-Furness, England, LA14 5JR
2026-10-01 04:05:54,357 [INFO] [ 35/50] Scraping: RAINBOW REMINISCE COMMUNITY INTEREST COMPANY (Co #12453947)
2026-10-01 04:05:55,393 [INFO]       Appointed Officer: KENYON-THOMAS, Alyson (Director)
2026-10-01 04:05:55,393 [INFO]       Address:          9 Clos Y Deri, Dafen, Llanelli, Wales, SA14 8QZ
2026-10-01 04:05:57,591 [INFO] [ 36/50] Scraping: CULLOMPTON COMMUNITY EVENTS CIC (Co #12453863)
2026-10-01 04:05:58,887 [INFO]       Appointed Officer: BOOTH, Richard Martyn (Director)
2026-10-01 04:05:58,887 [INFO]       Address:          150 Greystone Walk, Cullompton, England, EX15 1GL
2026-10-01 04:06:00,980 [INFO] [ 37/50] Scraping: PLAY AND LEARN CAFE CIC (Co #12453852)
2026-10-01 04:06:02,194 [INFO]       Appointed Officer: JOHNSON, Gail Beverley (Director)
2026-10-01 04:06:02,194 [INFO]       Address:          Collingham House 6-12 Gladstone Road, London, England, SW19 1QT
2026-10-01 04:06:04,485 [INFO] [ 38/50] Scraping: J'ACE GYMNASTICS CLUB CIC (Co #12455506)
2026-10-01 04:06:05,613 [INFO]       Appointed Officer: CHAPLIN-WALSH, Chrystal Chanel Corinna (Director)
2026-10-01 04:06:05,613 [INFO]       Address:          Bedford Heights Brickhill Drive, Level  4, Unit 410, Bedford, England, MK41 7PH
2026-10-01 04:06:07,837 [INFO] [ 39/50] Scraping: YOURCITYSAYSNO CIC (Co #12456573)
2026-10-01 04:06:09,822 [INFO]       Appointed Officer: EDWARDS-WATSON, Gemma Sarah (Director)
2026-10-01 04:06:09,822 [INFO]       Address:          3 Rusthall Close, Croydon, England, CR0 7YH
2026-10-01 04:06:11,961 [INFO] [ 40/50] Scraping: SHERFIELD ENGLISH FTTP (2) CIC (Co #12457566)
2026-10-01 04:06:13,258 [INFO]       Appointed Officer: HARTLEY, John Edward (Director)
2026-10-01 04:06:13,258 [INFO]       Address:          The Village Hall Salisbury Road, Sherfield English, Romsey, United Kingdom, SO51 6FL
2026-10-01 04:06:15,373 [INFO] [ 41/50] Scraping: MERTON PRIDE CIC (Co #12459178)
2026-10-01 04:06:16,420 [INFO]       Appointed Officer: LYSTER-TODD, George Patrick (Director)
2026-10-01 04:06:16,420 [INFO]       Address:          12a The Sanctuary Green Lane, Morden, England, SM4 5NX
2026-10-01 04:06:18,564 [INFO] [ 42/50] Scraping: NORTH DEVON SKATEBOARDING C.I.C. (Co #12459070)
2026-10-01 04:06:19,652 [INFO]       Appointed Officer: WALLIS, Stacey Jane (Director)
2026-10-01 04:06:19,653 [INFO]       Address:          10 Fairlynch Close, Braunton, England, EX33 1JB
2026-10-01 04:06:21,741 [INFO] [ 43/50] Scraping: ANKHA9 SOLUTIONS CIC (Co #12459176)
2026-10-01 04:06:23,219 [INFO]       Appointed Officer: LETTMAN, Robert Ray Anthony (Director)
2026-10-01 04:06:23,219 [INFO]       Address:          27 Old Gloucester Street, London, United Kingdom, WC1N 3AX
2026-10-01 04:06:25,312 [INFO] [ 44/50] Scraping: UNDER THE SURFACE CIC (Co #12459965)
2026-10-01 04:06:26,343 [INFO]       Appointed Officer: WALTON, Amy Jane (Director)
2026-10-01 04:06:26,344 [INFO]       Address:          23 Laburnum Way, Loughborough, England, LE11 2FB
2026-10-01 04:06:28,458 [INFO] [ 45/50] Scraping: BIRKENHEAD OLIVE TREE CIC (Co #12458864)
2026-10-01 04:06:29,562 [INFO]       Appointed Officer: LACY, Alison Mary, Dr (Director)
2026-10-01 04:06:29,562 [INFO]       Address:          30 Beacon Drive, Wirral, CH48 7ED
2026-10-01 04:06:31,661 [INFO] [ 46/50] Scraping: ROOTSCO CIC (Co #12461127)
2026-10-01 04:06:32,747 [INFO]       Appointed Officer: O'BRIEN, Harry (Secretary)
2026-10-01 04:06:32,747 [INFO]       Address:          27 Old Gloucester Street, London, United Kingdom, WC1N 3AX
2026-10-01 04:06:34,860 [INFO] [ 47/50] Scraping: HOOYO MA'AN CIC (Co #12461846)
2026-10-01 04:06:36,771 [INFO]       Appointed Officer: HERSI, Sahra (Director)
2026-10-01 04:06:36,771 [INFO]       Address:          1-5 Horsefair Street House, Leicester, England, LE1 5BP
2026-10-01 04:06:38,873 [INFO] [ 48/50] Scraping: DURHAM WOODLAND REVIVAL CIC (Co #12461842)
2026-10-01 04:06:49,150 [WARNING] Error fetching Companies House overview for #12461842: The read operation timed out
2026-10-01 04:06:49,696 [INFO]       Appointed Officer: DRAKE-BROCKMAN, Giles Richard (Director)
2026-10-01 04:06:49,696 [INFO]       Address:          2200
2026-10-01 04:06:51,794 [INFO] [ 49/50] Scraping: WOMEN AND GIRLS IN POLITICS CIC (Co #12462169)
2026-10-01 04:06:52,891 [INFO]       Appointed Officer: GIBSON, Barbara Ann, Dr. (Director)
2026-10-01 04:06:52,891 [INFO]       Address:          85 Great Portland Street, London, England, W1W 7LT
2026-10-01 04:06:54,984 [INFO] [ 50/50] Scraping: THE YOUNG LEADERS IMPACT HUB CIC (Co #12463371)
2026-10-01 04:07:05,265 [WARNING] Error fetching Companies House overview for #12463371: The read operation timed out
2026-10-01 04:07:05,825 [INFO]       Appointed Officer: BANIGO, Ibiere (Director)
2026-10-01 04:07:05,825 [INFO]       Address:          85590
2026-10-01 04:07:07,938 [INFO] ================================================================================
2026-10-01 04:07:07,938 [INFO] BATCH FINISHED: Processed 50 companies in 182.0s.
2026-10-01 04:07:07,938 [INFO] Total Cumulative Enriched: 1432 companies.
2026-10-01 04:07:07,938 [INFO] Updated CSV: enriched_uk_companies.csv
2026-10-01 04:07:07,938 [INFO] Updated Log: scraper.log
2026-10-01 04:07:07,938 [INFO] ================================================================================
2026-10-01 15:04:10,217 [INFO] ================================================================================
2026-10-01 15:04:10,217 [INFO] STARTING PRODUCTION UK COMPANIES HOUSE CONTACT SCRAPER
2026-10-01 15:04:10,217 [INFO] ================================================================================
2026-10-01 15:04:10,218 [INFO] Input Dataset:  Companies-House-search-results.csv
2026-10-01 15:04:10,218 [INFO] Output Dataset: enriched_uk_companies.csv
2026-10-01 15:04:10,218 [INFO] Batch Size:     50
2026-10-01 15:04:10,225 [INFO] Already processed in previous runs: 1432 companies
2026-10-01 15:04:10,248 [INFO] Total remaining companies to scrape: 3568
2026-10-01 15:04:10,248 [INFO] Processing next batch of 50 companies...

2026-10-01 15:04:10,248 [INFO] [  1/50] Scraping: BODY MIND BALANCE CIC (Co #12465680)
2026-10-01 15:04:11,458 [INFO]       Appointed Officer: ASPDEN, Michelle (Director)
2026-10-01 15:04:11,458 [INFO]       Address:          Ash-Tec House 277 Walthall Street, Crewe, Cheshire, CW2 7LE
2026-10-01 15:04:12,551 [INFO] [  2/50] Scraping: KICK MUSIC CIC (Co #12463129)
2026-10-01 15:04:13,730 [INFO]       Appointed Officer: BAILEY, Joe (Director)
2026-10-01 15:04:13,730 [INFO]       Address:          6 South Street, Ipswich, England, IP1 3NU
2026-10-01 15:04:14,817 [INFO] [  3/50] Scraping: CEPHEUS HOUSING C.I.C. (Co #12464242)
2026-10-01 15:04:15,927 [INFO]       Appointed Officer: COLOMB, Jason Mark (Director)
2026-10-01 15:04:15,927 [INFO]       Address:          74 Lambourne Drive, Maidenhead, Berkshire, SL6 3HG
2026-10-01 15:04:17,018 [INFO] [  4/50] Scraping: LIMITLESS - COMMUNITY HUB CIC (Co #12467310)
2026-10-01 15:04:18,143 [INFO]       Appointed Officer: ROBINSON, Martyn (Director)
2026-10-01 15:04:18,143 [INFO]       Address:          Unit 6 Cannon Street, Cannon Corner, Accrington, England, BB5 2ER
2026-10-01 15:04:19,219 [INFO] [  5/50] Scraping: WELLBEING TORBAY CIC (Co #12467807)
2026-10-01 15:04:20,341 [INFO]       Appointed Officer: OSBOURNE, Jessica Eugenie (Director)
2026-10-01 15:04:20,341 [INFO]       Address:          27 Belfield Close, Marldon, Paignton, England, TQ3 1NZ
2026-10-01 15:04:21,439 [INFO] [  6/50] Scraping: PUDDINGCAKE BROADBAND CIC (Co #12468154)
2026-10-01 15:04:22,609 [INFO]       Appointed Officer: HOMEWOOD, Jennifer Anne (Director)
2026-10-01 15:04:22,609 [INFO]       Address:          Solomons Farm Mounts Lane, Rolvenden, Cranbrook, England, TN17 4NX
2026-10-01 15:04:23,696 [INFO] [  7/50] Scraping: HEADSENSE COMMUNITY CIC (Co #12467370)
2026-10-01 15:04:24,698 [INFO]       Appointed Officer: MELLOR, Michelle Rose (Director)
2026-10-01 15:04:24,698 [INFO]       Address:          1 Chapel Cottages, Montford Bridge, Shrewsbury, England, SY4 1EY
2026-10-01 15:04:25,780 [INFO] [  8/50] Scraping: PEOPLE’S AID INTERNATIONAL CIC (Co #12467361)
2026-10-01 15:04:26,962 [INFO]       Appointed Officer: FIROZ, Jahangir (Director)
2026-10-01 15:04:26,962 [INFO]       Address:          67a Lynchford Road, Farnborough, England, GU14 6EJ
2026-10-01 15:04:28,038 [INFO] [  9/50] Scraping: NETWORK HOUSING PROJECT CIC (Co #12467400)
2026-10-01 15:04:29,145 [INFO]       Appointed Officer: ASLAM, Adeeba (Director)
2026-10-01 15:04:29,145 [INFO]       Address:          Suite 21 62 Tong Street, Bradford, West Yorkshire, United Kingdom, BD4 9LX
2026-10-01 15:04:30,222 [INFO] [ 10/50] Scraping: MAD HATTERS TEAROOMS AND BAKERY CIC (Co #12467374)
2026-10-01 15:04:31,297 [INFO]       Appointed Officer: ELSTON, Kerri Ann (Director)
2026-10-01 15:04:31,297 [INFO]       Address:          6th Floor Walker House, Exchange Flags, Liverpool, L2 3YL
2026-10-01 15:04:32,372 [INFO] [ 11/50] Scraping: GREEN LIVING CHORLEY COMMUNITY INTEREST COMPANY (Co #12468704)
2026-10-01 15:04:33,459 [INFO]       Appointed Officer: BELL, Rachelle Jade (Director)
2026-10-01 15:04:33,459 [INFO]       Address:          84 Bury Lane, Withnell, Chorley, England, PR6 8SD
2026-10-01 15:04:34,533 [INFO] [ 12/50] Scraping: BEDLINGTON COMMUNITY NETWORK CIC (Co #12472564)
2026-10-01 15:04:35,594 [INFO]       Appointed Officer: JORDAN, Lindsey (Director)
2026-10-01 15:04:35,594 [INFO]       Address:          19a Station Street, Bedlington, United Kingdom, NE22 7JN
2026-10-01 15:04:36,669 [INFO] [ 13/50] Scraping: B-WISE FOUNDATION CIC (Co #12470951)
2026-10-01 15:04:37,755 [INFO]       Appointed Officer: PETERS, Darrey (Secretary)
2026-10-01 15:04:37,755 [INFO]       Address:          142 Swanley Road, Welling, Kent, England, DA16 1LJ
2026-10-01 15:04:38,829 [INFO] [ 14/50] Scraping: ST HELENS IMPROVEMENT C.I.C. (Co #12471348)
2026-10-01 15:04:39,933 [INFO]       Appointed Officer: KENNEDY, Chris (Director)
2026-10-01 15:04:39,933 [INFO]       Address:          134 Chandlers Way, Sutton Manor, St. Helens, England, WA9 4TG
2026-10-01 15:04:41,058 [INFO] [ 15/50] Scraping: FAMILY IN MIND CIC (Co #12470153)
2026-10-01 15:04:42,267 [INFO]       Appointed Officer: AL-JANABI, Omar, Dr (Director)
2026-10-01 15:04:42,267 [INFO]       Address:          5 Bellevue Crescent, Cramlington, United Kingdom, NE23 3GX
2026-10-01 15:04:43,338 [INFO] [ 16/50] Scraping: EVENT LLAMA ENTERPRISES CIC (Co #12470468)
2026-10-01 15:04:44,647 [INFO]       Appointed Officer: STEWART, Robert Michael Justice (Director)
2026-10-01 15:04:44,647 [INFO]       Address:          27a Harley Place, London, England, W1G 8LZ
2026-10-01 15:04:45,723 [INFO] [ 17/50] Scraping: SENSATIONAL SCIENCE C.I.C. (Co #12474422)
2026-10-01 15:04:46,748 [INFO]       Appointed Officer: WILTSHIRE, Jade Helen (Director)
2026-10-01 15:04:46,748 [INFO]       Address:          16 The Keys, Hawkinge, Folkestone, Kent, England, CT18 7JQ
2026-10-01 15:04:47,850 [INFO] [ 18/50] Scraping: UNORDERLY CIC (Co #12477478)
2026-10-01 15:04:48,831 [INFO]       Appointed Officer: JAYE, Alexander Edward George (Director)
2026-10-01 15:04:48,831 [INFO]       Address:          Kemp House, 152 - 160 City Road, London, England, EC1V 2NX
2026-10-01 15:04:49,902 [INFO] [ 19/50] Scraping: DAIRY COURT DEMENTIA SERVICES CIC (Co #12482757)
2026-10-01 15:04:50,921 [INFO]       Appointed Officer: EL-SHAMMA, Kaye Gunner (Director)
2026-10-01 15:04:50,921 [INFO]       Address:          35 Gorham Drive, Downswood, Maidstone, England, ME15 8UU
2026-10-01 15:04:51,996 [INFO] [ 20/50] Scraping: BRISTOL VEHICLES FOR CHANGE CIC (Co #12483524)
2026-10-01 15:04:53,135 [INFO]       Appointed Officer: CRAFT, Rhiannon Katherine Anne (Director)
2026-10-01 15:04:53,135 [INFO]       Address:          The Jam Jar, Unit 4a, The Old Malt House, Little Ann Street, Bristol, England, BS2 9EB
2026-10-01 15:04:54,217 [INFO] [ 21/50] Scraping: HERITAGE WOOD SKILLS CIC (Co #12640318)
2026-10-01 15:04:55,470 [INFO]       Appointed Officer: GAUCHWIN, Paul (Director)
2026-10-01 15:04:55,470 [INFO]       Address:          Forest Farm Forest Farm, Liverpool Road, Prescot, Merseyside, United Kingdom, L34 1NR
2026-10-01 15:04:56,562 [INFO] [ 22/50] Scraping: MAPUNGUBWE BEREAVEMENT AND FUNERAL SUPPORT C.I.C. (Co #12641962)
2026-10-01 15:04:57,894 [INFO]       Appointed Officer: CHIRINDA, Tatshiwana (Director)
2026-10-01 15:04:57,894 [INFO]       Address:          89 Kings Road, Harrow, England, HA2 9LD
2026-10-01 15:04:58,973 [INFO] [ 23/50] Scraping: RPG KITCHEN CIC (Co #12641737)
2026-10-01 15:05:00,016 [INFO]       Appointed Officer: BROOKS, Adam Richard (Director)
2026-10-01 15:05:00,016 [INFO]       Address:          5 The Quay, St. Ives, England, PE27 5AR
2026-10-01 15:05:01,138 [INFO] [ 24/50] Scraping: 4 THE LOVE OF YOU CIC (Co #12641603)
2026-10-01 15:05:02,248 [INFO]       Appointed Officer: DINEEN, Bridgid Norah Eileen (Director)
2026-10-01 15:05:02,248 [INFO]       Address:          15 Balfe Street, Liverpool, England, L21 4NR
2026-10-01 15:05:03,320 [INFO] [ 25/50] Scraping: BIRCHTREE HOUSING CIC (Co #12643806)
2026-10-01 15:05:04,476 [INFO]       Appointed Officer: GUREL, Levent (Director)
2026-10-01 15:05:04,476 [INFO]       Address:          3b Sybil Mews, London, England, N4 1EP
2026-10-01 15:05:05,549 [INFO] [ 26/50] Scraping: POSITIVE STORIES CIC (Co #12644057)
2026-10-01 15:05:06,606 [INFO]       Appointed Officer: DE FRAGUIER, Niels (Director)
2026-10-01 15:05:06,606 [INFO]       Address:          101 Halliford Road, Sunbury-On-Thames, England, TW16 6DN
2026-10-01 15:05:08,178 [INFO] [ 27/50] Scraping: CHRONIC ILLNESS RESEARCH COMMUNITY CIC (Co #12643827)
2026-10-01 15:05:09,226 [INFO]       Appointed Officer: WILKES, Robina Natasha (Director)
2026-10-01 15:05:09,226 [INFO]       Address:          Unit 8 Springbank Farm Monument Farm Lane, Foxhall, Ipswich, England, IP10 0AQ
2026-10-01 15:05:11,289 [INFO] [ 28/50] Scraping: MY ECO PLEDGE C.I.C. (Co #12642095)
2026-10-01 15:05:12,287 [INFO]       Appointed Officer: TAVNER, Gillian (Director)
2026-10-01 15:05:12,287 [INFO]       Address:          63 Bisley Road, Stroud, England, GL5 1HF
2026-10-01 15:05:14,351 [INFO] [ 29/50] Scraping: BLOCK STEADY STUDIOS COMMUNITY INTEREST COMPANY (Co #12639223)
2026-10-01 15:05:15,423 [INFO]       Appointed Officer: FETTIS, Ruth Mary (Director)
2026-10-01 15:05:15,423 [INFO]       Address:          74 Sydenham Place, Bradford, England, BD3 0LA
2026-10-01 15:05:17,486 [INFO] [ 30/50] Scraping: INTEGRATED COMMUNITY UK CIC (Co #12643799)
2026-10-01 15:05:18,684 [INFO]       Appointed Officer: BROWN, Mark (Director)
2026-10-01 15:05:18,684 [INFO]       Address:          107 Greyhound Lane, London, England, SW16 5NW
2026-10-01 15:05:20,743 [INFO] [ 31/50] Scraping: RESTORATION OF HOPE CIC (Co #12639684)
2026-10-01 15:05:21,938 [INFO]       Appointed Officer: HURLEY, Dermot Denis (Director)
2026-10-01 15:05:21,938 [INFO]       Address:          178 Great Bridge Road, Bilston, England, WV14 8NQ
2026-10-01 15:05:23,998 [INFO] [ 32/50] Scraping: ETE SOLUTIONS CIC (Co #12645216)
2026-10-01 15:05:25,156 [INFO]       Appointed Officer: HARRISON, Mark Buckworth (Director)
2026-10-01 15:05:25,156 [INFO]       Address:          10 Kinmel Close, Redcar, England, TS10 2RY
2026-10-01 15:05:27,219 [INFO] [ 33/50] Scraping: BOSNIAN GENOCIDE EDUCATION CIC (Co #12659335)
2026-10-01 15:05:28,406 [INFO]       Appointed Officer: BESO, Smajo (Director)
2026-10-01 15:05:28,406 [INFO]       Address:          35 Cragside, Newcastle Upon Tyne, United Kingdom, NE7 7EJ
2026-10-01 15:05:30,529 [INFO] [ 34/50] Scraping: YALLA ARTS CIC (Co #12661213)
2026-10-01 15:05:31,688 [INFO]       Appointed Officer: ABDULLA, Aqeel, Dr (Director)
2026-10-01 15:05:31,688 [INFO]       Address:          20 Clifton Street, Exeter, England, EX1 2EH
2026-10-01 15:05:33,748 [INFO] [ 35/50] Scraping: RISEMEUP COMMUNITY INTEREST COMPANY (Co #12662114)
2026-10-01 15:05:34,875 [INFO]       Appointed Officer: FAKHOURI, Hani (Director)
2026-10-01 15:05:34,875 [INFO]       Address:          2 Rosecroft Gardens, London, England, NW2 6HX
2026-10-01 15:05:36,944 [INFO] [ 36/50] Scraping: NORDY C.I.C. (Co #12662306)
2026-10-01 15:05:38,056 [INFO]       Appointed Officer: SCHILLINGER, Nora (Director)
2026-10-01 15:05:38,056 [INFO]       Address:          17 Hadleigh Walk Hadleigh Walk, London, England, E6 5SA
2026-10-01 15:05:40,138 [INFO] [ 37/50] Scraping: INDEPENDENT WOMEN AND CHILDREN GROUP CIC (Co #12664578)
2026-10-01 15:05:41,238 [INFO]       Appointed Officer: FYFIELD, Irene (Secretary)
2026-10-01 15:05:41,238 [INFO]       Address:          98 Brander Road, Leeds, England, LS9 6RA
2026-10-01 15:05:43,302 [INFO] [ 38/50] Scraping: BEVERLEY AND AIMEE'S BORN SLEEPING BLESSINGS C.I.C. (Co #12667689)
2026-10-01 15:05:44,506 [INFO]       Appointed Officer: BLACK, Phillip John (Director)
2026-10-01 15:05:44,506 [INFO]       Address:          46 Masefield Avenue, Widnes, England, WA8 7BH
2026-10-01 15:05:46,573 [INFO] [ 39/50] Scraping: CLEAN-TECH REPUBLIK CIC (Co #12669908)
2026-10-01 15:05:47,629 [INFO]       Appointed Officer: MALIK, Hira Wajahat (Director)
2026-10-01 15:05:47,629 [INFO]       Address:          63-66 Hatton Garden, London, England, EC1N 8LE
2026-10-01 15:05:49,699 [INFO] [ 40/50] Scraping: HAPPY HOCKEY CIC (Co #12669006)
2026-10-01 15:05:50,831 [INFO]       Appointed Officer: THOMAS, Peter David (Director)
2026-10-01 15:05:50,831 [INFO]       Address:          32 Mallard Way, Henfield, England, BN5 9HF
2026-10-01 15:05:52,896 [INFO] [ 41/50] Scraping: BLACKTHORNE CONSULTANCY CIC (Co #12669532)
2026-10-01 15:05:53,926 [INFO]       Appointed Officer: WHITTAKER, Gemma Louise (Director)
2026-10-01 15:05:53,926 [INFO]       Address:          51 Lord Street, Manchester, England, M3 1HE
2026-10-01 15:05:55,988 [INFO] [ 42/50] Scraping: RADICAL TRANSPARENCY UK COMMUNITY INTEREST COMPANY (Co #12668492)
2026-10-01 15:05:57,290 [INFO]       Appointed Officer: TAYLOR, Andrew (Director)
2026-10-01 15:05:57,290 [INFO]       Address:          2 Talbot Road, Fallowfield, Manchester, England, M14 6TB
2026-10-01 15:05:59,355 [INFO] [ 43/50] Scraping: AWAAZ C.I.C. (Co #12673179)
2026-10-01 15:06:00,486 [INFO]       Appointed Officer: SINGH, Jatinder (Director)
2026-10-01 15:06:00,486 [INFO]       Address:          23 Burns Way, Hounslow, England, TW5 9BL
2026-10-01 15:06:02,552 [INFO] [ 44/50] Scraping: INFRATIVITY GLOBAL DEVELOPMENT CIC (Co #12673590)
2026-10-01 15:06:03,618 [INFO]       Appointed Officer: SHIRWANI, Hassan Muhamid (Director)
2026-10-01 15:06:03,618 [INFO]       Address:          4 Heyward Court, Overton Road, Sutton, England, SM2 6JY
2026-10-01 15:06:05,683 [INFO] [ 45/50] Scraping: YSYS COMMUNITY CIC (Co #12672683)
2026-10-01 15:06:06,744 [INFO]       Appointed Officer: OKENLA, Deborah Olubusola (Director)
2026-10-01 15:06:06,744 [INFO]       Address:          70 Wilson Street, London, England, EC2A 2DB
2026-10-01 15:06:08,803 [INFO] [ 46/50] Scraping: THE CHARACTER TREE CIC (Co #12673640)
2026-10-01 15:06:09,976 [INFO]       Appointed Officer: BOND, Gemma Victoria (Director)
2026-10-01 15:06:09,976 [INFO]       Address:          23 Penare Road, Penzance, England, TR18 3AJ
2026-10-01 15:06:12,044 [INFO] [ 47/50] Scraping: WALSALL FRESH CIC (Co #12672353)
2026-10-01 15:06:13,140 [INFO]       Appointed Officer: KAUR, Jagjit (Director)
2026-10-01 15:06:13,140 [INFO]       Address:          28 New Forest Road, Walsall, England, WS3 1TR
2026-10-01 15:06:15,210 [INFO] [ 48/50] Scraping: PINNACLE EMPLOYMENT SKILLS CIC (Co #12675716)
2026-10-01 15:06:16,396 [INFO]       Appointed Officer: MCPARTLAND, Wayne (Director)
2026-10-01 15:06:16,396 [INFO]       Address:          82 Salisbury Avenue, Bootle, England, L30 1PZ
2026-10-01 15:06:18,458 [INFO] [ 49/50] Scraping: AUSTIN LODGE COMMUNITY BROADBAND CIC (Co #12675396)
2026-10-01 15:06:19,600 [INFO]       Appointed Officer: ALEXANDER, William (Director)
2026-10-01 15:06:19,600 [INFO]       Address:          Upper Austin Lodge Farmhouse Upper Austin Lodge Road, Eynsford, Dartford, England, DA4 0HU
2026-10-01 15:06:21,661 [INFO] [ 50/50] Scraping: WITNEY CLIMATE COMMUNITY CIC (Co #12675392)
2026-10-01 15:06:22,802 [INFO]       Appointed Officer: POPPLESTONE, Harry Anthony (Secretary)
2026-10-01 15:06:22,802 [INFO]       Address:          27 Woodgreen, Witney, England, OX28 1DG
2026-10-01 15:06:24,899 [INFO] ================================================================================
2026-10-01 15:06:24,899 [INFO] BATCH FINISHED: Processed 50 companies in 134.7s.
2026-10-01 15:06:24,899 [INFO] Total Cumulative Enriched: 1482 companies.
2026-10-01 15:06:24,900 [INFO] Updated CSV: enriched_uk_companies.csv
2026-10-01 15:06:24,900 [INFO] Updated Log: scraper.log
2026-10-01 15:06:24,900 [INFO] ================================================================================
2026-10-01 20:46:55,591 [INFO] ================================================================================
2026-10-01 20:46:55,591 [INFO] STARTING PRODUCTION UK COMPANIES HOUSE CONTACT SCRAPER
2026-10-01 20:46:55,591 [INFO] ================================================================================
2026-10-01 20:46:55,591 [INFO] Input Dataset:  Companies-House-search-results.csv
2026-10-01 20:46:55,591 [INFO] Output Dataset: enriched_uk_companies.csv
2026-10-01 20:46:55,591 [INFO] Batch Size:     50
2026-10-01 20:46:55,598 [INFO] Already processed in previous runs: 1482 companies
2026-10-01 20:46:55,621 [INFO] Total remaining companies to scrape: 3518
2026-10-01 20:46:55,621 [INFO] Processing next batch of 50 companies...

2026-10-01 20:46:55,621 [INFO] [  1/50] Scraping: EL-BETHEL CHURCH C.I.C. (Co #12675782)
2026-10-01 20:46:57,161 [INFO]       Appointed Officer: KENGE, Belinda Malonda (Secretary)
2026-10-01 20:46:57,161 [INFO]       Address:          First Floor 48 Lord Street, Manchester, United Kingdom, M3 1HN
2026-10-01 20:47:00,107 [INFO]    [PHONE]   03452223336
2026-10-01 20:47:00,107 [INFO]    [EMAIL]   service@eden.co.uk
2026-10-01 20:47:00,107 [INFO]    [WEBSITE] https://www.eden.co.uk/o/el-bethel-church
2026-10-01 20:47:01,108 [INFO] [  2/50] Scraping: SMOKE CITY PUBLISHING CIC (Co #12675738)
2026-10-01 20:47:02,746 [INFO]       Appointed Officer: LOWE, Anthony (Director)
2026-10-01 20:47:02,746 [INFO]       Address:          Unit 18 Hadley Hall, Lynwood Grove, London, England, N21 3JP
2026-10-01 20:47:04,030 [INFO] [  3/50] Scraping: GIGABIT RURAL COMMUNITIES WALES CIC (Co #12677974)
2026-10-01 20:47:05,546 [INFO]       Appointed Officer: BOWMAN, Martin David (Director)
2026-10-01 20:47:05,546 [INFO]       Address:          3b Hall Street, Carmarthen, Wales, SA31 1PH
2026-10-01 20:47:06,801 [INFO] [  4/50] Scraping: GENERATIONHELP CIC (Co #12676865)
2026-10-01 20:47:08,308 [INFO]       Appointed Officer: HARVEY, William Douglas (Director)
2026-10-01 20:47:08,308 [INFO]       Address:          63 Gresham Gardens, London, England, NW11 8PA
2026-10-01 20:47:09,569 [INFO] [  5/50] Scraping: COMMUNITY CHOCOLATE CIC (Co #12678670)
2026-10-01 20:47:10,931 [INFO]       Appointed Officer: LOWE, Eva Adva (Director)
2026-10-01 20:47:10,932 [INFO]       Address:          18 West Meade, Prestwich, Manchester, England, M25 0JD
2026-10-01 20:47:12,190 [INFO] [  6/50] Scraping: MEMORY FIRST AID INTERNATIONAL CIC (Co #12677371)
2026-10-01 20:47:13,915 [INFO]       Appointed Officer: JHA, Meena Rani (Secretary)
2026-10-01 20:47:13,915 [INFO]       Address:          20 Barncroft Way, St. Albans, England, AL1 5QZ
2026-10-01 20:47:15,175 [INFO] [  7/50] Scraping: BLYTH VALLEY WHIZZER CIC (Co #12678753)
2026-10-01 20:47:16,536 [INFO]       Appointed Officer: BEAVAN, David (Director)
2026-10-01 20:47:16,536 [INFO]       Address:          2 Victoria Street, Southwold, England, IP18 6HZ
2026-10-01 20:47:17,795 [INFO] [  8/50] Scraping: RESHAPE CO. CIC (Co #12686208)
2026-10-01 20:47:19,146 [INFO]       Appointed Officer: CHACKO, Ashwin Mathew (Director)
2026-10-01 20:47:19,146 [INFO]       Address:          10 Moor Lane, Flitwick, Bedford, England, MK45 5BB
2026-10-01 20:47:20,409 [INFO] [  9/50] Scraping: LL YOUTH SERVICES CIC (Co #12686431)
2026-10-01 20:47:21,898 [INFO]       Appointed Officer: ROBINSON-DOUGLAS, Charlene (Director)
2026-10-01 20:47:21,898 [INFO]       Address:          53a Thornsbeach Road, London, England, SE6 1DZ
2026-10-01 20:47:23,155 [INFO] [ 10/50] Scraping: BIKES AND TRIKES CARE RIDERS CIC (Co #12698667)
2026-10-01 20:47:24,522 [INFO]       Appointed Officer: DUNLOP, Theresa Anne (Director)
2026-10-01 20:47:24,522 [INFO]       Address:          The Warehouse, Mill Road, Barnstaple, England, EX31 1JQ
2026-10-01 20:47:25,781 [INFO] [ 11/50] Scraping: BLESS COMMUNITY SERVICES CIC (Co #12700105)
2026-10-01 20:47:27,268 [INFO]       Appointed Officer: EDWARDS-CONNOR, Tracey Ann (Secretary)
2026-10-01 20:47:27,268 [INFO]       Address:          30 Elder Drive, Upton, Pontefract, England, WF9 1NX
2026-10-01 20:47:28,526 [INFO] [ 12/50] Scraping: Z GENERATION COMMUNITY INTEREST COMPANY (Co #12701331)
2026-10-01 20:47:30,025 [INFO]       Appointed Officer: LITCHMORE, Karen Rosalind (Secretary)
2026-10-01 20:47:30,025 [INFO]       Address:          International House, 24 Holborn Viaduct, London, United Kingdom, EC1A 2BN
2026-10-01 20:47:31,301 [INFO] [ 13/50] Scraping: BREAK-FOR-LIFE C.I.C. (Co #12005679)
2026-10-01 20:47:32,880 [INFO]       Appointed Officer: BOWN, Tony (Director)
2026-10-01 20:47:32,880 [INFO]       Address:          3 Lawrence Close, Basingstoke, Hampshire, RG24 9DP
2026-10-01 20:47:34,136 [INFO] [ 14/50] Scraping: CELEBRATE GIVING C.I.C. (Co #12006341)
2026-10-01 20:47:35,580 [INFO]       Appointed Officer: ALANIZI, Mohammed (Director)
2026-10-01 20:47:35,580 [INFO]       Address:          International House, 142 Cromwell Road, London, England, SW7 4EF
2026-10-01 20:47:36,840 [INFO] [ 15/50] Scraping: CYCLE TO HEALTH CIC (Co #12006360)
2026-10-01 20:47:38,334 [INFO]       Appointed Officer: HENRY, Samuel Oliver (Director)
2026-10-01 20:47:38,334 [INFO]       Address:          Wolverhampton Science Park No Limits To Health, Pa103, Wolverhampton, West Midlands, England, WV10 9RU
2026-10-01 20:47:39,599 [INFO] [ 16/50] Scraping: BIRMINGHAM DANCE THEATRE C.I.C. (Co #12006374)
2026-10-01 20:47:41,155 [INFO]       Appointed Officer: COWAN, Annalise Audrey (Secretary)
2026-10-01 20:47:41,155 [INFO]       Address:          237 Liberty Place, 26- 38 Sheepcote Street, Birmingham, West Midlands, England, B16 8JZ
2026-10-01 20:47:42,415 [INFO] [ 17/50] Scraping: TO DI WORLD GIRLS CIC (Co #12006715)
2026-10-01 20:47:44,002 [INFO]       Appointed Officer: SMITH, Renee Dennika, Ms. (Director)
2026-10-01 20:47:44,002 [INFO]       Address:          21 O'Leary Street, Warrington, England, WA2 7RQ
2026-10-01 20:47:45,266 [INFO] [ 18/50] Scraping: TRANS H.Y.P.E STUDIOS & PRODUCTIONS CIC (Co #12006789)
2026-10-01 20:47:46,697 [INFO]       Appointed Officer: CLARKE, Malcolm O'Brian, Mr. (Director)
2026-10-01 20:47:46,697 [INFO]       Address:          29 Perronet House Princess Street, London, England, SE1 6JR
2026-10-01 20:47:47,958 [INFO] [ 19/50] Scraping: SAFE GIVING NAVIGATOR CIC (Co #12007414)
2026-10-01 20:47:49,417 [INFO]       Appointed Officer: AL-JANABI, Halah (Director)
2026-10-01 20:47:49,417 [INFO]       Address:          32 Longridge Lane, Dormers Wells, Southall, United Kingdom, UB1 3JH
2026-10-01 20:47:50,680 [INFO] [ 20/50] Scraping: PHOENIX SOCIAL VENTURES CIC (Co #12009737)
2026-10-01 20:47:52,262 [INFO]       Appointed Officer: MARONER, Ryan (Director)
2026-10-01 20:47:52,262 [INFO]       Address:          137 Wellington Road, Enfield, England, EN1 2RS
2026-10-01 20:47:53,522 [INFO] [ 21/50] Scraping: PROSPER ACADEMICS CIC (Co #12009481)
2026-10-01 20:47:54,931 [INFO]       Appointed Officer: AYYAZ, Qaisar (Secretary)
2026-10-01 20:47:54,931 [INFO]       Address:          387 Little Horton Lane, Bradford, England, BD5 0LG
2026-10-01 20:47:56,187 [INFO] [ 22/50] Scraping: F.C. 2019 GOTHENHEIM COMMUNITY INTEREST COMPANY (Co #12009116)
2026-10-01 20:47:57,930 [INFO]       Appointed Officer: VALENZANO, Donna (Secretary)
2026-10-01 20:47:57,930 [INFO]       Address:          60 Kings Road, Caversham, Reading, RG4 8DT
2026-10-01 20:47:59,193 [INFO] [ 23/50] Scraping: STYRING HEALTH COMMUNITY INTEREST COMPANY (Co #12012093)
2026-10-01 20:48:00,661 [INFO]       Appointed Officer: CRAWSHAW, Alexander David (Director)
2026-10-01 20:48:00,661 [INFO]       Address:          33 Church Drive, Ravenshead, Nottingham, United Kingdom, NG15 9FG
2026-10-01 20:48:01,928 [INFO] [ 24/50] Scraping: SOCIO-AD.LIBS CIC (Co #12012953)
2026-10-01 20:48:03,526 [INFO]       Appointed Officer: MOYO, Yazanani Gynel (Director)
2026-10-01 20:48:03,526 [INFO]       Address:          Flat 310 Equiano House 17 Lett Road, Stockwell, London, United Kingdom, SW9 0AQ
2026-10-01 20:48:04,795 [INFO] [ 25/50] Scraping: IMPACT 4 ACTION CIC (Co #12015276)
2026-10-01 20:48:06,161 [INFO]       Appointed Officer: COYLE, Daniel Sean (Director)
2026-10-01 20:48:06,161 [INFO]       Address:          7 James Court, Liverpool, England, L25 8TJ
2026-10-01 20:48:07,427 [INFO] [ 26/50] Scraping: OBJEKTIVA CIC (Co #12019946)
2026-10-01 20:48:08,844 [INFO]       Appointed Officer: RAVALOSON, Misitia (Director)
2026-10-01 20:48:08,844 [INFO]       Address:          Flat 3 2 Harvey Road, Bournemouth, United Kingdom, BH5 2AD
2026-10-01 20:48:10,124 [INFO] [ 27/50] Scraping: EXTRA EXTRAS CIC (Co #12023313)
2026-10-01 20:48:11,639 [INFO]       Appointed Officer: COOK, Tamzin (Director)
2026-10-01 20:48:11,639 [INFO]       Address:          8a Travers Road, London, England, N7 7PR
2026-10-01 20:48:13,845 [INFO] [ 28/50] Scraping: ME FIT TRAINING CIC (Co #12022854)
2026-10-01 20:48:15,633 [INFO]       Appointed Officer: ADCOCK, Caroline Rosena (Director)
2026-10-01 20:48:15,634 [INFO]       Address:          April Cottage 3 Deans Road, Alfriston, Polegate, East Sussex, BN26 5XR
2026-10-01 20:48:17,837 [INFO] [ 29/50] Scraping: MERTHYR CERAMIC AND GLASS STUDIO CIC (Co #12024994)
2026-10-01 20:48:19,688 [INFO]       Appointed Officer: JONES, Jacqueline Mary (Director)
2026-10-01 20:48:19,689 [INFO]       Address:          17-21 Penydre, Merthyr Tydfil, Merthyr Tydfil, United Kingdom, CF48 9DY
2026-10-01 20:48:21,893 [INFO] [ 30/50] Scraping: ART4VISION CIC (Co #12025048)
2026-10-01 20:48:23,485 [INFO]       Appointed Officer: MARTINEZ ZARATE, Luisa (Secretary)
2026-10-01 20:48:23,485 [INFO]       Address:          64 Hertford Road Hertford Road, London, England, N1 5AE
2026-10-01 20:48:25,689 [INFO] [ 31/50] Scraping: ASSOCIATION OF PROFESSIONAL FUND INVESTORS C.I.C. (Co #12030238)
2026-10-01 20:48:27,215 [INFO]       Appointed Officer: GAVELAS, Katy (Secretary)
2026-10-01 20:48:27,215 [INFO]       Address:          Aurora House, 71-75 Uxbridge Road, London, United Kingdom, W5 5SL
2026-10-01 20:48:29,431 [INFO] [ 32/50] Scraping: LEAPFROG LILYPAD CIC (Co #12032789)
2026-10-01 20:48:30,880 [INFO]       Appointed Officer: HANRATTY, Claire Louise (Director)
2026-10-01 20:48:30,880 [INFO]       Address:          7-14 Great Dover Street, London, United Kingdom, SE1 4YR
2026-10-01 20:48:33,091 [INFO] [ 33/50] Scraping: CC-STUDIO CIC (Co #12033744)
2026-10-01 20:48:34,448 [INFO]       Appointed Officer: JEWELL, Jonathan (Secretary)
2026-10-01 20:48:34,448 [INFO]       Address:          86 Brookside Road, Barnet, London, United Kingdom, NW11 9NG
2026-10-01 20:48:36,650 [INFO] [ 34/50] Scraping: I AM THAT CHRISTIAN GIRL CIC (Co #12032792)
2026-10-01 20:48:38,180 [INFO]       Appointed Officer: DIN-GABISI, Natasha (Director)
2026-10-01 20:48:38,180 [INFO]       Address:          4th Floor Silverstream House, 45 Fitzroy Street, Fitzrovia, London, W1T 6EB
2026-10-01 20:48:40,387 [INFO] [ 35/50] Scraping: ACT FOR EARTH COMMUNITY INTEREST COMPANY (Co #12032335)
2026-10-01 20:48:41,715 [INFO]       Appointed Officer: GORMLEY, Kerry (Director)
2026-10-01 20:48:41,715 [INFO]       Address:          4 Station Road, Huncoat Village, Accrington, Lancashire, BB5 6LS
2026-10-01 20:48:43,918 [INFO] [ 36/50] Scraping: QUALITYFORLIFE CIC (Co #12037798)
2026-10-01 20:48:45,255 [INFO]       Appointed Officer: RAI, Jayanti (Secretary)
2026-10-01 20:48:45,255 [INFO]       Address:          125 Hurst Road, Kennington, Ashford, TN24 9RL
2026-10-01 20:48:47,463 [INFO] [ 37/50] Scraping: DANCE SPACE PROJECTS CIC (Co #12037978)
2026-10-01 20:48:49,305 [INFO]       Appointed Officer: CUZZIOL, Gianfranco (Director)
2026-10-01 20:48:49,305 [INFO]       Address:          74 York Dance Space, Fifth Avenue, York, United Kingdom, YO31 0XA
2026-10-01 20:48:51,509 [INFO] [ 38/50] Scraping: LES PAPAS RESPONSABLES CIC (Co #12038935)
2026-10-01 20:48:52,999 [INFO]       Appointed Officer: DI-NTIMANSIEMI, Hugues (Secretary)
2026-10-01 20:48:52,999 [INFO]       Address:          701-703 High Road, London, United Kingdom, N17 8AD
2026-10-01 20:48:55,201 [INFO] [ 39/50] Scraping: A.S.P.E.C.T.S (STAFFS) CIC (Co #12039438)
2026-10-01 20:48:56,755 [INFO]       Appointed Officer: HARPER, Paul (Director)
2026-10-01 20:48:56,755 [INFO]       Address:          17-19 Leek Road, Cheadle, Stoke-On-Trent, England, ST10 1JE
2026-10-01 20:48:58,970 [INFO] [ 40/50] Scraping: HOPE CORNWALL CIC (Co #12042628)
2026-10-01 20:49:00,541 [INFO]       Appointed Officer: HAWKINS, Emily-Jo (Director)
2026-10-01 20:49:00,541 [INFO]       Address:          3 The Meadows, St. Dennis, St. Austell, Cornwall, PL26 8DR
2026-10-01 20:49:02,743 [INFO] [ 41/50] Scraping: THY HELPER CIC (Co #12043057)
2026-10-01 20:49:04,077 [INFO]       Appointed Officer: EKHONMUN, Patrick Ituabhor (Director)
2026-10-01 20:49:04,077 [INFO]       Address:          4 Heatfield Road Ashford, Heathfield Road, Ashford, England, TN24 8QD
2026-10-01 20:49:06,295 [INFO] [ 42/50] Scraping: GRIND SOCIAL C.I.C. (Co #12055141)
2026-10-01 20:49:07,897 [INFO]       Appointed Officer: ALLISON, Jordan Delano (Director)
2026-10-01 20:49:07,897 [INFO]       Address:          24 Leyburn Close, Woodley, Reading, England, RG5 4PX
2026-10-01 20:49:10,109 [INFO] [ 43/50] Scraping: SOUND WOMEN NETWORK CIC (Co #12055136)
2026-10-01 20:49:11,622 [INFO]       Appointed Officer: CONGDON, Miranda Elizabeth (Director)
2026-10-01 20:49:11,622 [INFO]       Address:          48 Kenn Road, Clevedon, England, BS21 6EW
2026-10-01 20:49:13,834 [INFO] [ 44/50] Scraping: MAXILLOFACIAL IMPLANTOLOGY AND COSMETOLOGY COMMUNITY INTEREST COMPANY (Co #12055315)
2026-10-01 20:49:15,290 [INFO]       Appointed Officer: DAS, Sarat Chandra (Director)
2026-10-01 20:49:15,290 [INFO]       Address:          Chg 709, Cgh, 246, Romford Road, London, United Kingdom, E7 9HZ
2026-10-01 20:49:17,500 [INFO] [ 45/50] Scraping: COMMUNITY RANGER SERVICE C.I.C. (Co #12054119)
2026-10-01 20:49:18,959 [INFO]       Appointed Officer: ROBERTS, Daniel (Director)
2026-10-01 20:49:18,959 [INFO]       Address:          PO Box 008EP, Store First Stanney Mill Road, Little Stanney, Chester, England, CH2 4HX
2026-10-01 20:49:21,161 [INFO] [ 46/50] Scraping: LADDR DEVELOPMENTS CIC (Co #12055140)
2026-10-01 20:49:22,597 [INFO]       Appointed Officer: WILLIAMS, George (Director)
2026-10-01 20:49:22,597 [INFO]       Address:          Flat 3, 118 Brixton Hill Brixton Hill, London, England, SW2 1RS
2026-10-01 20:49:24,802 [INFO] [ 47/50] Scraping: REBELYON C.I.C. (Co #12055196)
2026-10-01 20:49:26,176 [INFO]       Appointed Officer: FRITH, Ann Elizabeth (Secretary)
2026-10-01 20:49:26,176 [INFO]       Address:          Flat 12 Valentine Row, London, England, SE1 8BN
2026-10-01 20:49:28,384 [INFO] [ 48/50] Scraping: NO WHEY! CIC (Co #12058546)
2026-10-01 20:49:29,854 [INFO]       Appointed Officer: GRAHAM, Fiona (Director)
2026-10-01 20:49:29,854 [INFO]       Address:          104 Knighton Road, Plymouth, England, PL4 9DA
2026-10-01 20:49:32,070 [INFO] [ 49/50] Scraping: INRYEDALE CIC (Co #11421461)
2026-10-01 20:49:33,531 [INFO]       Appointed Officer: ALDRICH, Marcus Lee (Director)
2026-10-01 20:49:33,531 [INFO]       Address:          Wold View Scarborough Road, Norton, Malton, North Yorkshire, YO17 8EE
2026-10-01 20:49:35,744 [INFO] [ 50/50] Scraping: FRENCH PEDAGOGY SOLUTIONS CIC (Co #11422977)
2026-10-01 20:49:37,344 [INFO]       Appointed Officer: RABARIJAONA, Jean-Luc (Secretary)
2026-10-01 20:49:37,344 [INFO]       Address:          8 Alcester Road, Gatley, Manchester, SK8 4PG
2026-10-01 20:49:39,574 [INFO] ================================================================================
2026-10-01 20:49:39,574 [INFO] BATCH FINISHED: Processed 50 companies in 164.0s.
2026-10-01 20:49:39,574 [INFO] Total Cumulative Enriched: 1532 companies.
2026-10-01 20:49:39,574 [INFO] Updated CSV: enriched_uk_companies.csv
2026-10-01 20:49:39,575 [INFO] Updated Log: scraper.log
2026-10-01 20:49:39,575 [INFO] ================================================================================
2026-10-02 03:59:12,519 [INFO] ================================================================================
2026-10-02 03:59:12,520 [INFO] STARTING PRODUCTION UK COMPANIES HOUSE CONTACT SCRAPER
2026-10-02 03:59:12,520 [INFO] ================================================================================
2026-10-02 03:59:12,520 [INFO] Input Dataset:  Companies-House-search-results.csv
2026-10-02 03:59:12,520 [INFO] Output Dataset: enriched_uk_companies.csv
2026-10-02 03:59:12,520 [INFO] Batch Size:     50
2026-10-02 03:59:12,527 [INFO] Already processed in previous runs: 1532 companies
2026-10-02 03:59:12,550 [INFO] Total remaining companies to scrape: 3468
2026-10-02 03:59:12,550 [INFO] Processing next batch of 50 companies...

2026-10-02 03:59:12,550 [INFO] [  1/50] Scraping: WE EMBRACE CIC (Co #11424400)
2026-10-02 03:59:14,216 [INFO]       Appointed Officer: MCPHERSON, Andrea (Director)
2026-10-02 03:59:14,217 [INFO]       Address:          29 Albemarle Avenue, Hartford, Northwich, Cheshire, CW8 1HU
2026-10-02 03:59:17,829 [INFO]    [EMAIL]   contact@weembrace.org.uk
2026-10-02 03:59:17,829 [INFO]    [WEBSITE] https://weembrace.org.uk/
2026-10-02 03:59:18,830 [INFO] [  2/50] Scraping: THIS KID CAN CIC (Co #11434525)
2026-10-02 03:59:20,450 [INFO]       Appointed Officer: ESCUDIER, Paul (Director)
2026-10-02 03:59:20,450 [INFO]       Address:          Unit 12 The Triangle, Frinton On Sea, Essex, CO13 0AU
2026-10-02 03:59:21,826 [INFO] [  3/50] Scraping: CWMBRAN HELPERS CWMNI BUDDIANT CYMUNEDOL (Co #11435847)
2026-10-02 03:59:23,468 [INFO]       Appointed Officer: PEEL, Stephen John (Secretary)
2026-10-02 03:59:23,468 [INFO]       Address:          Croes Hywel, Old Monmouth Road, Abergavenny, Wales, NP7 8BS
2026-10-02 03:59:24,801 [INFO] [  4/50] Scraping: ALL THINGS HORTI CIC (Co #11437725)
2026-10-02 03:59:26,459 [INFO]       Appointed Officer: FELLOWS, Helen Jean (Secretary)
2026-10-02 03:59:26,459 [INFO]       Address:          124 Kings Tamerton Road, Plymouth, Devon, PL5 2BW
2026-10-02 03:59:27,791 [INFO] [  5/50] Scraping: POSITIVE DESTINY FOUNDATION TRUST CIC (Co #11438709)
2026-10-02 03:59:29,353 [INFO]       Appointed Officer: ZAHWE, Kundayi Takudzwa (Secretary)
2026-10-02 03:59:29,353 [INFO]       Address:          28 Kingfisher Drive, Ham, Richmond, Surrey, TW10 7UD
2026-10-02 03:59:30,676 [INFO] [  6/50] Scraping: WROTHAM BOWLS CLUB CIC (Co #11441653)
2026-10-02 03:59:32,310 [INFO]       Appointed Officer: FARDELL, Linda Ann (Secretary)
2026-10-02 03:59:32,310 [INFO]       Address:          Grove Cottage Wrotham Hill Road, Wrotham, Kent, United Kingdom, TN15 7PU
2026-10-02 03:59:33,633 [INFO] [  7/50] Scraping: WOMEN OF IMPACT COMMUNITY INTEREST COMPANY (Co #11440862)
2026-10-02 03:59:35,108 [INFO]       Appointed Officer: MURPHY, Anthony (Director)
2026-10-02 03:59:35,109 [INFO]       Address:          Level 1 White Collar Factory, 1 Old Street Yard, London, England, EC1Y 8AF
2026-10-02 03:59:36,422 [INFO] [  8/50] Scraping: KALEIDOSOCIAL ENTERPRISES C.I.C. (Co #11466709)
2026-10-02 03:59:37,896 [INFO]       Appointed Officer: GILL, Karis Anna Louise (Director)
2026-10-02 03:59:37,896 [INFO]       Address:          Kemp House 152 - 160, City Road, London, United Kingdom, EC1V 2NX
2026-10-02 03:59:39,284 [INFO] [  9/50] Scraping: NE32 MEDIA HUB COMMUNITY INTEREST COMPANY (Co #11470728)
2026-10-02 03:59:40,892 [INFO]       Appointed Officer: LAKE, Daniel David (Secretary)
2026-10-02 03:59:40,892 [INFO]       Address:          Bilton Hall Community Trust Taunton Avenue, Jarrow, North Tyneside, Tyne And Wear, NE32 3RT
2026-10-02 03:59:42,213 [INFO] [ 10/50] Scraping: TORBAY SEND HUB CIC (Co #11474987)
2026-10-02 03:59:43,852 [INFO]       Appointed Officer: MAGUIRE, Tammy Judith (Director)
2026-10-02 03:59:43,852 [INFO]       Address:          Office 28/29 Castle Circus House 136 Union Street, Torquay, Devon, TQ2 5QG
2026-10-02 03:59:45,166 [INFO] [ 11/50] Scraping: GOLDEN SPARKLE INTERNATIONAL C.I.C. (Co #11478756)
2026-10-02 03:59:46,839 [INFO]       Appointed Officer: RICHARDS, Karina Kaora (Director)
2026-10-02 03:59:46,839 [INFO]       Address:          23 Avoca Court Moseley Road, Digbeth, Birmingham, West Midlands, United Kingdom, B12 0HJ
2026-10-02 03:59:48,152 [INFO] [ 12/50] Scraping: RED CALL BOX CIC (Co #11480782)
2026-10-02 03:59:49,629 [INFO]       Appointed Officer: BLENCOWE, Amanda Michelle (Director)
2026-10-02 03:59:49,629 [INFO]       Address:          Trims Cottage 52 Newtown, Tisbury, Salisbury, Wiltshire, SP3 6NY
2026-10-02 03:59:50,957 [INFO] [ 13/50] Scraping: LET'S JUST IMAGINE CIC (Co #11689888)
2026-10-02 03:59:52,460 [INFO]       Appointed Officer: SMITH, Emma Louise (Director)
2026-10-02 03:59:52,460 [INFO]       Address:          36 Wordsworth Avenue, Warwick, Warwickshire, CV34 6JD
2026-10-02 03:59:53,772 [INFO] [ 14/50] Scraping: IRON HOUSE STUDIOS CIC (Co #11694549)
2026-10-02 03:59:55,339 [INFO]       Appointed Officer: ALDERSON, Jack Noble (Director)
2026-10-02 03:59:55,339 [INFO]       Address:          Great Hampton Works, 170-174 Great Hampton Row, Birmingham, West Midlands, B19 3JP
2026-10-02 03:59:56,669 [INFO] [ 15/50] Scraping: SAVE LATIN VILLAGE & WARDS CORNER CIC (Co #11697502)
2026-10-02 03:59:58,243 [INFO]       Appointed Officer: CANO-ALVAREZ, Stefania (Director)
2026-10-02 03:59:58,243 [INFO]       Address:          Seven Sisters Indoor Market Seven Sisters Indoor Market, Unit 3, 231-243 High Road, London, England, N15 5BT
2026-10-02 03:59:59,556 [INFO] [ 16/50] Scraping: ROBIN HOOD TABLETOP CIC (Co #11701142)
2026-10-02 04:00:01,201 [INFO]       Appointed Officer: HILDYARD-TODD, Owen Richard (Director)
2026-10-02 04:00:01,201 [INFO]       Address:          Alma Park Woodway Lane, Claybrooke Parva, Lutterworth, LE17 5FB
2026-10-02 04:00:02,557 [INFO] [ 17/50] Scraping: INTER-ACT - INTERNATIONAL ACTIVISTS FOR HUMAN RIGHTS ASSOCIATION C.I.C. (Co #11700062)
2026-10-02 04:00:04,033 [INFO]       Appointed Officer: VASZI, Robert Janos (Director)
2026-10-02 04:00:04,033 [INFO]       Address:          116 Joan Street, Newcastle Upon Tyne, Tyne And Wear, NE4 8QN
2026-10-02 04:00:05,354 [INFO] [ 18/50] Scraping: SOLACE PEER SUPPORT CIC (Co #11701303)
2026-10-02 04:00:06,787 [INFO]       Appointed Officer: ROGERS, Emma Christine (Director)
2026-10-02 04:00:06,787 [INFO]       Address:          133 Barrck Road, Christchurch, Dorset, BH23 2AW
2026-10-02 04:00:08,100 [INFO] [ 19/50] Scraping: COLOURMEIN COMMUNITY ART PROJECT CIC (Co #11703649)
2026-10-02 04:00:09,640 [INFO]       Appointed Officer: OXBOROUGH, Aaron Brian (Director)
2026-10-02 04:00:09,640 [INFO]       Address:          36 Bullens Green Lane, Colney Heath, St. Albans, Hertfordshire, AL4 0QS
2026-10-02 04:00:10,966 [INFO] [ 20/50] Scraping: B.GREEN STORE CIC (Co #11703606)
2026-10-02 04:00:12,830 [INFO]       Appointed Officer: HELLUM, Alex (Director)
2026-10-02 04:00:12,830 [INFO]       Address:          The Old Brewhouse 49-51 Brewhouse Hill, Wheathampstead, St. Albans, Hertfordshire, AL4 8AN
2026-10-02 04:00:14,150 [INFO] [ 21/50] Scraping: ORIGIN YOUTH SPORTS CIC (Co #11704526)
2026-10-02 04:00:15,805 [INFO]       Appointed Officer: HARRISON, Lesley (Secretary)
2026-10-02 04:00:15,805 [INFO]       Address:          12 Keir Hardie Street, Rowlands Gill, Tyne And Wear, United Kingdom, NE39 2DF
2026-10-02 04:00:17,219 [INFO] [ 22/50] Scraping: SHAPE HAMPSHIRE C.I.C. (Co #11706032)
2026-10-02 04:00:18,770 [INFO]       Appointed Officer: GANJAVIAN-CONNOR, Shadi (Director)
2026-10-02 04:00:18,771 [INFO]       Address:          Sentry Self Storage Unit 4 School Lane, Chandlers Ford, Southampton, Hampshire, SO53 4DG
2026-10-02 04:00:20,084 [INFO] [ 23/50] Scraping: TRI-B COMMUNITIES CIC (Co #11706012)
2026-10-02 04:00:21,620 [INFO]       Appointed Officer: HOSSACK, Benjamin (Director)
2026-10-02 04:00:21,620 [INFO]       Address:          109 Newcastle Road, Monkwearmouth, Sunderland, Tyne & Wear, SR5 1JG
2026-10-02 04:00:22,933 [INFO] [ 24/50] Scraping: SILVERFERN CIC (Co #11707431)
2026-10-02 04:00:24,445 [INFO]       Appointed Officer: GRAHAM, Victoria Judith (Director)
2026-10-02 04:00:24,445 [INFO]       Address:          27 Old Gloucester Street, London, United Kingdom, WC1N 3AX
2026-10-02 04:00:25,757 [INFO] [ 25/50] Scraping: BMGM PUBLICATIONS C.I.C. (Co #11716993)
2026-10-02 04:00:27,277 [INFO]       Appointed Officer: MCLAUGHLIN, William John (Director)
2026-10-02 04:00:27,277 [INFO]       Address:          100 Liverpool Road Cadishead, Manchester, Greater Manchester, England, M44 5AN
2026-10-02 04:00:28,590 [INFO] [ 26/50] Scraping: SPRINGBOARD SPACES CIC (Co #11719815)
2026-10-02 04:00:30,181 [INFO]       Appointed Officer: KITSON, Mark David (Director)
2026-10-02 04:00:30,181 [INFO]       Address:          Ty Menter Navigation Park, Ty Menter, Navigation Park, Abercynon, Wales, CF45 4SN
2026-10-02 04:00:31,496 [INFO] [ 27/50] Scraping: THE ART AND WELLBEING COMPANY CIC (Co #11720237)
2026-10-02 04:00:33,085 [INFO]       Appointed Officer: SMITH, Janet Louise (Director)
2026-10-02 04:00:33,085 [INFO]       Address:          The Art And Wellbeing Company Cic 27 Park Avenue, Formby, Liverpool, Merseyside, L37 6EA
2026-10-02 04:00:35,370 [INFO] [ 28/50] Scraping: REJUVENATE ARTS CIC (Co #11754447)
2026-10-02 04:00:36,922 [INFO]       Appointed Officer: BENJAMIN, Kelvin Derek (Director)
2026-10-02 04:00:36,922 [INFO]       Address:          66 Tallow Close, Dagenham, England, RM9 6EF
2026-10-02 04:00:39,214 [INFO] [ 29/50] Scraping: RED 22 COMMUNITY INTEREST COMPANY (Co #11131866)
2026-10-02 04:00:40,861 [INFO]       Appointed Officer: TOD, Timothy (Secretary)
2026-10-02 04:00:40,862 [INFO]       Address:          Willow Cottage, Bittaford, Devon, PL21 0EA
2026-10-02 04:00:43,154 [INFO] [ 30/50] Scraping: PROSPERITYS TRUST COMMUNITY INTEREST COMPANY (Co #11135568)
2026-10-02 04:00:44,745 [INFO]       Appointed Officer: ABE, Clotilde (Director)
2026-10-02 04:00:44,745 [INFO]       Address:          36 Hurley House Kennington Lane, London, Greater London, SE11 4PJ
2026-10-02 04:00:47,033 [INFO] [ 31/50] Scraping: GET DIGGIN' IT CIC (Co #11135448)
2026-10-02 04:00:48,671 [INFO]       Appointed Officer: LYNN, Jenny (Secretary)
2026-10-02 04:00:48,671 [INFO]       Address:          45 Stortford Road, Dunmow, Essex, CM6 1DQ
2026-10-02 04:00:50,959 [INFO] [ 32/50] Scraping: RISE UP 4 CIC (Co #11138618)
2026-10-02 04:00:52,441 [INFO]       Appointed Officer: CULHANE CMGR, FCMI, Damian (Director)
2026-10-02 04:00:52,441 [INFO]       Address:          27 Old Gloucester Street, London, United Kingdom, WC1N 3AX
2026-10-02 04:00:54,740 [INFO] [ 33/50] Scraping: ANIMAL GROUP C.I.C. (Co #11140743)
2026-10-02 04:00:56,347 [INFO]       Appointed Officer: CAILCETA, Peter (Secretary)
2026-10-02 04:00:56,348 [INFO]       Address:          Unit 2 Stella Precinct, Seaforth Road, Seaforth Liverpool, Merseyside, L21 3TB
2026-10-02 04:00:58,638 [INFO] [ 34/50] Scraping: BRADFORD CC C.I.C. (Co #11147649)
2026-10-02 04:01:00,147 [INFO]       Appointed Officer: STEFANYSZYN, Taras Antonio (Director)
2026-10-02 04:01:00,147 [INFO]       Address:          30 Spen View Lane, Bierley, Bradford, West Yorkshire, BD4 6DJ
2026-10-02 04:01:02,442 [INFO] [ 35/50] Scraping: INFUSE HUB CIC (Co #11174564)
2026-10-02 04:01:04,072 [INFO]       Appointed Officer: JUKE, Everick Antony (Director)
2026-10-02 04:01:04,073 [INFO]       Address:          10 Warstone Parade East, Birmingham, England, B18 6NR
2026-10-02 04:01:06,362 [INFO] [ 36/50] Scraping: LIGHT UP LIVES CIC (Co #11175101)
2026-10-02 04:01:08,066 [INFO]       Appointed Officer: BERRY, Barbara Ann (Director)
2026-10-02 04:01:08,067 [INFO]       Address:          Room 2, Victoria Hall, Main Street, Grange-Over-Sands, England, LA11 6DP
2026-10-02 04:01:10,356 [INFO] [ 37/50] Scraping: HALF AND HALF CIC (Co #11184277)
2026-10-02 04:01:11,882 [INFO]       Appointed Officer: AVERY, Peter (Secretary)
2026-10-02 04:01:11,882 [INFO]       Address:          32 Loman Street, London, SE1 0ES
2026-10-02 04:01:14,171 [INFO] [ 38/50] Scraping: THE WHITE ROOM EXPERIENCE CIC (Co #11638234)
2026-10-02 04:01:15,675 [INFO]       Appointed Officer: OFIR, Eli (Director)
2026-10-02 04:01:15,675 [INFO]       Address:          Crown House, 37 High Street, East Grinstead, West Sussex, RH19 3AF
2026-10-02 04:01:17,967 [INFO] [ 39/50] Scraping: BUILD LOVE COMMUNITY INTEREST COMPANY (Co #11644066)
2026-10-02 04:01:19,417 [INFO]       Appointed Officer: DODDS, Nicola Charlotte (Director)
2026-10-02 04:01:19,417 [INFO]       Address:          9 9 Lytton Gardens, Bath, England, BA2 1LW
2026-10-02 04:01:21,706 [INFO] [ 40/50] Scraping: VOICE AGAINST CRIME CIC (Co #11655529)
2026-10-02 04:01:23,374 [INFO]       Appointed Officer: DONVILLE, Memmorley (Director)
2026-10-02 04:01:23,374 [INFO]       Address:          1 Hedingham Grove, Chelmund's Cross, Solihull, West Midlands, B37 7TP
2026-10-02 04:01:25,695 [INFO] [ 41/50] Scraping: LOWSTOW CIC (Co #11665461)
2026-10-02 04:01:27,191 [INFO]       Appointed Officer: TALIADOROS, Antigone (Director)
2026-10-02 04:01:27,191 [INFO]       Address:          1 Chingford Road, Walthamstow, London, E17 4PW
2026-10-02 04:01:29,495 [INFO] [ 42/50] Scraping: INDEPENDANCE CIC (Co #11665847)
2026-10-02 04:01:31,094 [INFO]       Appointed Officer: BEEVERS, Helen Avery (Director)
2026-10-02 04:01:31,094 [INFO]       Address:          27 St. Georges Avenue, Bridlington, England, YO15 2ED
2026-10-02 04:01:33,402 [INFO] [ 43/50] Scraping: HISPANOLANDIA CIC (Co #11665879)
2026-10-02 04:01:35,054 [INFO]       Appointed Officer: CASTRO HARMAN, Daniel Michael Sebastian (Director)
2026-10-02 04:01:35,054 [INFO]       Address:          31 The Grove, Reading, Berkshire, RG1 4RB
2026-10-02 04:01:37,353 [INFO] [ 44/50] Scraping: PROJECT MIND SPACE COMMUNITY INTEREST COMPANY (Co #11668501)
2026-10-02 04:01:38,866 [INFO]       Appointed Officer: ELLIOTT, Darren Clive (Director)
2026-10-02 04:01:38,866 [INFO]       Address:          2a Rock Lane, Leighton Buzzard, Beds, LU7 2QQ
2026-10-02 04:01:41,166 [INFO] [ 45/50] Scraping: ZEN HOLISTICS C.I.C. (Co #11680683)
2026-10-02 04:01:42,739 [INFO]       Appointed Officer: HORROCKS, Christopher Gary (Director)
2026-10-02 04:01:42,739 [INFO]       Address:          Unit 3-5 Melling Drive, Old Hall Estate, Kirkby, Liverpool, Merseyside, L32 1TT
2026-10-02 04:01:45,028 [INFO] [ 46/50] Scraping: INCLUSION CONVENTION CIC (Co #11681126)
2026-10-02 04:01:46,681 [INFO]       Appointed Officer: KHAN, Gulrukh (Director)
2026-10-02 04:01:46,681 [INFO]       Address:          28 Weighton Road, Harrow, Middx, 28 Weighton Road, Harrow, Middx, Ha36hz, England, HA3 6HZ
2026-10-02 04:01:48,968 [INFO] [ 47/50] Scraping: CALIPO PROJECT CIC (Co #11680725)
2026-10-02 04:01:50,560 [INFO]       Appointed Officer: ARTHURS-JOHNSON, Patsefa (Secretary)
2026-10-02 04:01:50,560 [INFO]       Address:          66 Villa Road, Handsworth, Birmingham, West Midlands, England, B19 1BL
2026-10-02 04:01:52,866 [INFO] [ 48/50] Scraping: DAYS OUT FOR KIDZ CIC (Co #11503548)
2026-10-02 04:01:54,436 [INFO]       Appointed Officer: SMITH, Howard Michael (Director)
2026-10-02 04:01:54,436 [INFO]       Address:          5 The Quadrant, Hoylake, Merseyside, CH47 2EE
2026-10-02 04:01:56,740 [INFO] [ 49/50] Scraping: AD ASTRA PLUS CIC (Co #11509115)
2026-10-02 04:01:58,344 [INFO]       Appointed Officer: SHAW, Elizabeth Louise (Director)
2026-10-02 04:01:58,344 [INFO]       Address:          Unit R3 G3 Elvington Industrial Estate, Elvington, York, North Yorkshire, England, YO41 4AR
2026-10-02 04:02:00,637 [INFO] [ 50/50] Scraping: CASTLE COMMUNICATION SERVICES CIC (Co #11512007)
2026-10-02 04:02:02,321 [INFO]       Appointed Officer: HARDCASTLE, Colleen (Secretary)
2026-10-02 04:02:02,321 [INFO]       Address:          Community House, Portholme Road, Selby, England, YO8 4QQ
2026-10-02 04:02:04,634 [INFO] ================================================================================
2026-10-02 04:02:04,635 [INFO] BATCH FINISHED: Processed 50 companies in 172.1s.
2026-10-02 04:02:04,635 [INFO] Total Cumulative Enriched: 1582 companies.
2026-10-02 04:02:04,635 [INFO] Updated CSV: enriched_uk_companies.csv
2026-10-02 04:02:04,635 [INFO] Updated Log: scraper.log
2026-10-02 04:02:04,635 [INFO] ================================================================================
2026-10-02 10:26:08,525 [INFO] ================================================================================
2026-10-02 10:26:08,525 [INFO] STARTING PRODUCTION UK COMPANIES HOUSE CONTACT SCRAPER
2026-10-02 10:26:08,525 [INFO] ================================================================================
2026-10-02 10:26:08,525 [INFO] Input Dataset:  Companies-House-search-results.csv
2026-10-02 10:26:08,525 [INFO] Output Dataset: enriched_uk_companies.csv
2026-10-02 10:26:08,525 [INFO] Batch Size:     50
2026-10-02 10:26:08,533 [INFO] Already processed in previous runs: 1582 companies
2026-10-02 10:26:08,555 [INFO] Total remaining companies to scrape: 3418
2026-10-02 10:26:08,556 [INFO] Processing next batch of 50 companies...

2026-10-02 10:26:08,556 [INFO] [  1/50] Scraping: THE CLAY TEAM COMMUNITY INTEREST COMPANY (Co #11528836)
2026-10-02 10:26:10,339 [INFO]       Appointed Officer: KITSHAW, Marvin Greame (Director)
2026-10-02 10:26:10,339 [INFO]       Address:          Unit 10 Royal Industrial Estate, Blackett Street, Jarrow, Tyne And Wear, NE32 3HR
2026-10-02 10:26:13,171 [INFO]    [PHONE]   07590803081
2026-10-02 10:26:13,171 [INFO]    [EMAIL]   theclayteam@hotmail.com
2026-10-02 10:26:13,171 [INFO]    [WEBSITE] https://theclayteam.wixsite.com/theclayteam
2026-10-02 10:26:14,172 [INFO] [  2/50] Scraping: NORTHWEST LIGHTHOUSE HUB C.I.C. (Co #11536646)
2026-10-02 10:26:15,742 [INFO]       Appointed Officer: RAMOS, Llewellyn (Director)
2026-10-02 10:26:15,743 [INFO]       Address:          34 Scarisbrick New Road, Southport, PR8 6QE
2026-10-02 10:26:17,011 [INFO] [  3/50] Scraping: YOUTH LEADER FITNESS C.I.C. (Co #11536058)
2026-10-02 10:26:18,700 [INFO]       Appointed Officer: DENNIS, Nathan James (Director)
2026-10-02 10:26:18,700 [INFO]       Address:          11 Laurel Place, Middleton, Leeds, United Kingdom, LS10 4SU
2026-10-02 10:26:19,979 [INFO] [  4/50] Scraping: CONNATE SUPPORT COMMUNITY INTEREST COMPANY (Co #11537593)
2026-10-02 10:26:21,711 [INFO]       Appointed Officer: GALLEGO DIAZ-MIGUEL, Carlos (Director)
2026-10-02 10:26:21,711 [INFO]       Address:          24 International House Holborn Viaduct, London, England, EC1A 2BN
2026-10-02 10:26:22,968 [INFO] [  5/50] Scraping: WILDER BRITAIN CIC (Co #11537021)
2026-10-02 10:26:24,510 [INFO]       Appointed Officer: O'DONOGHUE, Paul, Dr (Director)
2026-10-02 10:26:24,510 [INFO]       Address:          102 Bowen Court, St Asaph, Denbighshire, LL17 0JE
2026-10-02 10:26:25,811 [INFO] [  6/50] Scraping: BRANCH & BRUSH CIC (Co #11540123)
2026-10-02 10:26:27,511 [INFO]       Appointed Officer: BRETT, Casey Leah (Director)
2026-10-02 10:26:27,512 [INFO]       Address:          14 Carters Wood, Hamstreet, Kent, TN26 2NN
2026-10-02 10:26:28,773 [INFO] [  7/50] Scraping: CHAPEL ART HUB COMMUNITY INTEREST COMPANY (Co #11542019)
2026-10-02 10:26:30,626 [INFO]       Appointed Officer: WOOD, Jonathan Ian (Secretary)
2026-10-02 10:26:30,626 [INFO]       Address:          The Barn Colesloggett, Fletchers Bridge, Bodmin, Cornwall, PL30 4AT
2026-10-02 10:26:31,915 [INFO] [  8/50] Scraping: JIGSAW WELLBEING SERVICES CIC (Co #11546712)
2026-10-02 10:26:33,694 [INFO]       Appointed Officer: FAULKNER, Deborah Cherise (Director)
2026-10-02 10:26:33,694 [INFO]       Address:          53 Elgar Close, Blackburn, Lancashire, BB2 3TE
2026-10-02 10:26:34,969 [INFO] [  9/50] Scraping: MENTAL HEALTH AWARENESS CIC (Co #11546861)
2026-10-02 10:26:36,542 [INFO]       Appointed Officer: CHANDLER, Robert Anthony (Director)
2026-10-02 10:26:36,542 [INFO]       Address:          93 High Street, Evesham, Worcestershire, WR11 4DU
2026-10-02 10:26:37,802 [INFO] [ 10/50] Scraping: WELLINGTON MILLS C.I.C. (Co #11342347)
2026-10-02 10:26:39,613 [INFO]       Appointed Officer: WHEATLEY, Keith (Secretary)
2026-10-02 10:26:39,613 [INFO]       Address:          9 Wellesley Park, Wellington, Somerset, TA21 8PT
2026-10-02 10:26:40,873 [INFO] [ 11/50] Scraping: MY EQUALITY! CIC (Co #11347285)
2026-10-02 10:26:42,436 [INFO]       Appointed Officer: OPENSHAW, Hollie (Director)
2026-10-02 10:26:42,436 [INFO]       Address:          23 Burton Road, Eastbourne, East Sussex, BN21 2RE
2026-10-02 10:26:43,708 [INFO] [ 12/50] Scraping: TAKING UP SPACE C.I.C. (Co #11342649)
2026-10-02 10:26:45,219 [INFO]       Appointed Officer: OLIVA, Laurie (Director)
2026-10-02 10:26:45,219 [INFO]       Address:          3 Scena Way, London, England, SE5 0BF
2026-10-02 10:26:46,476 [INFO] [ 13/50] Scraping: THE LONG EATON COMMUNITY SPACE C.I.C. (Co #11348962)
2026-10-02 10:26:48,590 [INFO]       Appointed Officer: COOKE, Kate Elizabeth (Secretary)
2026-10-02 10:26:48,591 [INFO]       Address:          57 Market Place, Long Eaton, Nottingham, England, NG10 1JQ
2026-10-02 10:26:49,846 [INFO] [ 14/50] Scraping: WILLINGHAM CRAFT BEER FESTIVAL CIC (Co #11360064)
2026-10-02 10:26:51,579 [INFO]       Appointed Officer: MCCONKEY, Jennifer Anne Ross (Director)
2026-10-02 10:26:51,579 [INFO]       Address:          36a Church Street, Willingham, Cambridge, Cambridgeshire, CB24 5HT
2026-10-02 10:26:52,860 [INFO] [ 15/50] Scraping: LOZELLS FIRST CIC (Co #11362787)
2026-10-02 10:26:54,482 [INFO]       Appointed Officer: KARIM, Anwar (Secretary)
2026-10-02 10:26:54,483 [INFO]       Address:          196 Heathfield Road, Handsworth, Birmingham, West Midlands, United Kingdom, B19 1JF
2026-10-02 10:26:55,740 [INFO] [ 16/50] Scraping: YOUR COMMUNITY WELLNESS C.I.C. (Co #11367200)
2026-10-02 10:26:57,438 [INFO]       Appointed Officer: WATTS, James Thomas Edward (Director)
2026-10-02 10:26:57,438 [INFO]       Address:          81 Stratford Drive, Prescot, England, L34 1AN
2026-10-02 10:26:58,694 [INFO] [ 17/50] Scraping: HEALING OUR WAY CIC (Co #11371132)
2026-10-02 10:27:00,477 [INFO]       Appointed Officer: CLAYTON, Charlotte Marie (Director)
2026-10-02 10:27:00,478 [INFO]       Address:          169 Eastgate, Worksop, Nottinghamshire, England, S80 1QS
2026-10-02 10:27:01,738 [INFO] [ 18/50] Scraping: ELITE SPORTS COACHING NORTHWEST CIC (Co #11376079)
2026-10-02 10:27:03,392 [INFO]       Appointed Officer: CAIN, Jack (Director)
2026-10-02 10:27:03,392 [INFO]       Address:          23 Gloucester Road, Bootle, Merseyside, L20 9AH
2026-10-02 10:27:04,656 [INFO] [ 19/50] Scraping: ALTERED EATING C.I.C. (Co #11380187)
2026-10-02 10:27:06,336 [INFO]       Appointed Officer: DEARY, Vincent (Secretary)
2026-10-02 10:27:06,336 [INFO]       Address:          15 15 Alexandra Terrace, Whitley Bay, Tyne And Wear, United Kingdom, NE26 2DU
2026-10-02 10:27:07,596 [INFO] [ 20/50] Scraping: KENT DIGITAL MEDIA GROUP (KDMG) C.I.C. (Co #11380312)
2026-10-02 10:27:09,466 [INFO]       Appointed Officer: BAKER, Stuart Richard (Director)
2026-10-02 10:27:09,466 [INFO]       Address:          39-48 Marsham Street, Maidstone, England, ME14 1HH
2026-10-02 10:27:10,726 [INFO] [ 21/50] Scraping: COMMUNITY PLAY C.I.C. (Co #11483113)
2026-10-02 10:27:12,505 [INFO]       Appointed Officer: KHANNA, Sunil (Secretary)
2026-10-02 10:27:12,505 [INFO]       Address:          Herrington Burn House, Herrington Burn, Houghton Le Spring, England, DH4 4JW
2026-10-02 10:27:13,764 [INFO] [ 22/50] Scraping: EQUAL SHIELD C.I.C. (Co #11486106)
2026-10-02 10:27:15,453 [INFO]       Appointed Officer: JURECKOVA, Helena (Director)
2026-10-02 10:27:15,453 [INFO]       Address:          91a Roseville Road, Leeds, West Yorkshire, England, LS7 1BQ
2026-10-02 10:27:16,709 [INFO] [ 23/50] Scraping: HUMANITY MATTERS COMMUNITY INTEREST COMPANY (Co #11486275)
2026-10-02 10:27:18,290 [INFO]       Appointed Officer: ALLSWORTH, Lyn Sharon (Director)
2026-10-02 10:27:18,290 [INFO]       Address:          Cranbrook House, 287-291 Banbury Road, Oxford, OX2 7JQ
2026-10-02 10:27:19,553 [INFO] [ 24/50] Scraping: PP BOXING CIC (Co #11487275)
2026-10-02 10:27:21,482 [INFO]       Appointed Officer: JOHNSON, Phillip Barry (Director)
2026-10-02 10:27:21,482 [INFO]       Address:          The Market Gate, 43 Sandy Lane, Skelmersdale, Lancashire, WN8 8LA
2026-10-02 10:27:22,751 [INFO] [ 25/50] Scraping: GROUND UP LIMITED CIC (Co #11491704)
2026-10-02 10:27:24,577 [INFO]       Appointed Officer: ASGHARI, Omid (Director)
2026-10-02 10:27:24,577 [INFO]       Address:          C/O The Teapot Pottery Pettaugh Road, Stonham Aspal, Stowmarket, Suffolk, England, IP14 6AT
2026-10-02 10:27:25,836 [INFO] [ 26/50] Scraping: TRINITY COMMUNITY NURSERY C.I.C. (Co #11497101)
2026-10-02 10:27:27,644 [INFO]       Appointed Officer: CLEMINSON, Lucie Alison Frances (Director)
2026-10-02 10:27:27,644 [INFO]       Address:          49 Coxtie Green Road, Pilgrims Hatch, Brentwood, Essex, England, CM14 5PS
2026-10-02 10:27:28,901 [INFO] [ 27/50] Scraping: A-Z FUNDAMENTALS C.I.C. (Co #11498845)
2026-10-02 10:27:30,600 [INFO]       Appointed Officer: PERT, Larnie (Secretary)
2026-10-02 10:27:30,601 [INFO]       Address:          5 Viewpoint Village, Babbage Road, Stevenage, Hertfordshire, SG1 2EQ
2026-10-02 10:27:32,807 [INFO] [ 28/50] Scraping: 3RD SECTOR CIC (Co #11500930)
2026-10-02 10:27:34,400 [INFO]       Appointed Officer: PULLAR, Tony (Secretary)
2026-10-02 10:27:34,400 [INFO]       Address:          49 Blue Hut Way, Basingstoke, Hampshire, England, RG23 7FZ
2026-10-02 10:27:36,602 [INFO] [ 29/50] Scraping: LITTLE PEOPLE MAKE BIG CHANGE C.I.C. (Co #11508630)
2026-10-02 10:27:38,495 [INFO]       Appointed Officer: HUMMERSTONE, Leanne Elizabeth (Director)
2026-10-02 10:27:38,495 [INFO]       Address:          Rio, St. Ive, Liskeard, England, PL14 3NB
2026-10-02 10:27:40,693 [INFO] [ 30/50] Scraping: THE LIGHTHOUSE SIDMOUTH COMMUNITY INTEREST COMPANY (Co #11528460)
2026-10-02 10:27:42,417 [INFO]       Appointed Officer: DEBENHAM, Catherine Mary (Director)
2026-10-02 10:27:42,417 [INFO]       Address:          Meadway Cotford, Sidbury, Sidmouth, Devon, EX10 0SH
2026-10-02 10:27:44,617 [INFO] [ 31/50] Scraping: GERUTHA C.I.C. (Co #11532924)
2026-10-02 10:27:46,545 [INFO]       Appointed Officer: MOAN, Julie (Secretary)
2026-10-02 10:27:46,545 [INFO]       Address:          Fern Lodge Priest Hill, Nettlebed, Henley-On-Thames, Oxon, England, RG9 5AP
2026-10-02 10:27:48,752 [INFO] [ 32/50] Scraping: DRAGON COMMUNITY HUB CIC (Co #11723419)
2026-10-02 10:27:50,414 [INFO]       Appointed Officer: STANLEY, Roland (Director)
2026-10-02 10:27:50,414 [INFO]       Address:          5a New Road Avenue, Chatham, Kent, United Kingdom, ME4 6BB
2026-10-02 10:27:52,613 [INFO] [ 33/50] Scraping: DEKA HEALTH & FITNESS CIC (Co #11726495)
2026-10-02 10:27:54,284 [INFO]       Appointed Officer: FRANCIS, Laura Krstovska (Director)
2026-10-02 10:27:54,284 [INFO]       Address:          94 Slipps Close, Frome, Somerset, BA11 1FW
2026-10-02 10:27:56,486 [INFO] [ 34/50] Scraping: MERÁKI COMMUNITY C.I.C. (Co #11726470)
2026-10-02 10:27:58,467 [INFO]       Appointed Officer: EDWARDS, Aaron (Director)
2026-10-02 10:27:58,467 [INFO]       Address:          440 Kingsland Road, London, England, E8 4AA
2026-10-02 10:28:00,666 [INFO] [ 35/50] Scraping: STOBBE SOCIAL CARE T/A NEW BEGINNINGS COMMUNITY INTEREST COMPANY (Co #11728548)
2026-10-02 10:28:02,706 [INFO]       Appointed Officer: LEIGH, Jadwiga Teresa (Director)
2026-10-02 10:28:02,706 [INFO]       Address:          1 The Crescent, Timperley, Altrincham, Cheshire, WA15 6JH
2026-10-02 10:28:04,910 [INFO] [ 36/50] Scraping: EMPTY HOMES CIC (Co #11730242)
2026-10-02 10:28:06,587 [INFO]       Appointed Officer: PALMER, Paul Richard (Director)
2026-10-02 10:28:06,587 [INFO]       Address:          116 Farmstead Road, Corby, Northamptonshire, NN18 0LJ
2026-10-02 10:28:08,792 [INFO] [ 37/50] Scraping: MAIDA HILL NEIGHBOURHOOD COMMUNITY INTEREST COMPANY (Co #11732485)
2026-10-02 10:28:10,730 [INFO]       Appointed Officer: ARTHUR, Elaine Fay (Director)
2026-10-02 10:28:10,730 [INFO]       Address:          1 St Simon's Hall, 19 Macroom Road, London, W9 3HY
2026-10-02 10:28:12,930 [INFO] [ 38/50] Scraping: SEED MUSIC C.I.C. (Co #11756301)
2026-10-02 10:28:14,515 [INFO]       Appointed Officer: KADING, Eleanor Frances (Director)
2026-10-02 10:28:14,515 [INFO]       Address:          20 Easthams Road, Crewkerne, TA18 7AQ
2026-10-02 10:28:16,722 [INFO] [ 39/50] Scraping: STRATEGY & TRAINING TO ERADICATE ALL POVERTY TO ZERO CIC (Co #11757902)
2026-10-02 10:28:18,447 [INFO]       Appointed Officer: HERON, Rona (Director)
2026-10-02 10:28:18,447 [INFO]       Address:          Acorn Building Clock Tower Park, Newhall Campus  Longmoor Lane, Liverpool, England, L10 1LD
2026-10-02 10:28:20,675 [INFO] [ 40/50] Scraping: ECHOES RADIO COMMUNITY INTEREST COMPANY (Co #11559286)
2026-10-02 10:28:22,422 [INFO]       Appointed Officer: MAYANJA, Millie (Secretary)
2026-10-02 10:28:22,422 [INFO]       Address:          98 Carlton Grove, London, Greater London, SE15 2UW
2026-10-02 10:28:24,699 [INFO] [ 41/50] Scraping: WEBSTER TRIANGLE COMMUNITY INTEREST COMPANY (Co #11575456)
2026-10-02 10:28:26,518 [INFO]       Appointed Officer: CROWE, James (Secretary)
2026-10-02 10:28:26,518 [INFO]       Address:          71 Halsbury Road Kensington, Liverpool, Merseyside, L6 6DG
2026-10-02 10:28:28,723 [INFO] [ 42/50] Scraping: GAIA THERAPY PROJECT C.I.C. (Co #11576412)
2026-10-02 10:28:30,302 [INFO]       Appointed Officer: GREENSLADE, Rebecca Mary Elizabeth (Director)
2026-10-02 10:28:30,302 [INFO]       Address:          Hackney City Farm 1a Goldsmith's Row, Hackney, London, E2 8QA
2026-10-02 10:28:32,520 [INFO] [ 43/50] Scraping: ECOMODULOR COMMUNITY INTEREST COMPANY (Co #11581339)
2026-10-02 10:28:34,218 [INFO]       Appointed Officer: KUMMEL, Christopher Anthony (Director)
2026-10-02 10:28:34,218 [INFO]       Address:          Flat 3 Cormorant Court, Elmworth Grove, London, England, SE21 8RB
2026-10-02 10:28:36,427 [INFO] [ 44/50] Scraping: CENTRE OF INTEGRATED QIGONG FOR HEALTH AND WELLNESS CIC (Co #11628575)
2026-10-02 10:28:38,114 [INFO]       Appointed Officer: BROWNLEE, Alan (Director)
2026-10-02 10:28:38,114 [INFO]       Address:          4a Church Street, Harleston, Norfolk, IP20 9BB
2026-10-02 10:28:40,321 [INFO] [ 45/50] Scraping: READLEY CIC (Co #11628451)
2026-10-02 10:28:42,028 [INFO]       Appointed Officer: BEAUMOMT, Sharon Clare (Director)
2026-10-02 10:28:42,028 [INFO]       Address:          36 Lockyer Close, Newton Aycliffe, County Durham, DL5 7QZ
2026-10-02 10:28:44,242 [INFO] [ 46/50] Scraping: MAJESTIC SOUND WORKS CIC (Co #11630717)
2026-10-02 10:28:46,331 [INFO]       Appointed Officer: MCKENZIE, Maureen (Director)
2026-10-02 10:28:46,331 [INFO]       Address:          56 Raynham Avenue, Edmonton, London, N18 2BS
2026-10-02 10:28:48,543 [INFO] [ 47/50] Scraping: AIM4SUPPORT CIC (Co #11632048)
2026-10-02 10:28:50,149 [INFO]       Appointed Officer: HUNTE-BOWLBY, Mauva (Director)
2026-10-02 10:28:50,149 [INFO]       Address:          Unit 12 49-51 Station Road, Highams Park, London, E4 7DA
2026-10-02 10:28:52,360 [INFO] [ 48/50] Scraping: GRAVITY SUPREME CHEERLEADING ACADEMY CIC (Co #11631936)
2026-10-02 10:28:54,065 [INFO]       Appointed Officer: ANDERSON, Lucy Ann (Director)
2026-10-02 10:28:54,066 [INFO]       Address:          Flat 8 St James, Stormont Court, Weston Super Mare, North Somerset, BS24 7LB
2026-10-02 10:28:56,270 [INFO] [ 49/50] Scraping: I CAN EVENTS COMMUNITY INTEREST COMPANY (Co #11632311)
2026-10-02 10:28:57,872 [INFO]       Appointed Officer: HUMPHRIES, Linda (Director)
2026-10-02 10:28:57,872 [INFO]       Address:          C/O Dp Associates (Accountancy) Ltd Unit 2, Beech Barn, Eaglewood Park, Dillington, Ilminster, England, TA19 9DQ
2026-10-02 10:29:00,076 [INFO] [ 50/50] Scraping: REKRE8 CIC (Co #11632816)
2026-10-02 10:29:01,845 [INFO]       Appointed Officer: BAKER, Penny Millington (Director)
2026-10-02 10:29:01,845 [INFO]       Address:          C/O Thornbury Town Hall High Street Thornbury Sout High Street, Thornbury, Bristol, England, BS35 2AR
2026-10-02 10:29:04,073 [INFO] ================================================================================
2026-10-02 10:29:04,074 [INFO] BATCH FINISHED: Processed 50 companies in 175.5s.
2026-10-02 10:29:04,074 [INFO] Total Cumulative Enriched: 1632 companies.
2026-10-02 10:29:04,074 [INFO] Updated CSV: enriched_uk_companies.csv
2026-10-02 10:29:04,074 [INFO] Updated Log: scraper.log
2026-10-02 10:29:04,074 [INFO] ================================================================================
2026-10-02 17:25:45,481 [INFO] ================================================================================
2026-10-02 17:25:45,481 [INFO] STARTING PRODUCTION UK COMPANIES HOUSE CONTACT SCRAPER
2026-10-02 17:25:45,481 [INFO] ================================================================================
2026-10-02 17:25:45,481 [INFO] Input Dataset:  Companies-House-search-results.csv
2026-10-02 17:25:45,481 [INFO] Output Dataset: enriched_uk_companies.csv
2026-10-02 17:25:45,481 [INFO] Batch Size:     50
2026-10-02 17:25:45,489 [INFO] Already processed in previous runs: 1632 companies
2026-10-02 17:25:45,512 [INFO] Total remaining companies to scrape: 3368
2026-10-02 17:25:45,512 [INFO] Processing next batch of 50 companies...

2026-10-02 17:25:45,512 [INFO] [  1/50] Scraping: LOW CARBON CLUB COMMUNITY INTEREST COMPANY (Co #11640501)
2026-10-02 17:25:47,288 [INFO]       Appointed Officer: PUSEY, Katheryn Louise (Secretary)
2026-10-02 17:25:47,288 [INFO]       Address:          Waterside View, 38 Church Street, Tintwistle, Derbyshire, SK13 1JR
2026-10-02 17:25:48,597 [INFO]    [EMAIL]   info@efinder.uk
2026-10-02 17:25:48,597 [INFO]    [WEBSITE] https://www.efinder.uk/companies/2355386/low-carbon-club-community-interest-company/
2026-10-02 17:25:49,598 [INFO] [  2/50] Scraping: ARBOREAL LIFE CIC (Co #11642697)
2026-10-02 17:25:51,338 [INFO]       Appointed Officer: FRAILE, Ricardo (Director)
2026-10-02 17:25:51,338 [INFO]       Address:          307 Euston Road, London, England, NW1 3AD
2026-10-02 17:25:52,607 [INFO] [  3/50] Scraping: HAMSTEAD DIAMONDS CIC (Co #11645795)
2026-10-02 17:25:54,352 [INFO]       Appointed Officer: JHEET, Harjinder Singh (Director)
2026-10-02 17:25:54,352 [INFO]       Address:          Hamstead Pavilion Hamstead Hill, Handsworth Wood, Birmingham, West Midlands, B20 1BX
2026-10-02 17:25:55,627 [INFO] [  4/50] Scraping: HANDS OF HOPE BLACKBURN CIC (Co #11648546)
2026-10-02 17:25:57,579 [INFO]       Appointed Officer: BURTON, Wilma (Secretary)
2026-10-02 17:25:57,579 [INFO]       Address:          140a St James Road, Blackburn, BB1 8HH
2026-10-02 17:25:58,846 [INFO] [  5/50] Scraping: HONEYWOODS WELLBEING IN NATURE C.I.C. (Co #11677166)
2026-10-02 17:26:00,629 [INFO]       Appointed Officer: BOWER, Amy Rose (Director)
2026-10-02 17:26:00,629 [INFO]       Address:          2nd Floor, 53 High Street, Keynsham, Bristol, England, BS31 1DS
2026-10-02 17:26:01,928 [INFO] [  6/50] Scraping: PANDEMONIUM STUDIOS CIC (Co #11683291)
2026-10-02 17:26:03,930 [INFO]       Appointed Officer: RACE, James Andrew (Director)
2026-10-02 17:26:03,930 [INFO]       Address:          30 Trenam Place, Salford, Greater Manchester, M5 4BF
2026-10-02 17:26:05,205 [INFO] [  7/50] Scraping: COSMIC SCIENCE C.I.C. (Co #11683150)
2026-10-02 17:26:06,833 [INFO]       Appointed Officer: MILLWARD, Craig Anthony John (Director)
2026-10-02 17:26:06,833 [INFO]       Address:          Avondale Business Centre, Woodland Way, Kingswood, England, BS15 1AW
2026-10-02 17:26:08,094 [INFO] [  8/50] Scraping: POS TOOLS 4 LIFE COMMUNITY INTEREST COMPANY (Co #11686772)
2026-10-02 17:26:09,757 [INFO]       Appointed Officer: SAMBROOK, Tracey (Director)
2026-10-02 17:26:09,757 [INFO]       Address:          67 Westbury Road, London, United Kingdom, E17 6RH
2026-10-02 17:26:11,083 [INFO] [  9/50] Scraping: HORSHAM RUN FIT CIC (Co #11688159)
2026-10-02 17:26:12,662 [INFO]       Appointed Officer: BRITTON, Daniel (Director)
2026-10-02 17:26:12,662 [INFO]       Address:          1 South Cottages Mayes Lane, Warnham, Horsham, England, RH12 3SG
2026-10-02 17:26:13,921 [INFO] [ 10/50] Scraping: ONE GOAL COMMUNITY FOUNDATION CIC (Co #11688277)
2026-10-02 17:26:15,801 [INFO]       Appointed Officer: ECCLESTON, Adam John George Anthony (Director)
2026-10-02 17:26:15,801 [INFO]       Address:          4 Longmeadow, Cheadle Hulme, Cheadle, England, SK8 7ER
2026-10-02 17:26:17,069 [INFO] [ 11/50] Scraping: WAVERLEY SOCIAL MEDIA CIC (Co #9880219)
2026-10-02 17:26:18,972 [INFO]       Appointed Officer: DUNUGLA, Sean Shamus (Director)
2026-10-02 17:26:18,972 [INFO]       Address:          16 Burnslack Road, Ribbleton, Preston, Lancashire, PR2 6EX
2026-10-02 17:26:20,232 [INFO] [ 12/50] Scraping: EUROPEAN CENTRE FOR EQUAL OPPORTUNITIES C.I.C. (Co #9888976)
2026-10-02 17:26:21,847 [INFO]       Appointed Officer: VASZI, Robert Janos (Director)
2026-10-02 17:26:21,847 [INFO]       Address:          116 Joan Street Joan Street, Newcastle Upon Tyne, England, NE4 8QN
2026-10-02 17:26:23,123 [INFO] [ 13/50] Scraping: TRINITY 3 CONSULTING C.I.C. (Co #9890661)
2026-10-02 17:26:24,803 [INFO]       Appointed Officer: ADAMS, Marie (Director)
2026-10-02 17:26:24,803 [INFO]       Address:          16 Beuleigh Court 280 Wood Street, London, England, E17 3PA
2026-10-02 17:26:26,072 [INFO] [ 14/50] Scraping: A GREATER LONDON COMMUNITY INTEREST COMPANY (Co #9891431)
2026-10-02 17:26:27,685 [INFO]       Appointed Officer: DYSON, Lynda Raewyn, Dr (Secretary)
2026-10-02 17:26:27,685 [INFO]       Address:          3 St Mary's Road, Slough, Berkshire, SL3 7EN
2026-10-02 17:26:28,941 [INFO] [ 15/50] Scraping: AWESOME TREASURES C.I.C. (Co #9892805)
2026-10-02 17:26:30,898 [INFO]       Appointed Officer: ADEYEMO, Folashade Adetokunbo, Dr (Director)
2026-10-02 17:26:30,898 [INFO]       Address:          7 Surrey Street, London, England, E13 8RN
2026-10-02 17:26:32,163 [INFO] [ 16/50] Scraping: IMAGINE YOU CAN TV CIC (Co #9892487)
2026-10-02 17:26:33,782 [INFO]       Appointed Officer: KING, David (Director)
2026-10-02 17:26:33,782 [INFO]       Address:          12 Braithwaite Close, Saltburn By The Sea, Cleveland, TS12 2WG
2026-10-02 17:26:35,039 [INFO] [ 17/50] Scraping: FORCES DIVERSITY COMMUNITY INTEREST COMPANY (Co #9898452)
2026-10-02 17:26:36,642 [INFO]       Appointed Officer: NYONI, Thabani Greyson (Director)
2026-10-02 17:26:36,642 [INFO]       Address:          Unit 3 Vista Place Coy Pond Business Park, Ingworth Road, Poole, Dorset, BH12 1JY
2026-10-02 17:26:37,898 [INFO] [ 18/50] Scraping: RUGBY AM C.I.C. (Co #9919488)
2026-10-02 17:26:39,627 [INFO]       Appointed Officer: JONES-BUCHANAN, Jamie Daniel Peter (Director)
2026-10-02 17:26:39,628 [INFO]       Address:          Unit 4 Holly Park Mills, Calverley, Leeds, England, LS28 5QS
2026-10-02 17:26:40,890 [INFO] [ 19/50] Scraping: COMPLETE EVENTS LOGISTICS & TRAINING C.I.C. (Co #9929980)
2026-10-02 17:26:42,637 [INFO]       Appointed Officer: BENNETT, Samuel Charles (Director)
2026-10-02 17:26:42,637 [INFO]       Address:          2 Wesley Terrace Canterbury Road, Lyminge, Folkestone, England, CT18 8HT
2026-10-02 17:26:43,895 [INFO] [ 20/50] Scraping: KHAIR THERAPEUTIC SERVICES C.I.C. (Co #9929197)
2026-10-02 17:26:45,553 [INFO]       Appointed Officer: HAQUE, Khalida Begum (Secretary)
2026-10-02 17:26:45,553 [INFO]       Address:          49 Somersby Gardens, Ilford, Essex, England, IG4 5DY
2026-10-02 17:26:46,807 [INFO] [ 21/50] Scraping: LITTLE FOREST FRIENDS C.I.C. (Co #9929773)
2026-10-02 17:26:48,843 [INFO]       Appointed Officer: BARRETT, James William (Director)
2026-10-02 17:26:48,843 [INFO]       Address:          C/O Charnwood Accountants The Point, Granite Way, Mountsorrel, Loughborough, Leicestershire, England, LE12 7TZ
2026-10-02 17:26:50,099 [INFO] [ 22/50] Scraping: THE TAMWORTH HUB CIC (Co #9932171)
2026-10-02 17:26:52,008 [INFO]       Appointed Officer: OWEN, David John (Secretary)
2026-10-02 17:26:52,009 [INFO]       Address:          47 County Drive, Fazeley, Tamworth, Staffordshire, B78 3XE
2026-10-02 17:26:53,290 [INFO] [ 23/50] Scraping: ALLY COMMUNITY ORGANISATION C.I.C. (Co #10184155)
2026-10-02 17:26:55,081 [INFO]       Appointed Officer: KIRTIKLIS, Darius (Director)
2026-10-02 17:26:55,081 [INFO]       Address:          27 Marshall Street, Hull, East Yorkshire, England, HU5 3DA
2026-10-02 17:26:56,345 [INFO] [ 24/50] Scraping: FRESH OFF THE RUNWAY COMMUNITY INTEREST COMPANY (Co #10209828)
2026-10-02 17:26:58,118 [INFO]       Appointed Officer: MOKOY, Gaelle (Director)
2026-10-02 17:26:58,118 [INFO]       Address:          21 Hayfield Close, Gorton, Manchester, Greater Manchester, M12 5DB
2026-10-02 17:26:59,378 [INFO] [ 25/50] Scraping: KC INTEGRATED CARE CIC (Co #10217086)
2026-10-02 17:27:01,029 [INFO]       Appointed Officer: NALLY, Rhiannon Elise, Dr (Director)
2026-10-02 17:27:01,029 [INFO]       Address:          Old Hill Farm Yarwell Road, Wansford, Peterborough, United Kingdom, PE8 6PL
2026-10-02 17:27:02,284 [INFO] [ 26/50] Scraping: FRIENDS BECOME FAMILY CIC (Co #10229226)
2026-10-02 17:27:03,938 [INFO]       Appointed Officer: WHITE, Georgina Fiona Marie (Director)
2026-10-02 17:27:03,938 [INFO]       Address:          58 Leith Close, Slough, Berkshire, SL1 1US
2026-10-02 17:27:05,198 [INFO] [ 27/50] Scraping: RAINBOW LAND EDUTAINMENT C.I.C. (Co #10229258)
2026-10-02 17:27:06,911 [INFO]       Appointed Officer: KENNEDY, Sarah (Director)
2026-10-02 17:27:06,912 [INFO]       Address:          31 Oval Road South, Dagenham, Essex, RM10 9DP
2026-10-02 17:27:08,658 [INFO] [ 28/50] Scraping: BOOST YOUR PROSPECTS C.I.C. (Co #10229358)
2026-10-02 17:27:10,304 [INFO]       Appointed Officer: DIXON, Joanne Kate (Director)
2026-10-02 17:27:10,304 [INFO]       Address:          The Beeches, Cabourne, Lincoln, LN7 6HU
2026-10-02 17:27:12,505 [INFO] [ 29/50] Scraping: IDEAS STATION C.I.C. (Co #9952487)
2026-10-02 17:27:14,191 [INFO]       Appointed Officer: ACHARYA, Niti (Director)
2026-10-02 17:27:14,191 [INFO]       Address:          23 The Glade, Ilford, England, IG5 0NQ
2026-10-02 17:27:16,393 [INFO] [ 30/50] Scraping: HOLSC CIC (Co #9952463)
2026-10-02 17:27:18,232 [INFO]       Appointed Officer: BILLS-EVERETT, David (Director)
2026-10-02 17:27:18,232 [INFO]       Address:          Hethersett Academy, Queens Road, Hethersett, Norfolk, NR9 3DB
2026-10-02 17:27:20,434 [INFO] [ 31/50] Scraping: CHILDREN AND YOUNG PEOPLE'S NETWORK (NE) CIC (Co #9961797)
2026-10-02 17:27:22,133 [INFO]       Appointed Officer: GOWLAND, Mark (Director)
2026-10-02 17:27:22,133 [INFO]       Address:          FENHAM ASSOCIATION OF RESIDENTS, 40-46 Acanthus Avenue, Newcastle Upon Tyne, Tyne & Wear, NE4 9YD
2026-10-02 17:27:24,333 [INFO] [ 32/50] Scraping: 2.TIMES DO CIC (Co #9978242)
2026-10-02 17:27:26,264 [INFO]       Appointed Officer: WOODBRIDGE, Ian Richard (Secretary)
2026-10-02 17:27:26,264 [INFO]       Address:          31 Clifton Street, Exeter, England, EX1 2EN
2026-10-02 17:27:28,467 [INFO] [ 33/50] Scraping: FLUENCE FOUNDATION CIC (Co #10001280)
2026-10-02 17:27:30,683 [INFO]       Appointed Officer: ORDERED MANAGEMENT SECRETARY LTD (Secretary)
2026-10-02 17:27:30,684 [INFO]       Address:          4 Emmanuel Court, Reddicroft, Sutton Coldfield, West Midlands, England, B73 6AZ
2026-10-02 17:27:32,887 [INFO] [ 34/50] Scraping: PHOENIX EMPLOYABILITY AND DISABILITY SUPPORT SERVICES LIMITED C.I.C. (Co #10010645)
2026-10-02 17:27:34,730 [INFO]       Appointed Officer: RICHARDSON, Andrew James (Director)
2026-10-02 17:27:34,730 [INFO]       Address:          10 Bevan Close, Finedon Road Industrial Estate, Wellingborough, England, NN8 4BL
2026-10-02 17:27:36,934 [INFO] [ 35/50] Scraping: TIMES TABLES ROCK STARS CIC (Co #9901470)
2026-10-02 17:27:38,526 [INFO]       Appointed Officer: REDDY, Bruno James Michael (Director)
2026-10-02 17:27:38,526 [INFO]       Address:          The Ossory Offices Hazelwood Lane, Ampthill, Bedford, MK45 2HF
2026-10-02 17:27:40,726 [INFO] [ 36/50] Scraping: BANKS NEWTON HERITAGE CIC (Co #9902686)
2026-10-02 17:27:42,536 [INFO]       Appointed Officer: JENNINGS, Nicola (Director)
2026-10-02 17:27:42,536 [INFO]       Address:          19 Minerva Close, Ancaster, Grantham, England, NG32 3LJ
2026-10-02 17:27:44,735 [INFO] [ 37/50] Scraping: FC ST HELENS LEASE MANAGEMENT CIC (Co #9907852)
2026-10-02 17:27:46,545 [INFO]       Appointed Officer: CAWSEY-GILBERT, Liam Michael (Director)
2026-10-02 17:27:46,545 [INFO]       Address:          Windleshaw Pavilion, Windleshaw Road, St Helens, Merseyside, WA10 6TD
2026-10-02 17:27:48,743 [INFO] [ 38/50] Scraping: HUMAN-NATURE ESCAPES CIC (Co #9913686)
2026-10-02 17:27:50,421 [INFO]       Appointed Officer: CLIFFE, Jeremy Lyndon (Director)
2026-10-02 17:27:50,421 [INFO]       Address:          57 Hanbridge Avenue, Bradwell, Newcastle, Staffs, ST5 8HU
2026-10-02 17:27:52,626 [INFO] [ 39/50] Scraping: HASTINGS FRINGE FESTIVAL CIC (Co #9919593)
2026-10-02 17:27:54,446 [INFO]       Appointed Officer: ALEXANDER, Heather Rosemary (Director)
2026-10-02 17:27:54,446 [INFO]       Address:          14 Upper Park Road, St. Leonards, East Sussex, TN37 6SL
2026-10-02 17:27:56,647 [INFO] [ 40/50] Scraping: NATAL HEALTH CIC (Co #9921274)
2026-10-02 17:27:58,464 [INFO]       Appointed Officer: BADON, Kathryn Julie (Director)
2026-10-02 17:27:58,464 [INFO]       Address:          Suite 4 Crossgates House, 67 Crossgates Shopping Centre, Leeds, England, LS15 8EU
2026-10-02 17:28:00,665 [INFO] [ 41/50] Scraping: MEANINGFUL EDUCATION LTD. CIC (Co #9923205)
2026-10-02 17:28:02,507 [INFO]       Appointed Officer: AHMETAJ, Rigerta (Director)
2026-10-02 17:28:02,507 [INFO]       Address:          The Hub, 48 Sandringham Drive, Houghton Regis, Bedfordshire, England, LU5 5UP
2026-10-02 17:28:04,708 [INFO] [ 42/50] Scraping: AFFIGO C.I.C. (Co #9928775)
2026-10-02 17:28:06,497 [INFO]       Appointed Officer: AINSWORTH, John David (Director)
2026-10-02 17:28:06,498 [INFO]       Address:          12 Brooks Road, Manchester, England, M16 9QR
2026-10-02 17:28:08,704 [INFO] [ 43/50] Scraping: WALK-LIKE-A-PRINCESS CIC (Co #10326461)
2026-10-02 17:28:10,451 [INFO]       Appointed Officer: OKE, Oluwaseun (Secretary)
2026-10-02 17:28:10,451 [INFO]       Address:          33 The Brent, Dartford, Kent, DA1 1YD
2026-10-02 17:28:12,663 [INFO] [ 44/50] Scraping: OPENING DOORS NEWCASTLE-GATESHEAD CIC (Co #10336310)
2026-10-02 17:28:14,441 [INFO]       Appointed Officer: BECKETT, Caroline (Director)
2026-10-02 17:28:14,442 [INFO]       Address:          Heaton Community Centre, Trewhitt Road, Heaton, Newcastle, NE6 5DY
2026-10-02 17:28:16,641 [INFO] [ 45/50] Scraping: CONVEY ARTS CIC (Co #10347058)
2026-10-02 17:28:18,387 [INFO]       Appointed Officer: MAPLES, Holly, Dr (Director)
2026-10-02 17:28:18,388 [INFO]       Address:          61b Lewisham Hill, London, England, SE13 7PL
2026-10-02 17:28:20,598 [INFO] [ 46/50] Scraping: MAKER-WITH-RAME COMMUNITY INTEREST COMPANY (Co #10348127)
2026-10-02 17:28:22,490 [INFO]       Appointed Officer: MACDONALD MOORE, Dominic James (Director)
2026-10-02 17:28:22,490 [INFO]       Address:          16 The Square The Square, Cawsand, Torpoint, England, PL10 1PF
2026-10-02 17:28:24,695 [INFO] [ 47/50] Scraping: THE OWL AND THE COCONUT CIC (Co #10348886)
2026-10-02 17:28:26,445 [INFO]       Appointed Officer: BOWDEN, Gemma (Secretary)
2026-10-02 17:28:26,445 [INFO]       Address:          124 Broom Lane, Levenshulme, Manchester, County (Optional), United Kingdom, M19 3LJ
2026-10-02 17:28:28,651 [INFO] [ 48/50] Scraping: BETTY CHILDREN'S F.T. CIC (Co #10349112)
2026-10-02 17:28:30,337 [INFO]       Appointed Officer: OKWERA, Betty (Secretary)
2026-10-02 17:28:30,337 [INFO]       Address:          71 Aubert Court Avenell Road, London, England, N5 1BL
2026-10-02 17:28:32,537 [INFO] [ 49/50] Scraping: WHAT WORKS WELLBEING C.I.C. (Co #10355835)
2026-10-02 17:28:34,139 [INFO]       Appointed Officer: COLLINSON, Daniel (Director)
2026-10-02 17:28:34,139 [INFO]       Address:          4 Cores End Road, Bourne End, England, SL8 5HP
2026-10-02 17:28:36,340 [INFO] [ 50/50] Scraping: SIX DAYS CREATIVE C.I.C. (Co #10354858)
2026-10-02 17:28:38,051 [INFO]       Appointed Officer: BLYDEN, Daniel James (Director)
2026-10-02 17:28:38,051 [INFO]       Address:          65 Brooklyn Avenue Brooklyn Avenue, Birmingham, England, B6 5BB
2026-10-02 17:28:40,286 [INFO] ================================================================================
2026-10-02 17:28:40,286 [INFO] BATCH FINISHED: Processed 50 companies in 174.8s.
2026-10-02 17:28:40,286 [INFO] Total Cumulative Enriched: 1682 companies.
2026-10-02 17:28:40,286 [INFO] Updated CSV: enriched_uk_companies.csv
2026-10-02 17:28:40,286 [INFO] Updated Log: scraper.log
2026-10-02 17:28:40,286 [INFO] ================================================================================
2026-10-02 23:32:39,742 [INFO] ================================================================================
2026-10-02 23:32:39,742 [INFO] STARTING PRODUCTION UK COMPANIES HOUSE CONTACT SCRAPER
2026-10-02 23:32:39,742 [INFO] ================================================================================
2026-10-02 23:32:39,742 [INFO] Input Dataset:  Companies-House-search-results.csv
2026-10-02 23:32:39,742 [INFO] Output Dataset: enriched_uk_companies.csv
2026-10-02 23:32:39,742 [INFO] Batch Size:     50
2026-10-02 23:32:39,751 [INFO] Already processed in previous runs: 1682 companies
2026-10-02 23:32:39,774 [INFO] Total remaining companies to scrape: 3318
2026-10-02 23:32:39,774 [INFO] Processing next batch of 50 companies...

2026-10-02 23:32:39,774 [INFO] [  1/50] Scraping: PEOPLE OF CREATIVITY C.I.C. (Co #10361602)
2026-10-02 23:32:41,697 [INFO]       Appointed Officer: BROGAN-ANABRABA, Soala (Director)
2026-10-02 23:32:41,697 [INFO]       Address:          216 A Caledonian Road, London, England, N1 0NG
2026-10-02 23:32:43,559 [INFO]    [EMAIL]   info@creativecity.org.uk
2026-10-02 23:32:43,559 [INFO]    [WEBSITE] https://creativecity.org.uk/
2026-10-02 23:32:44,559 [INFO] [  2/50] Scraping: THOUGHT GROUP CIC (Co #10386102)
2026-10-02 23:32:46,430 [INFO]       Appointed Officer: BILLINGHURST, Gareth (Director)
2026-10-02 23:32:46,430 [INFO]       Address:          Clarity House, Durham Road, Birtley, Tyne And Wear, DH3 2TB
2026-10-02 23:32:47,729 [INFO] [  3/50] Scraping: CAPTURE ACTION MEDIA C.I.C. (Co #10387876)
2026-10-02 23:32:49,588 [INFO]       Appointed Officer: HUGHES, David (Secretary)
2026-10-02 23:32:49,588 [INFO]       Address:          The Co-Op Centre, White House Road, Sunderland, Tyne And Wear, England, SR2 8AH
2026-10-02 23:32:50,860 [INFO] [  4/50] Scraping: SEEDS FOR SUCCESS CIC (Co #10085472)
2026-10-02 23:32:52,584 [INFO]       Appointed Officer: BEADLE, Geoffrey David (Director)
2026-10-02 23:32:52,584 [INFO]       Address:          31 Townfield Lane, Barnton, Northwich, Cheshire, CW8 4LH
2026-10-02 23:32:53,839 [INFO] [  5/50] Scraping: CONSERVATION MANAGEMENT SERVICES COMMUNITY INTEREST COMPANY (Co #10085926)
2026-10-02 23:32:55,541 [INFO]       Appointed Officer: STABLER, Karl (Director)
2026-10-02 23:32:55,541 [INFO]       Address:          The Stables The Stables, Meadow Nursery Lodge, Doxford Park, Sunderland, England, SR3 2PE
2026-10-02 23:32:56,825 [INFO] [  6/50] Scraping: CHRISTCHURCH FESTIVAL C.I.C. (Co #10085477)
2026-10-02 23:32:58,562 [INFO]       Appointed Officer: DEANS, Graham Paul, Dr (Director)
2026-10-02 23:32:58,563 [INFO]       Address:          10 Asquith Close, Christchurch, BH23 3DX
2026-10-02 23:32:59,829 [INFO] [  7/50] Scraping: UNITED KINGDOM JIU-JITSU FEDERATION C.I.C. (Co #10083755)
2026-10-02 23:33:01,601 [INFO]       Appointed Officer: GRACIE GOMES, Roger (Director)
2026-10-02 23:33:01,601 [INFO]       Address:          50 Whitehall Park Road, London, England, W4 3NB
2026-10-02 23:33:02,859 [INFO] [  8/50] Scraping: PURSUIT OF HEALTH CIC (Co #10085428)
2026-10-02 23:33:04,537 [INFO]       Appointed Officer: GRACE, Sam Ashley (Director)
2026-10-02 23:33:04,537 [INFO]       Address:          148 Avondale Drive, Widnes, England, WA8 7XQ
2026-10-02 23:33:05,802 [INFO] [  9/50] Scraping: CRUCIAL ARTS PRODUCTIONS CIC (Co #10098786)
2026-10-02 23:33:07,444 [INFO]       Appointed Officer: PEET, Karen Jane (Director)
2026-10-02 23:33:07,444 [INFO]       Address:          11 Arklow Square, Ramsgate, England, CT11 8PS
2026-10-02 23:33:08,703 [INFO] [ 10/50] Scraping: STANLEY PARK LIVERPOOL C.I.C. (Co #10099178)
2026-10-02 23:33:10,543 [INFO]       Appointed Officer: DOTTIE, Derek John (Director)
2026-10-02 23:33:10,543 [INFO]       Address:          The Lodge, 1a Anfield Road, Liverpool, Merseyside, L4 0TD
2026-10-02 23:33:11,801 [INFO] [ 11/50] Scraping: PRESTON HACKSPACE CIC (Co #10308520)
2026-10-02 23:33:13,608 [INFO]       Appointed Officer: DELL, Christopher (Director)
2026-10-02 23:33:13,608 [INFO]       Address:          46 Garstang Road, Bowgreave, Preston, England, PR3 1YE
2026-10-02 23:33:14,873 [INFO] [ 12/50] Scraping: REAL BIRMINGHAM CIC (Co #10033147)
2026-10-02 23:33:16,398 [INFO]       Appointed Officer: ANKCORN, Robert James (Director)
2026-10-02 23:33:16,398 [INFO]       Address:          Real Birmingham Cic 82a, James Carter Road, Mildenhall, Suffolk, England, IP28 7DE
2026-10-02 23:33:17,683 [INFO] [ 13/50] Scraping: BREAK THE CYCLE COMMUNITY INTEREST COMPANY (Co #10044834)
2026-10-02 23:33:19,609 [INFO]       Appointed Officer: CURRIE, Kelvin Milton (Director)
2026-10-02 23:33:19,609 [INFO]       Address:          37 Golden Ridge, Freshwater, Isle Of Wight, PO40 9LF
2026-10-02 23:33:20,900 [INFO] [ 14/50] Scraping: UNSTOPPABLE LAB CIC (Co #10048140)
2026-10-02 23:33:22,512 [INFO]       Appointed Officer: ALLEN, Gary (Director)
2026-10-02 23:33:22,512 [INFO]       Address:          43a Market Place, Bawtry, Doncaster, England, DN10 6JL
2026-10-02 23:33:23,771 [INFO] [ 15/50] Scraping: CARDIFF FRINGE THEATRE FESTIVAL CIC (Co #10053334)
2026-10-02 23:33:25,508 [INFO]       Appointed Officer: PAIGE, Isabelle Patricia Theodora, Director (Director)
2026-10-02 23:33:25,508 [INFO]       Address:          Isabelle Paige, 29 Oakfield Street, Cardiff, Wales, CF24 3RE
2026-10-02 23:33:26,773 [INFO] [ 16/50] Scraping: PHOENIX BOUTIQUE STUDIOS LIMITED C.I.C. (Co #10070411)
2026-10-02 23:33:28,760 [INFO]       Appointed Officer: RICHARDSON, Andrew James (Director)
2026-10-02 23:33:28,760 [INFO]       Address:          10 Bevan Close, Finedon Road Industrial Estate, Wellingborough, England, NN8 4BL
2026-10-02 23:33:30,027 [INFO] [ 17/50] Scraping: BMAD (BIKERS MAKE A DIFFERENCE) C.I.C. (Co #10402296)
2026-10-02 23:33:31,734 [INFO]       Appointed Officer: HALLORAN, Jayne Elizabeth (Director)
2026-10-02 23:33:31,734 [INFO]       Address:          Sigma House Oak View Close, Edginswell Park, Torquay, Devon, United Kingdom, TQ2 7FF
2026-10-02 23:33:33,003 [INFO] [ 18/50] Scraping: GOLDMARK COMMUNITIES CIC (Co #10427453)
2026-10-02 23:33:34,817 [INFO]       Appointed Officer: AFZAL, Babar (Director)
2026-10-02 23:33:34,817 [INFO]       Address:          Enterprise House Suite 1 Capricorn Park, Blakewater Road, Blackburn, BB1 5QR
2026-10-02 23:33:36,077 [INFO] [ 19/50] Scraping: MADE IN CROYDON CIC (Co #10429407)
2026-10-02 23:33:37,934 [INFO]       Appointed Officer: FALLON, Bernadette (Director)
2026-10-02 23:33:37,934 [INFO]       Address:          7 Eden Road, Croydon, CR0 1BB
2026-10-02 23:33:39,197 [INFO] [ 20/50] Scraping: REGENERATE NORTH WALSHAM LTD CIC (Co #10439029)
2026-10-02 23:33:40,909 [INFO]       Appointed Officer: WITTE, Jonathan Miles (Director)
2026-10-02 23:33:40,909 [INFO]       Address:          1a St. Nicholas Court, North Walsham, Norfolk, United Kingdom, NR28 9BY
2026-10-02 23:33:42,209 [INFO] [ 21/50] Scraping: CAGED ARTS CIC (Co #10440899)
2026-10-02 23:33:44,137 [INFO]       Appointed Officer: DAVIES, Jessica May (Director)
2026-10-02 23:33:44,137 [INFO]       Address:          14 Angel Place Angel Place, Worcester, England, WR1 3QN
2026-10-02 23:33:45,395 [INFO] [ 22/50] Scraping: EQUINE THERAPY DERBY CIC (Co #9845790)
2026-10-02 23:33:47,204 [INFO]       Appointed Officer: BIRRANE, Sarah Christina Mary (Director)
2026-10-02 23:33:47,205 [INFO]       Address:          84 Cheal Close, Shardlow, Derby, Derbyshire, England, DE72 2DY
2026-10-02 23:33:48,467 [INFO] [ 23/50] Scraping: PROJECT FOODHALL C.I.C. (Co #9854703)
2026-10-02 23:33:50,241 [INFO]       Appointed Officer: HONEYWELL, Carissa, Dr (Director)
2026-10-02 23:33:50,242 [INFO]       Address:          62 Brown Street Brown Street, Sheffield, England, S1 2BS
2026-10-02 23:33:51,503 [INFO] [ 24/50] Scraping: TRAINING4WORK COMMUNITY INTEREST COMPANY (Co #9870565)
2026-10-02 23:33:53,151 [INFO]       Appointed Officer: FINLEY, Mark Nigel John (Director)
2026-10-02 23:33:53,151 [INFO]       Address:          2 Emms Cottages, Racton, Chichester, West Sussex, PO18 9DS
2026-10-02 23:33:54,417 [INFO] [ 25/50] Scraping: NORTHLEW STORES COMMUNITY INTEREST COMPANY (Co #9872234)
2026-10-02 23:33:56,471 [INFO]       Appointed Officer: ANSCOMB, Daniel Charles (Director)
2026-10-02 23:33:56,471 [INFO]       Address:          Northlew Stores The Square, Northlew, Okehampton, Devon, EX20 3NZ
2026-10-02 23:33:57,733 [INFO] [ 26/50] Scraping: ITEAH'S NATURAL HERBS & SPICES CIC (Co #11966148)
2026-10-02 23:33:59,348 [INFO]       Appointed Officer: MASAI, Iteah (Director)
2026-10-02 23:33:59,348 [INFO]       Address:          Flat 1 18 Basing Street, London, W11 1ES
2026-10-02 23:34:00,614 [INFO] [ 27/50] Scraping: AAP SPORTS CIC (Co #11965530)
2026-10-02 23:34:02,286 [INFO]       Appointed Officer: SNOW, Dominic (Director)
2026-10-02 23:34:02,286 [INFO]       Address:          17 Wyfold House Wolvercote Road, London, United Kingdom, SE2 9TJ
2026-10-02 23:34:04,027 [INFO] [ 28/50] Scraping: DYNAMITE DANCE ACADEMY CIC (Co #11966179)
2026-10-02 23:34:05,882 [INFO]       Appointed Officer: BLAKE, Katrina (Director)
2026-10-02 23:34:05,883 [INFO]       Address:          9 Dundalk Road, London, England, SE4 2JJ
2026-10-02 23:34:08,095 [INFO] [ 29/50] Scraping: HEALTHY LIFE HEALTHY FOOD COMMUNITY INTEREST COMPANY (Co #11966222)
2026-10-02 23:34:09,901 [INFO]       Appointed Officer: NICHOLSON, Kaye (Director)
2026-10-02 23:34:09,901 [INFO]       Address:          34 Frederick Street, Sunderland, England, SR1 1LN
2026-10-02 23:34:12,154 [INFO] [ 30/50] Scraping: DEMIF GALLERY C.I.C. (Co #11968739)
2026-10-02 23:34:13,895 [INFO]       Appointed Officer: DEMIF, Didier (Director)
2026-10-02 23:34:13,895 [INFO]       Address:          21 Belmont Avenue, Warrington, England, WA4 1LY
2026-10-02 23:34:16,104 [INFO] [ 31/50] Scraping: ALS SOCIAL COMMUNITY INTEREST COMPANY (Co #11968868)
2026-10-02 23:34:18,034 [INFO]       Appointed Officer: MCFADDEN, Martyn Alexander (Secretary)
2026-10-02 23:34:18,034 [INFO]       Address:          7 & 8 Kingfisher Way, Silverlink Business Park, Wallsend, Tyne And Wear, United Kingdom, NE28 9NX
2026-10-02 23:34:20,241 [INFO] [ 32/50] Scraping: ZERO WASTE SPACE CIC (Co #SC644608)
2026-10-02 23:34:22,009 [INFO]       Appointed Officer: KIRSCH, Esme Louise (Director)
2026-10-02 23:34:22,009 [INFO]       Address:          13 Castle Street, Dumfries, Scotland, DG1 1DJ
2026-10-02 23:34:24,215 [INFO] [ 33/50] Scraping: CORE CONNECTIONS COACHING & TRAINING CIC (Co #SC645254)
2026-10-02 23:34:25,950 [INFO]       Appointed Officer: MILLS, Steven Michael (Director)
2026-10-02 23:34:25,951 [INFO]       Address:          Basement, 4 Burnbank Gardens, Glasgow, Scotland, G20 6HB
2026-10-02 23:34:28,155 [INFO] [ 34/50] Scraping: EQUILIBRIUM CALEDONIA C.I.C. (Co #SC649310)
2026-10-02 23:34:29,868 [INFO]       Appointed Officer: ANNAND, Finella Burnice Munro (Director)
2026-10-02 23:34:29,868 [INFO]       Address:          23 Knocknagael, Inverness, United Kingdom, IV2 6BG
2026-10-02 23:34:32,071 [INFO] [ 35/50] Scraping: 432HERTZ COMMUNITY INTEREST COMPANY (Co #SC650152)
2026-10-02 23:34:33,592 [INFO]       Appointed Officer: TAYLOR, Louise Maria (Director)
2026-10-02 23:34:33,592 [INFO]       Address:          432hertz Clyde Offices, 48 West George Street, Glasgow, United Kingdom, G2 1BP
2026-10-02 23:34:35,793 [INFO] [ 36/50] Scraping: RENFREW FC (YOUTH SECTION) C.I.C. (Co #SC658999)
2026-10-02 23:34:37,427 [INFO]       Appointed Officer: SHEARER, Michael (Director)
2026-10-02 23:34:37,427 [INFO]       Address:          New Western Park, 1 Argyll Avenue, Renfrew, Scotland, PA4 9EF
2026-10-02 23:34:39,634 [INFO] [ 37/50] Scraping: HUMANS OF CODE C.I.C. (Co #SC659767)
2026-10-02 23:34:41,659 [INFO]       Appointed Officer: BAKER, Anthony Patrick Matthew (Director)
2026-10-02 23:34:41,659 [INFO]       Address:          272 Bath Street, Glasgow, Scotland, G2 4JR
2026-10-02 23:34:43,864 [INFO] [ 38/50] Scraping: PEOPLE'S FOOD CIC (Co #SC662474)
2026-10-02 23:34:45,553 [INFO]       Appointed Officer: WAHLA, Mohammad Afzal (Director)
2026-10-02 23:34:45,554 [INFO]       Address:          1/2 81 Minard Road, Glasgow, Scotland, G41 2EJ
2026-10-02 23:34:47,762 [INFO] [ 39/50] Scraping: MAN ON! INVERCLYDE LTD (Co #SC661738)
2026-10-02 23:34:49,578 [INFO]       Appointed Officer: BETHEL, William (Director)
2026-10-02 23:34:49,578 [INFO]       Address:          Man On Wellbeing Centre Unit 2a, 15 Dellingburn Street, Greenock, Inverclyde, Scotland, PA15 4RN
2026-10-02 23:34:51,786 [INFO] [ 40/50] Scraping: AR DACHAIGHEAN CIC (Co #SC662346)
2026-10-02 23:34:53,433 [INFO]       Appointed Officer: LOGAN, Louise Caroline (Director)
2026-10-02 23:34:53,433 [INFO]       Address:          Hunters Cottage Alma Road, Brodick, Isle Of Arran, Scotland, KA27 8BU
2026-10-02 23:34:55,636 [INFO] [ 41/50] Scraping: PHOENIX AFFORDABLE HOMES C.I.C. (Co #SC664384)
2026-10-02 23:34:57,533 [INFO]       Appointed Officer: CHATWIN-LEE, Kirsty Ann (Director)
2026-10-02 23:34:57,533 [INFO]       Address:          23 Crescent Road, Lundin Links, Leven, Scotland, KY8 6AE
2026-10-02 23:34:59,746 [INFO] [ 42/50] Scraping: PERMAWILD CIC (Co #SC663039)
2026-10-02 23:35:01,364 [INFO]       Appointed Officer: BARTON, Darran (Director)
2026-10-02 23:35:01,364 [INFO]       Address:          62 Downie Grove, Edinburgh, Scotland, EH12 7AX
2026-10-02 23:35:03,565 [INFO] [ 43/50] Scraping: FATHERSHUG COMMUNITY INTEREST COMPANY (Co #SC666235)
2026-10-02 23:35:05,588 [INFO]       Appointed Officer: OLANREWAJU, Dapo (Director)
2026-10-02 23:35:05,588 [INFO]       Address:          46 Lerwick Road, Aberdeen, Scotland, AB16 6RF
2026-10-02 23:35:07,791 [INFO] [ 44/50] Scraping: CAFE WELL CIC (Co #SC667496)
2026-10-02 23:35:09,633 [INFO]       Appointed Officer: DOUGLAS, Andrew George (Director)
2026-10-02 23:35:09,634 [INFO]       Address:          13 13 Amulree Court, Perth, Scotland, PH1 2HX
2026-10-02 23:35:11,839 [INFO] [ 45/50] Scraping: HIGHLAND MARTIAL ARTS CIC (Co #SC668127)
2026-10-02 23:35:13,588 [INFO]       Appointed Officer: SHILLABEER, Simon David (Director)
2026-10-02 23:35:13,588 [INFO]       Address:          29 George Street, Nairn, Scotland, IV12 5DU
2026-10-02 23:35:15,800 [INFO] [ 46/50] Scraping: SICKLE BEAN COMMUNITY INTEREST COMPANY (Co #SC666981)
2026-10-02 23:35:17,485 [INFO]       Appointed Officer: OGUNRINADE, Wendy (Secretary)
2026-10-02 23:35:17,485 [INFO]       Address:          Flat 3 3, St. Kentigern View, Edinburgh, Scotland, United Kingdom, EH4 7QB
2026-10-02 23:35:19,693 [INFO] [ 47/50] Scraping: WOOD OF ARBEADIE FTTP INSTALLATION CIC (Co #SC668098)
2026-10-02 23:35:21,549 [INFO]       Appointed Officer: BRUCE, David Vardon (Director)
2026-10-02 23:35:21,549 [INFO]       Address:          41 Provost Black Drive, Banchory, Scotland, AB31 4FG
2026-10-02 23:35:23,765 [INFO] [ 48/50] Scraping: MUMO AND COMMUNITY CIC (Co #SC671212)
2026-10-02 23:35:26,398 [INFO]       Appointed Officer: SAMUEL, Kirstin Innes (Director)
2026-10-02 23:35:26,398 [INFO]       Address:          1/2 27 La Crosse Terrace, Glasgow, Scotland, G12 8EX
2026-10-02 23:35:28,606 [INFO] [ 49/50] Scraping: TIME TO TACKLE CIC (Co #SC681369)
2026-10-02 23:35:30,323 [INFO]       Appointed Officer: CONNOLLY, Aaron David Patrick (Director)
2026-10-02 23:35:30,323 [INFO]       Address:          G/1 4 Merlin Way, Newton Mearns, Glasgow, Scotland, G77 6ZH
2026-10-02 23:35:32,535 [INFO] [ 50/50] Scraping: CLIMATE VPN CIC (Co #SC682890)
2026-10-02 23:35:34,177 [INFO]       Appointed Officer: DRAPER, James Charles (Director)
2026-10-02 23:35:34,177 [INFO]       Address:          4 Glaitness Court, Kirkwall, Scotland, KW15 1GW
2026-10-02 23:35:36,411 [INFO] ================================================================================
2026-10-02 23:35:36,411 [INFO] BATCH FINISHED: Processed 50 companies in 176.6s.
2026-10-02 23:35:36,411 [INFO] Total Cumulative Enriched: 1732 companies.
2026-10-02 23:35:36,411 [INFO] Updated CSV: enriched_uk_companies.csv
2026-10-02 23:35:36,411 [INFO] Updated Log: scraper.log
2026-10-02 23:35:36,411 [INFO] ================================================================================
2026-10-03 03:44:37,946 [INFO] ================================================================================
2026-10-03 03:44:37,946 [INFO] STARTING PRODUCTION UK COMPANIES HOUSE CONTACT SCRAPER
2026-10-03 03:44:37,946 [INFO] ================================================================================
2026-10-03 03:44:37,946 [INFO] Input Dataset:  Companies-House-search-results.csv
2026-10-03 03:44:37,946 [INFO] Output Dataset: enriched_uk_companies.csv
2026-10-03 03:44:37,947 [INFO] Batch Size:     50
2026-10-03 03:44:37,956 [INFO] Already processed in previous runs: 1732 companies
2026-10-03 03:44:37,978 [INFO] Total remaining companies to scrape: 3268
2026-10-03 03:44:37,978 [INFO] Processing next batch of 50 companies...

2026-10-03 03:44:37,978 [INFO] [  1/50] Scraping: AROTEC ENTERPRISE CIC (Co #13297661)
2026-10-03 03:44:39,079 [INFO]       Appointed Officer: CACOMBE, Cristovao Mario (Director)
2026-10-03 03:44:39,079 [INFO]       Address:          Flat 21 Sinclair Mansions, Richmond Way, London, England, W12 8LN
2026-10-03 03:44:43,270 [INFO]    [EMAIL]   EU_info@arodia.com
2026-10-03 03:44:43,271 [INFO]    [WEBSITE] https://www.arodia.com/
2026-10-03 03:44:44,271 [INFO] [  2/50] Scraping: DERBYSHIRE COMMUNITY ACTION ASSOCIATION CIC (Co #13297922)
2026-10-03 03:44:45,246 [INFO]       Appointed Officer: KEMP, Andrea Claire (Director)
2026-10-03 03:44:45,246 [INFO]       Address:          St. Helens House, King Street, Derby, England, DE1 3EE
2026-10-03 03:44:46,323 [INFO] [  3/50] Scraping: GREENSHANKS BOOK EMPORIUM CIC (Co #13301680)
2026-10-03 03:44:47,255 [INFO]       Appointed Officer: CONEY, John (Director)
2026-10-03 03:44:47,255 [INFO]       Address:          31 Greenbank Road, Altofts, Normanton, West Yorkshire, United Kingdom, WF6 2JU
2026-10-03 03:44:48,356 [INFO] [  4/50] Scraping: CHELSHAM & FARLEIGH BROADBAND CIC (Co #13303101)
2026-10-03 03:44:49,349 [INFO]       Appointed Officer: VELDEMAN, Richard Alfred (Director)
2026-10-03 03:44:49,349 [INFO]       Address:          Farleigh End, Farleigh Common, Warlingham, England, CR6 9PE
2026-10-03 03:44:50,422 [INFO] [  5/50] Scraping: PLANT SQUARED CIC (Co #13304671)
2026-10-03 03:44:51,509 [INFO]       Appointed Officer: BIRCH, Andrew Charles (Director)
2026-10-03 03:44:51,509 [INFO]       Address:          30 Savile Park Street, Halifax, England, HX1 3EG
2026-10-03 03:44:52,624 [INFO] [  6/50] Scraping: IGNITE- COMMUNITY YOUTH WORK CIC (Co #13305123)
2026-10-03 03:44:53,702 [INFO]       Appointed Officer: BENNETT, Scott Daniel (Director)
2026-10-03 03:44:53,702 [INFO]       Address:          24 Haddon Drive, Woodley, Reading, England, RG5 4LU
2026-10-03 03:44:54,776 [INFO] [  7/50] Scraping: KIND CURRENCY CLUB CIC (Co #13890920)
2026-10-03 03:44:55,735 [INFO]       Appointed Officer: BUCKLE, Gina Elizabeth Kay (Director)
2026-10-03 03:44:55,735 [INFO]       Address:          16 Willowfield Avenue, Newcastle Upon Tyne, United Kingdom, NE3 3NE
2026-10-03 03:44:56,847 [INFO] [  8/50] Scraping: PETS AND WELL-BEING SUPPORT (PAWS) COMMUNITY INTEREST COMPANY (Co #12575496)
2026-10-03 03:44:58,059 [INFO]       Appointed Officer: SAMWAYS, Alison Rebecca (Director)
2026-10-03 03:44:58,059 [INFO]       Address:          34 Bridge Street, Cheltenham, England, GL51 9DH
2026-10-03 03:44:59,180 [INFO] [  9/50] Scraping: PROSPHER CIC (Co #13795872)
2026-10-03 03:45:00,343 [INFO]       Appointed Officer: FORDHAM, Serena April (Director)
2026-10-03 03:45:00,343 [INFO]       Address:          Suite 3, 91 Mayflower Street, Plymouth, England, PL1 1SB
2026-10-03 03:45:01,424 [INFO] [ 10/50] Scraping: FORUSFILLMS CIC (Co #14537287)
2026-10-03 03:45:02,447 [INFO]       Appointed Officer: AITANGE, Stefan (Director)
2026-10-03 03:45:02,448 [INFO]       Address:          596 Kingsland Road, London, England, E8 4AH
2026-10-03 03:45:03,536 [INFO] [ 11/50] Scraping: TRANSFORMATIONAL LEARNING CIC (Co #15442801)
2026-10-03 03:45:04,565 [INFO]       Appointed Officer: ELLIOTT, Ben Christopher (Director)
2026-10-03 03:45:04,565 [INFO]       Address:          26 West Lane, Newcastle Upon Tyne, United Kingdom, NE12 7BD
2026-10-03 03:45:05,652 [INFO] [ 12/50] Scraping: THE BLEU ROSE PROJECT C.I.C. (Co #14537667)
2026-10-03 03:45:06,646 [INFO]       Appointed Officer: WOODROFFE, Ashley (Director)
2026-10-03 03:45:06,646 [INFO]       Address:          17a Electric Lane Brixton, London, Greater London, United Kingdom, SW9 8LA
2026-10-03 03:45:07,741 [INFO] [ 13/50] Scraping: LE PETIT ARTISTE THEATRE COMPANY C.I.C. (Co #8993364)
2026-10-03 03:45:08,821 [INFO]       Appointed Officer: BAKER, Matthew (Director)
2026-10-03 03:45:08,821 [INFO]       Address:          13 13 Sykes Street, Newhey, Rochdale, England, OL16 4JP
2026-10-03 03:45:09,906 [INFO] [ 14/50] Scraping: MAKAI LEARNING EDU CIC (Co #14410893)
2026-10-03 03:45:10,962 [INFO]       Appointed Officer: AHMAD, Tasnim (Director)
2026-10-03 03:45:10,963 [INFO]       Address:          10 Longbridge Road, Faircross Parade, Barking, United Kingdom, IG11 8UN
2026-10-03 03:45:12,071 [INFO] [ 15/50] Scraping: INVESTED IN PEOPLE CIC (Co #13176432)
2026-10-03 03:45:13,048 [INFO]       Appointed Officer: CUDWORTH, Jack Robert (Director)
2026-10-03 03:45:13,048 [INFO]       Address:          39 Tiverton Road, Coventry, England, CV2 3DL
2026-10-03 03:45:14,123 [INFO] [ 16/50] Scraping: CARMENTA CARE CIC (Co #14549813)
2026-10-03 03:45:15,102 [INFO]       Appointed Officer: BARNES, Rachel Lawren (Director)
2026-10-03 03:45:15,102 [INFO]       Address:          7 Leigh Road, Gravesend, England, DA11 7PS
2026-10-03 03:45:16,203 [INFO] [ 17/50] Scraping: STUDLEY IN BUSINESS CIC (Co #11337145)
2026-10-03 03:45:17,372 [INFO]       Appointed Officer: HUNT, Philip (Director)
2026-10-03 03:45:17,372 [INFO]       Address:          40 Wood Lane, Astwood Bank, Redditch, England, B96 6NW
2026-10-03 03:45:18,466 [INFO] [ 18/50] Scraping: STYLE MY MIND CIC (Co #14537749)
2026-10-03 03:45:19,549 [INFO]       Appointed Officer: FRAZER, Ethel Julie (Director)
2026-10-03 03:45:19,549 [INFO]       Address:          16a Lancaster Road, London, England, SE25 4AJ
2026-10-03 03:45:20,632 [INFO] [ 19/50] Scraping: UBOX BOXING C.I.C. (Co #14469592)
2026-10-03 03:45:21,692 [INFO]       Appointed Officer: COX, Oliver (Director)
2026-10-03 03:45:21,692 [INFO]       Address:          4 Church Street, Warsop, Mansfield, England, NG20 0AH
2026-10-03 03:45:22,773 [INFO] [ 20/50] Scraping: EDU-CARE RECYCLING UK COMMUNITY INTEREST COMPANY (Co #8115138)
2026-10-03 03:45:23,843 [INFO]       Appointed Officer: KENNEDY, Grant Terrance (Director)
2026-10-03 03:45:23,843 [INFO]       Address:          Gemini House, 136 - 140 Old Shoreham Road, Brighton, England, BN3 7BD
2026-10-03 03:45:24,913 [INFO] [ 21/50] Scraping: COFFIN CLUB NORTH LONDON CIC (Co #11969066)
2026-10-03 03:45:25,952 [INFO]       Appointed Officer: BEATTIE, Susan Jennifer (Director)
2026-10-03 03:45:25,952 [INFO]       Address:          4 Greyhound Road, London, United Kingdom, N17 6XW
2026-10-03 03:45:27,026 [INFO] [ 22/50] Scraping: THE FOUNDATION TO WORK CIC (Co #13945840)
2026-10-03 03:45:28,056 [INFO]       Appointed Officer: ALTHAM, Stephenie Mary (Director)
2026-10-03 03:45:28,056 [INFO]       Address:          Workshop 4 Lymedale Business Centre, Hooters Hall Road, Newcastle Under Lyme, Staffordshire, United Kingdom, ST5 6RN
2026-10-03 03:45:29,222 [INFO] [ 23/50] Scraping: PLATFORM4YOUTH C.I.C. (Co #14534540)
2026-10-03 03:45:30,155 [INFO]       Appointed Officer: BONNETT-JOHNSON, Sean Anthony Miles (Director)
2026-10-03 03:45:30,155 [INFO]       Address:          46 Kingsley Road, Ilford, England, IG6 2LL
2026-10-03 03:45:31,242 [INFO] [ 24/50] Scraping: SUITCASE MEDIA COMMUNITY INTEREST COMPANY (Co #7193513)
2026-10-03 03:45:32,297 [INFO]       Appointed Officer: CONNELLY, James Joseph (Director)
2026-10-03 03:45:32,297 [INFO]       Address:          Flat 4 Vincent Court, 199 New Park Road, London, England, SW2 4HP
2026-10-03 03:45:33,389 [INFO] [ 25/50] Scraping: COMBROGI SIR GAR CIC (Co #13859441)
2026-10-03 03:45:34,409 [INFO]       Appointed Officer: CORNOCK, James Gerallt (Secretary)
2026-10-03 03:45:34,410 [INFO]       Address:          Ashmole & Co Castle House, High Street, Ammanford, United Kingdom, SA18 2NB
2026-10-03 03:45:35,479 [INFO] [ 26/50] Scraping: FLAWEDUCATION CIC (Co #14549202)
2026-10-03 03:45:36,422 [INFO]       Appointed Officer: LOWE, Kurtis Dean (Director)
2026-10-03 03:45:36,422 [INFO]       Address:          18 Colby Road, London, England, SE19 1HA
2026-10-03 03:45:37,498 [INFO] [ 27/50] Scraping: MODEL MY CITY COMMUNITY INTEREST COMPANY (Co #12007868)
2026-10-03 03:45:38,450 [INFO]       Appointed Officer: TUFAIL, Shana (Director)
2026-10-03 03:45:38,450 [INFO]       Address:          24 Athlone Street, Flat 20, London, England, NW5 4LJ
2026-10-03 03:45:40,024 [INFO] [ 28/50] Scraping: COMMUNITY LUNCHES C.I.C. (Co #13968749)
2026-10-03 03:45:41,012 [INFO]       Appointed Officer: TOBIN, Bianca-Jo Michelle (Director)
2026-10-03 03:45:41,012 [INFO]       Address:          14 Leaze Street, Swindon, Wiltshire, United Kingdom, SN1 7BJ
2026-10-03 03:45:43,078 [INFO] [ 29/50] Scraping: COLOURFUL CONVERSATIONS C.I.C. (Co #12713104)
2026-10-03 03:45:44,128 [INFO]       Appointed Officer: MASON, Carly Alexandra (Director)
2026-10-03 03:45:44,128 [INFO]       Address:          PO Box 4385, 12713104 - COMPANIES HOUSE DEFAULT ADDRESS, Cardiff, CF14 8LH
2026-10-03 03:45:46,195 [INFO] [ 30/50] Scraping: SNUB PRODUCTIONS COMMUNITY INTEREST COMPANY (Co #14008369)
2026-10-03 03:45:47,158 [INFO]       Appointed Officer: ASHWORTH, Martin Kenneth (Director)
2026-10-03 03:45:47,158 [INFO]       Address:          Flat 16 Martock Court, Consort Road, London, England, SE15 2PL
2026-10-03 03:45:49,215 [INFO] [ 31/50] Scraping: NOTTINGHAM REHABILITATION GYM CIC (Co #12913875)
2026-10-03 03:45:50,276 [INFO]       Appointed Officer: CAMPBELL, Leigh Ann, Dr (Director)
2026-10-03 03:45:50,276 [INFO]       Address:          1a Regent Street, Beeston, Nottingham, England, NG9 2EA
2026-10-03 03:45:52,357 [INFO] [ 32/50] Scraping: HAPPY HEALTHY EDUCATION CIC (Co #11352255)
2026-10-03 03:45:53,298 [INFO]       Appointed Officer: BLAIR, Andrea Jane, Dr (Director)
2026-10-03 03:45:53,299 [INFO]       Address:          Unit 3d Guildford Road Ind Est, Guildford Road Industrial Estate, Hayle, England, TR27 4QZ
2026-10-03 03:45:55,363 [INFO] [ 33/50] Scraping: MADE FOR EXTRAORDINARY PEOPLE CIC (Co #12659132)
2026-10-03 03:45:56,328 [INFO]       Appointed Officer: MCMANUS, Corinne Margaret Elisabeth (Director)
2026-10-03 03:45:56,328 [INFO]       Address:          Archer House, Northbourne Road, Eastbourne, England, BN22 8PW
2026-10-03 03:45:58,393 [INFO] [ 34/50] Scraping: TAKEN FOR GRANTED CIC (Co #13397787)
2026-10-03 03:45:59,350 [INFO]       Appointed Officer: GOMBRICH, Leonie Lilavati (Director)
2026-10-03 03:45:59,350 [INFO]       Address:          6 Celia Road, London, England, N19 5ET
2026-10-03 03:46:01,415 [INFO] [ 35/50] Scraping: SETOVILLA CIC (Co #SC680647)
2026-10-03 03:46:02,983 [INFO]       Appointed Officer: LATHAM, Holly Louise (Director)
2026-10-03 03:46:02,983 [INFO]       Address:          0/1 26 Fortingall Place, Glasgow, Scotland, G12 0LT
2026-10-03 03:46:05,067 [INFO] [ 36/50] Scraping: MACTHREE C.I.C. (Co #SC524618)
2026-10-03 03:46:06,155 [INFO]       Appointed Officer: WELLS, Matthew Gordon (Secretary)
2026-10-03 03:46:06,155 [INFO]       Address:          252 High Street, Elgin, Moray, Scotland, IV30 1BE
2026-10-03 03:46:08,222 [INFO] [ 37/50] Scraping: PLACES FOR CHILDREN TRAINING CIC (Co #12797685)
2026-10-03 03:46:09,309 [INFO]       Appointed Officer: COSSEY, Glynn Michael (Director)
2026-10-03 03:46:09,309 [INFO]       Address:          36 Sun Street, Waltham Abbey, England, EN9 1EJ
2026-10-03 03:46:11,368 [INFO] [ 38/50] Scraping: SURVIVORS EMPOWERING AND EDUCATING SERVICES C.I.C. (Co #12499813)
2026-10-03 03:46:12,478 [INFO]       Appointed Officer: HIRST, Natasha Clare (Director)
2026-10-03 03:46:12,478 [INFO]       Address:          60 Heathfield Road, Cardiff, Wales, CF14 3JY
2026-10-03 03:46:14,549 [INFO] [ 39/50] Scraping: VETERAN SUPPORT GROUP CIC (Co #15043063)
2026-10-03 03:46:15,573 [INFO]       Appointed Officer: CARTLIDGE, Sam (Director)
2026-10-03 03:46:15,573 [INFO]       Address:          Unit 22 Leigh Road, Ramsgate, England, CT12 5EU
2026-10-03 03:46:17,640 [INFO] [ 40/50] Scraping: SAFE HAVEN (HERTS, BEDS & BUCKS) CIC (Co #11685829)
2026-10-03 03:46:18,624 [INFO]       Appointed Officer: EDWARDS, Joanne Ruth (Director)
2026-10-03 03:46:18,625 [INFO]       Address:          C/O Vatax Accounting Limited 65 Moor End, Edlesborough, Dunstable, England, LU6 2FL
2026-10-03 03:46:20,708 [INFO] [ 41/50] Scraping: BETTER BEEINGS CIC (Co #13278295)
2026-10-03 03:46:21,670 [INFO]       Appointed Officer: JAMES, Rachael Deborah (Director)
2026-10-03 03:46:21,670 [INFO]       Address:          Suite 2a Blackthorn House, St Pauls Square, Birmingham, United Kingdom, B3 1RL
2026-10-03 03:46:23,736 [INFO] [ 42/50] Scraping: FIELD TO FOREST FOUNDATION CIC (Co #12891376)
2026-10-03 03:46:24,706 [INFO]       Appointed Officer: PASCOE, Zennor Helen Baynard (Director)
2026-10-03 03:46:24,706 [INFO]       Address:          Cusgarne Wollas, Cusgarne, Truro, England, TR4 8RL
2026-10-03 03:46:26,774 [INFO] [ 43/50] Scraping: THE BRIGHTER PATH HOUSING ASSOCIATION CIC (Co #14078374)
2026-10-03 03:46:27,779 [INFO]       Appointed Officer: BRIGHT, Veronica (Director)
2026-10-03 03:46:27,779 [INFO]       Address:          138 Lower Road, London, England, SE16 2UG
2026-10-03 03:46:29,850 [INFO] [ 44/50] Scraping: SHOW KIT EVENTS AND TRAINING CIC (Co #14379934)
2026-10-03 03:46:30,927 [INFO]       Appointed Officer: MURRAY, Cameron (Secretary)
2026-10-03 03:46:30,928 [INFO]       Address:          Show Kit Events And Training 71 - 75, Shelton Street, London, England, WC2H 9JQ
2026-10-03 03:46:33,013 [INFO] [ 45/50] Scraping: DELIVERAID C.I.C. (Co #12537434)
2026-10-03 03:46:34,055 [INFO]       Appointed Officer: AITKEN, Clare (Director)
2026-10-03 03:46:34,055 [INFO]       Address:          89 Clonmore Street, London, England, SW18 5HD
2026-10-03 03:46:36,117 [INFO] [ 46/50] Scraping: SQUARE PEG FOUNDATION CIC (Co #8880232)
2026-10-03 03:46:37,167 [INFO]       Appointed Officer: BAKER, Lauren Mary (Director)
2026-10-03 03:46:37,168 [INFO]       Address:          39 Gate Lane Boldmere, Sutton Coldfield, West Midlands, England, B73 5TR
2026-10-03 03:46:39,257 [INFO] [ 47/50] Scraping: LOUD AND FUNNY CIC (Co #14076033)
2026-10-03 03:46:40,321 [INFO]       Appointed Officer: MURPHY, Brendan Martin (Director)
2026-10-03 03:46:40,322 [INFO]       Address:          56 Weymouth Road, Bristol, England, BS3 5HJ
2026-10-03 03:46:42,396 [INFO] [ 48/50] Scraping: RIKHROLLS - LEARN THROUGH PLAY CIC (Co #13850217)
2026-10-03 03:46:43,356 [INFO]       Appointed Officer: HART, Richard Aaron (Director)
2026-10-03 03:46:43,356 [INFO]       Address:          12 Brendon Road, Bridgwater, England, TA6 3QW
2026-10-03 03:46:45,420 [INFO] [ 49/50] Scraping: PRIME SPORTS NW CIC (Co #10755115)
2026-10-03 03:46:46,480 [INFO]       Appointed Officer: GORE, Peter (Director)
2026-10-03 03:46:46,481 [INFO]       Address:          1 Gleneagles, Bolton, England, BL3 4XL
2026-10-03 03:46:48,562 [INFO] [ 50/50] Scraping: WELLBEING AND HEALTH FOR AFRICAN WOMEN (WHAW) CIC (Co #13292853)
2026-10-03 03:46:49,543 [INFO]       Appointed Officer: BAYAVUGE, Fabiola (Director)
2026-10-03 03:46:49,543 [INFO]       Address:          4 Stern Avenue, Salford, England, M5 3AB
2026-10-03 03:46:51,634 [INFO] ================================================================================
2026-10-03 03:46:51,634 [INFO] BATCH FINISHED: Processed 50 companies in 133.7s.
2026-10-03 03:46:51,635 [INFO] Total Cumulative Enriched: 1782 companies.
2026-10-03 03:46:51,635 [INFO] Updated CSV: enriched_uk_companies.csv
2026-10-03 03:46:51,635 [INFO] Updated Log: scraper.log
2026-10-03 03:46:51,635 [INFO] ================================================================================
2026-10-03 09:39:28,645 [INFO] ================================================================================
2026-10-03 09:39:28,645 [INFO] STARTING PRODUCTION UK COMPANIES HOUSE CONTACT SCRAPER
2026-10-03 09:39:28,645 [INFO] ================================================================================
2026-10-03 09:39:28,645 [INFO] Input Dataset:  Companies-House-search-results.csv
2026-10-03 09:39:28,646 [INFO] Output Dataset: enriched_uk_companies.csv
2026-10-03 09:39:28,646 [INFO] Batch Size:     50
2026-10-03 09:39:28,654 [INFO] Already processed in previous runs: 1782 companies
2026-10-03 09:39:28,677 [INFO] Total remaining companies to scrape: 3218
2026-10-03 09:39:28,677 [INFO] Processing next batch of 50 companies...

2026-10-03 09:39:28,677 [INFO] [  1/50] Scraping: HIDEMAND ENTERPRISE CIC (Co #14575636)
2026-10-03 09:39:30,284 [INFO]       Appointed Officer: DAPAAH, Heather (Director)
2026-10-03 09:39:30,285 [INFO]       Address:          135 Streatham High Road, London, England, SW16 1HJ
2026-10-03 09:39:32,310 [INFO]    [EMAIL]   info@companylookup.org.uk
2026-10-03 09:39:32,310 [INFO]    [WEBSITE] https://companylookup.org.uk/
2026-10-03 09:39:33,310 [INFO] [  2/50] Scraping: NOOK BY NATURE CIC (Co #13246518)
2026-10-03 09:39:34,848 [INFO]       Appointed Officer: BOVE-POPE, Daniela Livia (Director)
2026-10-03 09:39:34,848 [INFO]       Address:          2 Mow Mead, Olney, England, MK46 5EF
2026-10-03 09:39:36,119 [INFO] [  3/50] Scraping: JR GRANITE & MARBLE CIC (Co #14570625)
2026-10-03 09:39:37,822 [INFO]       Appointed Officer: DOYLEY, Peter (Director)
2026-10-03 09:39:37,822 [INFO]       Address:          Flat 4 Petunia Court, 15 Beaumont Road, London, England, E10 5BJ
2026-10-03 09:39:39,088 [INFO] [  4/50] Scraping: OPENING WINDOWS CIC (Co #14060827)
2026-10-03 09:39:40,652 [INFO]       Appointed Officer: MCKENZIE, Katherine Susan (Director)
2026-10-03 09:39:40,652 [INFO]       Address:          93 Wrenbury Road, Northampton, England, NN5 6XZ
2026-10-03 09:39:41,921 [INFO] [  5/50] Scraping: UMUZI CIC (Co #13346209)
2026-10-03 09:39:43,623 [INFO]       Appointed Officer: MUGOMEZI, Obediah (Director)
2026-10-03 09:39:43,623 [INFO]       Address:          17 Kennard Way, Ashford, Kent, United Kingdom, TN24 8DQ
2026-10-03 09:39:44,877 [INFO] [  6/50] Scraping: VAMOS FESTIVAL C.I.C. (Co #5690538)
2026-10-03 09:39:46,663 [INFO]       Appointed Officer: BARRERA, Nikolas Julian (Director)
2026-10-03 09:39:46,663 [INFO]       Address:          Caretakers House, 2 Ford Street, Newcastle Ford Street, Byker, Newcastle Upon Tyne, Tyne And Wear, United Kingdom, NE6 1NW
2026-10-03 09:39:47,947 [INFO] [  7/50] Scraping: ACTIVISM AGAINST GENDER BASED VIOLENCE CIC (Co #13658133)
2026-10-03 09:39:49,750 [INFO]       Appointed Officer: CORKERRY, Lisa (Secretary)
2026-10-03 09:39:49,750 [INFO]       Address:          Black House Farm, Ellel, Lancaster, England, LA2 0QJ
2026-10-03 09:39:51,002 [INFO] [  8/50] Scraping: ACCESSIBILITY IN THERAPY CIC (Co #13271931)
2026-10-03 09:39:52,565 [INFO]       Appointed Officer: COVELLA, Cecilia, Mx (Director)
2026-10-03 09:39:52,566 [INFO]       Address:          5 Lucas Street, Leeds, England, LS6 2JD
2026-10-03 09:39:53,816 [INFO] [  9/50] Scraping: LIBYAN EYE C.I.C. (Co #9523796)
2026-10-03 09:39:55,578 [INFO]       Appointed Officer: ANDISHA, Najla, Dr (Director)
2026-10-03 09:39:55,578 [INFO]       Address:          4 Keasdon Avenue, Wythenshawe, Manchester, England, M22 9AP
2026-10-03 09:39:56,837 [INFO] [ 10/50] Scraping: YORK BUSINESS WEEK C.I.C. (Co #7642416)
2026-10-03 09:39:58,649 [INFO]       Appointed Officer: WARE & KAY SOLICITORS LTD (Secretary)
2026-10-03 09:39:58,650 [INFO]       Address:          Sentinel House, Peasholme Green, York, North Yorkshire, YO1 7PP
2026-10-03 09:39:59,909 [INFO] [ 11/50] Scraping: ADVICE & GUIDANCE INTO WORK CIC (Co #7645998)
2026-10-03 09:40:01,657 [INFO]       Appointed Officer: BANJOKO, Patrice Ali Odinga (Director)
2026-10-03 09:40:01,658 [INFO]       Address:          Flat 3 1 Beilby Road, Birmingham, West Midlands, B30 3BU
2026-10-03 09:40:02,914 [INFO] [ 12/50] Scraping: ACTIV ZONE C.I.C. (Co #7659636)
2026-10-03 09:40:04,641 [INFO]       Appointed Officer: VINER, Alexandra Jane (Director)
2026-10-03 09:40:04,641 [INFO]       Address:          Texas Street, Tingley, Leeds, West Yorkshire, LS27 0HG
2026-10-03 09:40:05,897 [INFO] [ 13/50] Scraping: YOURS IN BSL COMMUNITY INTEREST COMPANY (Co #7674258)
2026-10-03 09:40:07,620 [INFO]       Appointed Officer: MCKEOWN, Christine (Secretary)
2026-10-03 09:40:07,620 [INFO]       Address:          5 Taylor Avenue, Blackburn, Lancashire, United Kingdom, BB2 4GS
2026-10-03 09:40:08,883 [INFO] [ 14/50] Scraping: COMMUNITY VISION (WEST MIDLANDS) C.I.C. (Co #7679069)
2026-10-03 09:40:10,623 [INFO]       Appointed Officer: ADE-JOHN, Camille Eloise (Director)
2026-10-03 09:40:10,623 [INFO]       Address:          130 Wombourne Park, Wombourne, Wolverhampton, England, WV5 0LY
2026-10-03 09:40:11,893 [INFO] [ 15/50] Scraping: P.A.C.E PROMOTE ABILITY COMMUNITY ENTERPRISE CIC (Co #7678870)
2026-10-03 09:40:13,976 [INFO]       Appointed Officer: GARBOTT, Kelly (Secretary)
2026-10-03 09:40:13,976 [INFO]       Address:          Wilson Field Limited The Manor House, 260 Ecclesall Road South, Sheffield, S11 9PS
2026-10-03 09:40:15,236 [INFO] [ 16/50] Scraping: RIGHT TRACK INFORMATION SERVICES CIC (Co #7680888)
2026-10-03 09:40:16,938 [INFO]       Appointed Officer: LAWTON, Ann Christine (Secretary)
2026-10-03 09:40:16,938 [INFO]       Address:          Sandringham Hub Sandringham Drive, Houghton Regis, Dunstable, Bedfordshire, LU5 5UP
2026-10-03 09:40:18,218 [INFO] [ 17/50] Scraping: CELTIC NEIGHBOURS PARTNERSHIP C.I.C. (Co #7690082)
2026-10-03 09:40:19,959 [INFO]       Appointed Officer: MORGAN, Bethan (Secretary)
2026-10-03 09:40:19,959 [INFO]       Address:          Ty Madog 32 Queens Road, Aberystwyth, Ceredigion, SY23 2HN
2026-10-03 09:40:21,219 [INFO] [ 18/50] Scraping: COASTAL LEISURE LEARNING COMMUNITY INTEREST COMPANY (Co #7711629)
2026-10-03 09:40:22,775 [INFO]       Appointed Officer: HART, Jacqueline Sian (Director)
2026-10-03 09:40:22,776 [INFO]       Address:          7,Leiston Enterprise Centre, Eastlands Industrial Estate, Leiston, England, IP16 4US
2026-10-03 09:40:24,030 [INFO] [ 19/50] Scraping: KHANZ SPORTS THERAPIST CIC (Co #13822536)
2026-10-03 09:40:25,625 [INFO]       Appointed Officer: KHAN, Wajid (Director)
2026-10-03 09:40:25,625 [INFO]       Address:          232 Uxbridge Road, Hayes, England, UB4 0JG
2026-10-03 09:40:26,882 [INFO] [ 20/50] Scraping: ELLENGLAZER CIC (Co #13821336)
2026-10-03 09:40:28,435 [INFO]       Appointed Officer: HARTLEY, Robert Peter Middleton (Director)
2026-10-03 09:40:28,435 [INFO]       Address:          Ellenglaze Manor Ellenglaze Manor, Cubert, Cubert, Newquay, Cornwall, United Kingdom, TR8 5PU
2026-10-03 09:40:29,698 [INFO] [ 21/50] Scraping: RAW TALK COMMUNITY INTEREST COMPANY (Co #13822825)
2026-10-03 09:40:31,532 [INFO]       Appointed Officer: ACHOURI, Zahra Fatima (Director)
2026-10-03 09:40:31,533 [INFO]       Address:          26 Stamford Street, Manchester, England, M16 9JQ
2026-10-03 09:40:32,866 [INFO] [ 22/50] Scraping: ST.MARY PLAY SCHOOL CIC (Co #13823772)
2026-10-03 09:40:34,503 [INFO]       Appointed Officer: KUMAR, Naresh (Director)
2026-10-03 09:40:34,504 [INFO]       Address:          7 Cowlin Mead, Chelmsford, England, CM1 4FJ
2026-10-03 09:40:35,756 [INFO] [ 23/50] Scraping: THE NUTRITION MISSION CIC (Co #13823855)
2026-10-03 09:40:37,334 [INFO]       Appointed Officer: GURNEY, Judith (Director)
2026-10-03 09:40:37,334 [INFO]       Address:          8 High Street, Syston, Leicester, England, LE7 1GP
2026-10-03 09:40:38,603 [INFO] [ 24/50] Scraping: IN2 INDEPENDENCE CIC (Co #13828825)
2026-10-03 09:40:40,170 [INFO]       Appointed Officer: WRIGHT, Steven (Director)
2026-10-03 09:40:40,170 [INFO]       Address:          17-19 Grove Square, Halifax, England, HX3 5QZ
2026-10-03 09:40:41,426 [INFO] [ 25/50] Scraping: INTERNATIONAL PRECISION RIFLE FEDERATION CIC (Co #13832294)
2026-10-03 09:40:43,159 [INFO]       Appointed Officer: SINFIELD, Adam David Harold (Secretary)
2026-10-03 09:40:43,159 [INFO]       Address:          Manor House, Brockweir, Chepstow, Wales, NP16 7NG
2026-10-03 09:40:44,421 [INFO] [ 26/50] Scraping: DOG TRAINERS NETWORK CIC (Co #13831971)
2026-10-03 09:40:46,029 [INFO]       Appointed Officer: PETTO, Claire Sharon (Director)
2026-10-03 09:40:46,029 [INFO]       Address:          10 Anjou Close, Bournemouth, England, BH11 9QN
2026-10-03 09:40:47,288 [INFO] [ 27/50] Scraping: BLISSGATEGIGABIT C.I.C. (Co #13833423)
2026-10-03 09:40:48,826 [INFO]       Appointed Officer: SPENCER, Michael Dinsdale (Director)
2026-10-03 09:40:48,826 [INFO]       Address:          The Willetts, Heightington, Bewdley, England, DY12 2XJ
2026-10-03 09:40:50,560 [INFO] [ 28/50] Scraping: ELLIE'S ANGELS COMMUNITY INTEREST COMPANY (Co #13835085)
2026-10-03 09:40:52,310 [INFO]       Appointed Officer: DRAPER, Benjamin Matthew (Director)
2026-10-03 09:40:52,311 [INFO]       Address:          37 Premier Way, Kemsley, Sittingbourne, England, ME10 2GU
2026-10-03 09:40:54,509 [INFO] [ 29/50] Scraping: HEAL ME HAPPY CIC (Co #13840097)
2026-10-03 09:40:56,281 [INFO]       Appointed Officer: JOHN, Isiasha Christina, Dr (Director)
2026-10-03 09:40:56,281 [INFO]       Address:          14 Marian Crescent, Askern, Doncaster, England, DN6 0QW
2026-10-03 09:40:58,489 [INFO] [ 30/50] Scraping: ORBIT OF HOPE CIC (Co #13848682)
2026-10-03 09:41:00,103 [INFO]       Appointed Officer: MARTIN, Rachel Emma (Director)
2026-10-03 09:41:00,103 [INFO]       Address:          44-45 Beaufort Court, Admirals Way, London, United Kingdom, E14 9XL
2026-10-03 09:41:02,310 [INFO] [ 31/50] Scraping: UTS SUPPORT CIC (Co #13850244)
2026-10-03 09:41:03,924 [INFO]       Appointed Officer: INYANG, Samuel Umoren (Director)
2026-10-03 09:41:03,924 [INFO]       Address:          9 Town Quay Wharf, Abbey Road, Barking, England, IG11 7BZ
2026-10-03 09:41:06,127 [INFO] [ 32/50] Scraping: CREATIVE MID SUSSEX CIC (Co #13852579)
2026-10-03 09:41:07,683 [INFO]       Appointed Officer: MCPHERSON, Alastair Charles (Director)
2026-10-03 09:41:07,683 [INFO]       Address:          3 Whitebeam Mews, Lower Village, Haywards Heath, West Sussex, RH16 4GW
2026-10-03 09:41:09,889 [INFO] [ 33/50] Scraping: NOWT LEFT TO LOSE CIC (Co #13854633)
2026-10-03 09:41:11,612 [INFO]       Appointed Officer: GOODWIN, Stacey (Director)
2026-10-03 09:41:11,612 [INFO]       Address:          27 Old Gloucester Street, London, United Kingdom, WC1N 3AX
2026-10-03 09:41:13,811 [INFO] [ 34/50] Scraping: NUVU IN THE COMMUNITY CIC (Co #13854945)
2026-10-03 09:41:15,537 [INFO]       Appointed Officer: DOWLING, Mark Andrew (Director)
2026-10-03 09:41:15,538 [INFO]       Address:          67 Ecclesbridge Road, Marple, Stockport, England, SK6 7PG
2026-10-03 09:41:17,738 [INFO] [ 35/50] Scraping: THE HAPPY MUSIC PROJECT CIC (Co #13857504)
2026-10-03 09:41:19,297 [INFO]       Appointed Officer: DAFT, Eleanor Grace (Director)
2026-10-03 09:41:19,297 [INFO]       Address:          Greenfields, Langford, Lechlade, England, GL7 3LW
2026-10-03 09:41:21,500 [INFO] [ 36/50] Scraping: BETHEZDA NETWORK COMMUNITY INTEREST COMPANY (Co #13857469)
2026-10-03 09:41:23,073 [INFO]       Appointed Officer: PRIESTLEY, Moriah Nkechinere Adaku (Director)
2026-10-03 09:41:23,074 [INFO]       Address:          56 Wickstead Avenue, Milton Keynes, Buckinghamshire, MK8 0NW
2026-10-03 09:41:25,271 [INFO] [ 37/50] Scraping: DJEMBE KINGDOM CIC (Co #13856120)
2026-10-03 09:41:26,970 [INFO]       Appointed Officer: DEMBELE, Sidiki (Director)
2026-10-03 09:41:26,970 [INFO]       Address:          11 Brooklands Road, Swinton, Manchester, Lancashire, United Kingdom, M27 0AT
2026-10-03 09:41:29,182 [INFO] [ 38/50] Scraping: THE BUSY BEES INC CLUB CIC (Co #13856898)
2026-10-03 09:41:30,955 [INFO]       Appointed Officer: CONSIDINE, Carly (Secretary)
2026-10-03 09:41:30,955 [INFO]       Address:          21 Mill Green, Newark, Nottinghamshire, United Kingdom, NG24 2HU
2026-10-03 09:41:33,212 [INFO] [ 39/50] Scraping: THE SKILLS WITHIN CIC (Co #13857911)
2026-10-03 09:41:34,947 [INFO]       Appointed Officer: GABBIDON, Nathan Emanuel (Director)
2026-10-03 09:41:34,947 [INFO]       Address:          Flat 6 Lake House, 2 Green Lanes Walk, London, England, N4 2GE
2026-10-03 09:41:37,158 [INFO] [ 40/50] Scraping: CEDARS PARK ART CIC (Co #13858966)
2026-10-03 09:41:38,863 [INFO]       Appointed Officer: DAVIDSON, Jennifer Gillian (Director)
2026-10-03 09:41:38,863 [INFO]       Address:          Holly Corner Creeting Road East, Stowupland, Stowmarket, England, IP14 5BT
2026-10-03 09:41:41,084 [INFO] [ 41/50] Scraping: ALCOHOLIC PATIENTS C.I.C. (Co #13860276)
2026-10-03 09:41:42,834 [INFO]       Appointed Officer: FISHER, Jake David (Director)
2026-10-03 09:41:42,834 [INFO]       Address:          20 Brewin Avenue, March, Cambridgeshire, England, PE15 9SL
2026-10-03 09:41:45,033 [INFO] [ 42/50] Scraping: APNA SOUTH ASIAN WELLBEING (ASAW) C.I.C. (Co #13860215)
2026-10-03 09:41:46,637 [INFO]       Appointed Officer: RAJPUT, Daisy (Director)
2026-10-03 09:41:46,637 [INFO]       Address:          29 Howard Avenue, Bristol, England, BS5 7BB
2026-10-03 09:41:48,846 [INFO] [ 43/50] Scraping: SLEEP TONIGHT CIC (Co #13859869)
2026-10-03 09:41:50,461 [INFO]       Appointed Officer: TAYLOR, Craig (Director)
2026-10-03 09:41:50,461 [INFO]       Address:          120 Pontefract Road, Wombwell, Barnsley, England, S73 0YG
2026-10-03 09:41:52,662 [INFO] [ 44/50] Scraping: LONDON CHESS COMMUNITY CIC (Co #13858849)
2026-10-03 09:41:54,284 [INFO]       Appointed Officer: WILLIAMS, Jake Gerard (Director)
2026-10-03 09:41:54,284 [INFO]       Address:          Flat 8 Tornay House, Priory Green Estate, London, England, N1 9DQ
2026-10-03 09:41:56,495 [INFO] [ 45/50] Scraping: ACTIONABLE-ORG CIC (Co #13861350)
2026-10-03 09:41:58,092 [INFO]       Appointed Officer: DUNLOP, Nicola Mary (Director)
2026-10-03 09:41:58,092 [INFO]       Address:          37 White Hart Lane, London, England, N22 5SL
2026-10-03 09:42:00,294 [INFO] [ 46/50] Scraping: ALLLOVE CIC (Co #13861386)
2026-10-03 09:42:02,108 [INFO]       Appointed Officer: HAWLICZEK-OSIADACZ, Paulina (Director)
2026-10-03 09:42:02,108 [INFO]       Address:          54 Bolton Road, Kearsley, Bolton, England, BL4 9BT
2026-10-03 09:42:04,311 [INFO] [ 47/50] Scraping: FE DEL CORAZON CIC (Co #13861599)
2026-10-03 09:42:05,880 [INFO]       Appointed Officer: SNIEGOCKA, Luiza Justyna (Director)
2026-10-03 09:42:05,880 [INFO]       Address:          20 Crosby Court, Crownhill, Milton Keynes, England, MK8 0DD
2026-10-03 09:42:08,082 [INFO] [ 48/50] Scraping: MM LEARNING HUBS CIC (Co #13863081)
2026-10-03 09:42:09,635 [INFO]       Appointed Officer: CURTIS, Simon Miles (Director)
2026-10-03 09:42:09,635 [INFO]       Address:          21 Whinchat Close, Lowton, Warrington, England, WA3 2GG
2026-10-03 09:42:11,842 [INFO] [ 49/50] Scraping: THE TRAVELLING WARDROBE UK CIC (Co #13866324)
2026-10-03 09:42:13,443 [INFO]       Appointed Officer: PAGE-BAILEY, Laura Christina (Director)
2026-10-03 09:42:13,443 [INFO]       Address:          46 Heron Gardens, Portishead, Bristol, England, BS20 7DH
2026-10-03 09:42:15,642 [INFO] [ 50/50] Scraping: THE GET MADE ACADEMY CIC (Co #13872700)
2026-10-03 09:42:17,232 [INFO]       Appointed Officer: BARRETT, Charlie (Director)
2026-10-03 09:42:17,233 [INFO]       Address:          Unit G Wadsworth Mill, Wordsworth Street, Bolton, United Kingdom, BL1 3ND
2026-10-03 09:42:19,464 [INFO] ================================================================================
2026-10-03 09:42:19,464 [INFO] BATCH FINISHED: Processed 50 companies in 170.8s.
2026-10-03 09:42:19,464 [INFO] Total Cumulative Enriched: 1832 companies.
2026-10-03 09:42:19,464 [INFO] Updated CSV: enriched_uk_companies.csv
2026-10-03 09:42:19,464 [INFO] Updated Log: scraper.log
2026-10-03 09:42:19,464 [INFO] ================================================================================
2026-10-03 15:41:38,906 [INFO] ================================================================================
2026-10-03 15:41:38,906 [INFO] STARTING PRODUCTION UK COMPANIES HOUSE CONTACT SCRAPER
2026-10-03 15:41:38,907 [INFO] ================================================================================
2026-10-03 15:41:38,907 [INFO] Input Dataset:  Companies-House-search-results.csv
2026-10-03 15:41:38,907 [INFO] Output Dataset: enriched_uk_companies.csv
2026-10-03 15:41:38,907 [INFO] Batch Size:     50
2026-10-03 15:41:38,916 [INFO] Already processed in previous runs: 1832 companies
2026-10-03 15:41:38,937 [INFO] Total remaining companies to scrape: 3168
2026-10-03 15:41:38,937 [INFO] Processing next batch of 50 companies...

2026-10-03 15:41:38,938 [INFO] [  1/50] Scraping: THE WEE GAITHERIN C.I.C. (Co #SC721059)
2026-10-03 15:41:40,621 [INFO]       Appointed Officer: MCCULLAGH, Catherine Josephine (Secretary)
2026-10-03 15:41:40,621 [INFO]       Address:          2b Keith Place, Stonehaven, Scotland, AB39 2NU
2026-10-03 15:41:41,902 [INFO] [  2/50] Scraping: DURHAM CREATIVES CIC (Co #13878474)
2026-10-03 15:41:43,436 [INFO]       Appointed Officer: KELLY, Laura Carolyn (Director)
2026-10-03 15:41:43,436 [INFO]       Address:          5 Angate Square, Wolsingham, Bishop Auckland, England, DL13 3EP
2026-10-03 15:41:44,701 [INFO] [  3/50] Scraping: FIRST PAGE PRODUCTIONS CIC (Co #13877505)
2026-10-03 15:41:46,261 [INFO]       Appointed Officer: HUNT, Fiona Louise (Director)
2026-10-03 15:41:46,261 [INFO]       Address:          Work Hub Harrogate, 12 Station Parade, Harrogate, North Yorkshire, England, HG1 1UE
2026-10-03 15:41:47,519 [INFO] [  4/50] Scraping: FOOD GROWERS G63 C.I.C. (Co #SC721156)
2026-10-03 15:41:49,134 [INFO]       Appointed Officer: CALVERT, Emma (Director)
2026-10-03 15:41:49,134 [INFO]       Address:          The Barn, Ballochruin Farm, Balfron Station, Glasgow, United Kingdom, G63 0LE
2026-10-03 15:41:50,402 [INFO] [  5/50] Scraping: FTC FOOTBALL ACADEMY C.I.C. (Co #13877441)
2026-10-03 15:41:52,118 [INFO]       Appointed Officer: HARRIS, Katie Victoria (Secretary)
2026-10-03 15:41:52,118 [INFO]       Address:          59 Lyttleton Avenue, Halesowen, England, B62 9EB
2026-10-03 15:41:53,366 [INFO] [  6/50] Scraping: FEN MEADOWS CIC (Co #13877635)
2026-10-03 15:41:55,022 [INFO]       Appointed Officer: FISHER, Edward (Director)
2026-10-03 15:41:55,022 [INFO]       Address:          1 Bridgeview Barns Anglesey Farm, Lode, Cambridge, England, CB25 9HD
2026-10-03 15:41:56,286 [INFO] [  7/50] Scraping: MEANINGFUL EDUCATION PRACTICE CIC (Co #13878554)
2026-10-03 15:41:58,039 [INFO]       Appointed Officer: AHMETAJ, Rigerta (Director)
2026-10-03 15:41:58,039 [INFO]       Address:          48 Sandringham Drive, Houghton Regis, Dunstable, Bedfordshire, United Kingdom, LU5 5UP
2026-10-03 15:41:59,306 [INFO] [  8/50] Scraping: RV HOUSING C.I.C. (Co #13879179)
2026-10-03 15:42:00,853 [INFO]       Appointed Officer: COLEMAN, Sarah Jane Gaye (Director)
2026-10-03 15:42:00,853 [INFO]       Address:          Richard Hall House Bridgnorth Road, Wombourne, Wolverhampton, West Midlands, United Kingdom, WV5 0AL
2026-10-03 15:42:02,116 [INFO] [  9/50] Scraping: THE GRIT: LOWESTOFT CENTRE FOR THE ARTS & HERITAGE CIC (Co #13879341)
2026-10-03 15:42:04,063 [INFO]       Appointed Officer: COLBY, Piers (Director)
2026-10-03 15:42:04,064 [INFO]       Address:          The Old Court Buildings, Old Nelson Street, Lowestoft, United Kingdom, NR32 1HJ
2026-10-03 15:42:05,343 [INFO] [ 10/50] Scraping: HARVEY AND THE BRAVE LITTLE SOLDIERS C.I.C. (Co #13884240)
2026-10-03 15:42:06,913 [INFO]       Appointed Officer: GEERE, Jennifer Ellen (Director)
2026-10-03 15:42:06,913 [INFO]       Address:          1 Spinney Drive, Cheswick Green, Solihull, England, B90 4HB
2026-10-03 15:42:08,174 [INFO] [ 11/50] Scraping: FREEDOM WOODS CIC (Co #13884292)
2026-10-03 15:42:09,774 [INFO]       Appointed Officer: ABBOTT, Rose Imogen (Director)
2026-10-03 15:42:09,774 [INFO]       Address:          Aaron Hill Farm, Cragg Vale, Hebden Bridge, England, HX7 5TX
2026-10-03 15:42:11,047 [INFO] [ 12/50] Scraping: T.E.A.M.S.E.E.D. YOUTH SPORT AND RECREATION CIC (Co #13885561)
2026-10-03 15:42:12,742 [INFO]       Appointed Officer: HUGGINS, Paul (Secretary)
2026-10-03 15:42:12,742 [INFO]       Address:          137b Emmanuel Road, Hastings, East Sussex, TN34 3LE
2026-10-03 15:42:14,043 [INFO] [ 13/50] Scraping: TEGALITARIAN FOUNDATION CIC (Co #13756500)
2026-10-03 15:42:15,578 [INFO]       Appointed Officer: ALBITROUW, Santa Ivy (Secretary)
2026-10-03 15:42:15,578 [INFO]       Address:          PO Box 4385, 13756500: COMPANIES HOUSE DEFAULT ADDRESS, Cardiff, CF14 8LH
2026-10-03 15:42:16,835 [INFO] [ 14/50] Scraping: SENTERED GROUP CIC (Co #13756516)
2026-10-03 15:42:18,371 [INFO]       Appointed Officer: BAINS, Harpreet Kaur (Director)
2026-10-03 15:42:18,371 [INFO]       Address:          3 Pope Way, Aylesbury, England, HP21 9QW
2026-10-03 15:42:19,648 [INFO] [ 15/50] Scraping: THE EMOTIONAL WELLNESS COMPANY CIC (Co #13756504)
2026-10-03 15:42:21,220 [INFO]       Appointed Officer: WALLS, Robert Peter (Director)
2026-10-03 15:42:21,220 [INFO]       Address:          10 Church View, Longhorsley, Morpeth, United Kingdom, NE65 8UQ
2026-10-03 15:42:22,480 [INFO] [ 16/50] Scraping: FREEFIT ACADEMY CIC (Co #SC715635)
2026-10-03 15:42:24,047 [INFO]       Appointed Officer: EISENBACH, Pieter Karl (Director)
2026-10-03 15:42:24,047 [INFO]       Address:          148 Lochfield Road, Paisley, Scotland, PA2 7RB
2026-10-03 15:42:25,305 [INFO] [ 17/50] Scraping: ROOTED COMMUNITY CIC (Co #13764488)
2026-10-03 15:42:26,939 [INFO]       Appointed Officer: WALKER, Hannah Olivia (Director)
2026-10-03 15:42:26,939 [INFO]       Address:          Flat H, 10 Anchor Close, Anchor Close, Bournemouth, England, BH11 9HY
2026-10-03 15:42:28,205 [INFO] [ 18/50] Scraping: OUR PLACE COMMUNITY CIC (Co #13765385)
2026-10-03 15:42:29,765 [INFO]       Appointed Officer: DAUNCEY, Katherine Margaret (Director)
2026-10-03 15:42:29,766 [INFO]       Address:          37 Manvers Road, Sheffield, England, S6 2PJ
2026-10-03 15:42:31,025 [INFO] [ 19/50] Scraping: MOOR LIVING CIC (Co #13766884)
2026-10-03 15:42:32,631 [INFO]       Appointed Officer: EYONGAKPA TABI, Emiliene (Secretary)
2026-10-03 15:42:32,631 [INFO]       Address:          Kentmere Community Centre, Kentmere Avenue, Leeds, England, LS14 1BW
2026-10-03 15:42:33,890 [INFO] [ 20/50] Scraping: RESTLESS PICTURES CIC (Co #SC716173)
2026-10-03 15:42:35,465 [INFO]       Appointed Officer: BALAAM, Oliver Arthur James (Director)
2026-10-03 15:42:35,465 [INFO]       Address:          64a Cumberland Street, Edinburgh, Scotland, EH3 6RE
2026-10-03 15:42:36,728 [INFO] [ 21/50] Scraping: THE POWER OF DOING CIC (Co #13767795)
2026-10-03 15:42:38,462 [INFO]       Appointed Officer: DONFRANCESCO REDDY, Morgana Tara (Director)
2026-10-03 15:42:38,462 [INFO]       Address:          1 Fishers Hill, Glastonbury, England, BA6 8AH
2026-10-03 15:42:39,721 [INFO] [ 22/50] Scraping: WOMEN'S HISTORY PROJECTS CIC (Co #13768145)
2026-10-03 15:42:41,307 [INFO]       Appointed Officer: DUFFIELD, Rachel Mary Emma (Director)
2026-10-03 15:42:41,307 [INFO]       Address:          17 Beckham Place, Edward Street, Norwich, Norfolk, United Kingdom, NR3 3DZ
2026-10-03 15:42:42,569 [INFO] [ 23/50] Scraping: STEPPING STONES NE CIC (Co #13769548)
2026-10-03 15:42:44,212 [INFO]       Appointed Officer: BIRD, Ian Charles (Director)
2026-10-03 15:42:44,212 [INFO]       Address:          20 Whalton Avenue, Newcastle Upon Tyne, United Kingdom, NE3 3PA
2026-10-03 15:42:45,475 [INFO] [ 24/50] Scraping: ABIA WOMEN UK & IRELAND CIC (Co #13769564)
2026-10-03 15:42:47,211 [INFO]       Appointed Officer: NWOBIRI, Ngozi Phoebe (Secretary)
2026-10-03 15:42:47,211 [INFO]       Address:          27 Old Gloucester Street, London, United Kingdom, WC1N 3AX
2026-10-03 15:42:48,475 [INFO] [ 25/50] Scraping: ONEDAY.GLOBAL CIC (Co #13769591)
2026-10-03 15:42:50,048 [INFO]       Appointed Officer: DAWSON, Sarah Elizabeth (Director)
2026-10-03 15:42:50,048 [INFO]       Address:          10 Queen Street, Ipswich, England, IP1 1SS
2026-10-03 15:42:51,306 [INFO] [ 26/50] Scraping: GOAL IN MIND CIC (Co #13773735)
2026-10-03 15:42:52,847 [INFO]       Appointed Officer: JUMA, Mahmoud Jamal (Director)
2026-10-03 15:42:52,848 [INFO]       Address:          21 Brookside, Barlestone, Nuneaton, England, CV13 0NJ
2026-10-03 15:42:54,580 [INFO] [ 27/50] Scraping: THRIVING FAMILIES TOGETHER CIC (Co #13786387)
2026-10-03 15:42:56,348 [INFO]       Appointed Officer: MILLAR, Clare Elizabeth (Director)
2026-10-03 15:42:56,348 [INFO]       Address:          The Old School, 17 Fairfield Street, Warrington, England, WA1 3AJ
2026-10-03 15:42:58,541 [INFO] [ 28/50] Scraping: THAME RADIO CIC (Co #13788696)
2026-10-03 15:43:00,302 [INFO]       Appointed Officer: FOWLER, John Stephen (Director)
2026-10-03 15:43:00,303 [INFO]       Address:          1 Dorton Road, Chilton, Aylesbury, England, HP18 9NA
2026-10-03 15:43:02,519 [INFO] [ 29/50] Scraping: FARRFIELD COMMUNITY INTEREST COMPANY (Co #13791670)
2026-10-03 15:43:04,069 [INFO]       Appointed Officer: SEAMAN, John Richard (Secretary)
2026-10-03 15:43:04,069 [INFO]       Address:          3 Mors End, Stratford St Mary, Suffolk, United Kingdom, CO7 6YF
2026-10-03 15:43:06,285 [INFO] [ 30/50] Scraping: WIRRAL AND VETERANS SEA ANGLING ACADEMY CIC (Co #13792144)
2026-10-03 15:43:07,845 [INFO]       Appointed Officer: SUTTON, Paul Robert (Director)
2026-10-03 15:43:07,845 [INFO]       Address:          10 Humber Road, Great Sutton, Ellesmere Port, United Kingdom, CH66 2SH
2026-10-03 15:43:10,054 [INFO] [ 31/50] Scraping: RTH YOUTH CIC (Co #13793282)
2026-10-03 15:43:11,560 [INFO]       Appointed Officer: DUCKWORTH, Tia Louisa Catherine (Director)
2026-10-03 15:43:11,560 [INFO]       Address:          Cwmgest, Talog, Carmarthen, Wales, SA33 6NN
2026-10-03 15:43:13,765 [INFO] [ 32/50] Scraping: BELIN ARTS CIC (Co #13792967)
2026-10-03 15:43:15,343 [INFO]       Appointed Officer: READ, Belinda (Director)
2026-10-03 15:43:15,343 [INFO]       Address:          Flat 14 2 Ker Street, Plymouth, United Kingdom, PL1 4TN
2026-10-03 15:43:17,547 [INFO] [ 33/50] Scraping: BURTON PRISM CIC (Co #13792961)
2026-10-03 15:43:19,087 [INFO]       Appointed Officer: WILLIAMS, Terry, Rev (Director)
2026-10-03 15:43:19,087 [INFO]       Address:          3 Durban Close, Burton-On-Trent, Staffordshire, United Kingdom, DE15 0ER
2026-10-03 15:43:21,289 [INFO] [ 34/50] Scraping: PROLIFIC CREATIVES C.I.C. (Co #13793700)
2026-10-03 15:43:22,842 [INFO]       Appointed Officer: BISHOP, Leearna (Director)
2026-10-03 15:43:22,842 [INFO]       Address:          Flat 49 Centrillion Point, 2 Masons Avenue, Croydon, England, CR0 9WW
2026-10-03 15:43:25,057 [INFO] [ 35/50] Scraping: FOR OUR KIDS C.I.C. (Co #13801195)
2026-10-03 15:43:26,829 [INFO]       Appointed Officer: FORSYTH, Steven James (Director)
2026-10-03 15:43:26,829 [INFO]       Address:          73 Mellstock Road, Poole, England, BH15 3DW
2026-10-03 15:43:29,024 [INFO] [ 36/50] Scraping: WALTHAM FOREST ENTERPRISE AND INNOVATION SERVICES C.I.C. (Co #13802378)
2026-10-03 15:43:30,745 [INFO]       Appointed Officer: WALKER, John (Director)
2026-10-03 15:43:30,745 [INFO]       Address:          9 Douglas Road, London, E4 6DB
2026-10-03 15:43:32,961 [INFO] [ 37/50] Scraping: GLOBAL BROKEN HOMES CIC (Co #13804092)
2026-10-03 15:43:34,549 [INFO]       Appointed Officer: JONES, Adrian Errol (Director)
2026-10-03 15:43:34,549 [INFO]       Address:          48 Iveagh House, Loughborough Road, London, United Kingdom, SW9 7SF
2026-10-03 15:43:36,748 [INFO] [ 38/50] Scraping: SCARLETLOUNGEIRADIO CIC (Co #13808054)
2026-10-03 15:43:38,304 [INFO]       Appointed Officer: LEWARS, Lloyd (Secretary)
2026-10-03 15:43:38,304 [INFO]       Address:          Jubilee Inn, 41a Hatton Hill Road, Liverpool, Merseyside, United Kingdom, L21 9JH
2026-10-03 15:43:40,506 [INFO] [ 39/50] Scraping: ZAHIRA FC CIC (Co #13808093)
2026-10-03 15:43:42,058 [INFO]       Appointed Officer: MOHAMED RAMEEZ, Mohamed Reezan (Director)
2026-10-03 15:43:42,058 [INFO]       Address:          Park House 15-19 Greenhill Crescent, Watford, England, WD18 8PH
2026-10-03 15:43:44,259 [INFO] [ 40/50] Scraping: BOSWARTHEN RESIDENTS CIC (Co #13808234)
2026-10-03 15:43:45,945 [INFO]       Appointed Officer: BOULTON, Timothy (Director)
2026-10-03 15:43:45,945 [INFO]       Address:          Kings Cottage, Newbridge, Penzance, England, TR20 8PA
2026-10-03 15:43:48,142 [INFO] [ 41/50] Scraping: KHAYAFRICA COMMUNITY INTEREST COMPANY (Co #13814419)
2026-10-03 15:43:49,675 [INFO]       Appointed Officer: MPOFU, Swelumuzi (Director)
2026-10-03 15:43:49,675 [INFO]       Address:          4 Jordan Court, Ingram Crescent West, Hove, England, BN3 5NU
2026-10-03 15:43:51,878 [INFO] [ 42/50] Scraping: MIDLANDS FILM AND MEDIA CIC (Co #13813810)
2026-10-03 15:43:53,455 [INFO]       Appointed Officer: JAMES, Lloyd (Director)
2026-10-03 15:43:53,455 [INFO]       Address:          Union House, 111 New Union Street, Coventry, West Midlands, United Kingdom, CV1 2NT
2026-10-03 15:43:55,652 [INFO] [ 43/50] Scraping: BAILEYS HUB CIC (Co #13814791)
2026-10-03 15:43:57,163 [INFO]       Appointed Officer: CHAM, Khaddija (Director)
2026-10-03 15:43:57,163 [INFO]       Address:          21 Truman Close, Nottingham, England, NG3 1NJ
2026-10-03 15:43:59,360 [INFO] [ 44/50] Scraping: LOSING YOU FINDING ME CIC (Co #13691577)
2026-10-03 15:44:00,885 [INFO]       Appointed Officer: SINCLAIR, Thelma Elaine (Director)
2026-10-03 15:44:00,886 [INFO]       Address:          51 Wedgbury Close, Wednesbury, West Midlands, England, WS10 0DA
2026-10-03 15:44:03,091 [INFO] [ 45/50] Scraping: BUSY 2 A MILLI RECORDS CIC (Co #13695993)
2026-10-03 15:44:04,749 [INFO]       Appointed Officer: GORDON, Edward (Director)
2026-10-03 15:44:04,749 [INFO]       Address:          103 Sandmere Road, London, England, SW4 7PX
2026-10-03 15:44:06,956 [INFO] [ 46/50] Scraping: BOXABILTY C.I.C. (Co #13698687)
2026-10-03 15:44:08,478 [INFO]       Appointed Officer: ECCLESTON, Joseph Adam (Director)
2026-10-03 15:44:08,478 [INFO]       Address:          3 Chapel Street, Congleton, England, CW12 4AB
2026-10-03 15:44:10,678 [INFO] [ 47/50] Scraping: THE PETRI DISH CIC (Co #13698581)
2026-10-03 15:44:12,259 [INFO]       Appointed Officer: FELIKS, Haz (Director)
2026-10-03 15:44:12,259 [INFO]       Address:          49-51 High Street, Aylesbury, England, HP20 1SA
2026-10-03 15:44:14,457 [INFO] [ 48/50] Scraping: BRAVO UNIFORM CIC (Co #13700798)
2026-10-03 15:44:16,001 [INFO]       Appointed Officer: TAYLOR, Zoe (Director)
2026-10-03 15:44:16,001 [INFO]       Address:          27 Old Gloucester Street, London, United Kingdom, WC1N 3AX
2026-10-03 15:44:18,204 [INFO] [ 49/50] Scraping: SOUTH WEST CREATIVE COLLECTIVE CIC (Co #13701175)
2026-10-03 15:44:19,745 [INFO]       Appointed Officer: MACKENZIE-CUMMINS, Paul Alexander Patrick (Director)
2026-10-03 15:44:19,745 [INFO]       Address:          C/O Clearly Pr, 1 Saville Row, Bath, United Kingdom, BA1 2QP
2026-10-03 15:44:21,944 [INFO] [ 50/50] Scraping: INGLE-NOOK-ARTS CIC (Co #13701329)
2026-10-03 15:44:23,449 [INFO]       Appointed Officer: INGS, Simon (Director)
2026-10-03 15:44:23,449 [INFO]       Address:          Unit 1 60 Hanbury Street, London, England, E1 5JL
2026-10-03 15:44:25,677 [INFO] ================================================================================
2026-10-03 15:44:25,677 [INFO] BATCH FINISHED: Processed 50 companies in 166.7s.
2026-10-03 15:44:25,677 [INFO] Total Cumulative Enriched: 1882 companies.
2026-10-03 15:44:25,677 [INFO] Updated CSV: enriched_uk_companies.csv
2026-10-03 15:44:25,678 [INFO] Updated Log: scraper.log
2026-10-03 15:44:25,678 [INFO] ================================================================================
2026-10-03 19:00:14,471 [INFO] ================================================================================
2026-10-03 19:00:14,471 [INFO] STARTING PRODUCTION UK COMPANIES HOUSE CONTACT SCRAPER
2026-10-03 19:00:14,471 [INFO] ================================================================================
2026-10-03 19:00:14,471 [INFO] Input Dataset:  Companies-House-search-results.csv
2026-10-03 19:00:14,471 [INFO] Output Dataset: enriched_uk_companies.csv
2026-10-03 19:00:14,471 [INFO] Batch Size:     50
2026-10-03 19:00:14,480 [INFO] Already processed in previous runs: 1882 companies
2026-10-03 19:00:14,502 [INFO] Total remaining companies to scrape: 3118
2026-10-03 19:00:14,503 [INFO] Processing next batch of 50 companies...

2026-10-03 19:00:14,503 [INFO] [  1/50] Scraping: AMITY HOUSING GROUP CIC (Co #13701677)
2026-10-03 19:00:16,270 [INFO]       Appointed Officer: MOOGAN, Alan Edward (Director)
2026-10-03 19:00:16,270 [INFO]       Address:          3rd Floor Exchange Station, Tithebarn Street, Liverpool, Merseyside, United Kingdom, L2 2QP
2026-10-03 19:00:22,553 [INFO]    [EMAIL]   contact@amityhousing.com
2026-10-03 19:00:22,553 [INFO]    [WEBSITE] https://amityhousing.co.uk/
2026-10-03 19:00:23,553 [INFO] [  2/50] Scraping: BRADFORD FREE MARKET CIC (Co #13701702)
2026-10-03 19:00:25,305 [INFO]       Appointed Officer: BESWICK, Paul Martin (Director)
2026-10-03 19:00:25,305 [INFO]       Address:          28 Cranbourne Road, Bradford, England, BD9 6BH
2026-10-03 19:00:29,631 [INFO]    [EMAIL]   contact@gumtree.com
2026-10-03 19:00:29,631 [INFO]    [WEBSITE] https://www.gumtree.com/for-sale/freebies/uk/bradford
2026-10-03 19:00:30,632 [INFO] [  3/50] Scraping: BLACKRIBBON UNIVERSAL CIC (Co #13701596)
2026-10-03 19:00:32,297 [INFO]       Appointed Officer: DINNALL, Anthon Rees (Director)
2026-10-03 19:00:32,297 [INFO]       Address:          66 Jardine Way, Dunstable, England, LU5 4AX
2026-10-03 19:00:33,399 [INFO] [  4/50] Scraping: THE VETERANS COMMUNITY COOPERATIVE CIC (Co #13704013)
2026-10-03 19:00:35,159 [INFO]       Appointed Officer: MORGAN, Christopher Richard (Director)
2026-10-03 19:00:35,159 [INFO]       Address:          Unit 2 I E S Centre Horndale Avenue, Aycliffe Business Park, Newton Aycliffe, England, DL5 6DS
2026-10-03 19:00:36,266 [INFO] [  5/50] Scraping: PIPEHOUSE COMMUNITY CIC (Co #13724832)
2026-10-03 19:00:37,914 [INFO]       Appointed Officer: CAMPBELL, Derwent William Moger (Director)
2026-10-03 19:00:37,914 [INFO]       Address:          Ashgrove Cottage Pipehouse, Freshford, Bath, England, BA2 7UJ
2026-10-03 19:00:39,008 [INFO] [  6/50] Scraping: COLLECTIVE RIDES CIC (Co #13725385)
2026-10-03 19:00:40,702 [INFO]       Appointed Officer: PALMER, Michael (Director)
2026-10-03 19:00:40,702 [INFO]       Address:          35 Albright Road, Oldbury, West Midlands, United Kingdom, B68 9NQ
2026-10-03 19:00:41,792 [INFO] [  7/50] Scraping: RAMSBOTTOM PANTRY CIC (Co #13727608)
2026-10-03 19:00:43,404 [INFO]       Appointed Officer: HOLT, David Alan (Director)
2026-10-03 19:00:43,404 [INFO]       Address:          2 Pinners Close, Ramsbottom, Bury, England, BL0 9LP
2026-10-03 19:00:44,519 [INFO] [  8/50] Scraping: WIN OUTDOOR FOUNDATION CIC (Co #13729764)
2026-10-03 19:00:46,040 [INFO]       Appointed Officer: POATY-TCHITOULA, Lafranchie (Director)
2026-10-03 19:00:46,040 [INFO]       Address:          8 Lady Holme Walk, Windermere, England, LA23 2JZ
2026-10-03 19:00:47,158 [INFO] [  9/50] Scraping: XAVERIAN CLUB CIC (Co #13730960)
2026-10-03 19:00:48,686 [INFO]       Appointed Officer: COOGAN, Kevin Paul (Director)
2026-10-03 19:00:48,686 [INFO]       Address:          The Xaverian Club (St Francis Xavier's College) Woolton Hill Road, Woolton, Liverpool, United Kingdom, L25 6EG
2026-10-03 19:00:49,775 [INFO] [ 10/50] Scraping: MORTON BROADBAND CIC (Co #13733257)
2026-10-03 19:00:51,327 [INFO]       Appointed Officer: HUNT, Timothy Christopher (Director)
2026-10-03 19:00:51,327 [INFO]       Address:          Moat Barn Morton Under Hill, Astwood Bank, Redditch, England, B96 6SP
2026-10-03 19:00:52,417 [INFO] [ 11/50] Scraping: BADGER SETT PRODUCTIONS C.I.C. (Co #13734237)
2026-10-03 19:00:54,003 [INFO]       Appointed Officer: AXON, Elicia May (Director)
2026-10-03 19:00:54,003 [INFO]       Address:          Yr Egin, College Road, Carmarthen, Wales, SA31 3EQ
2026-10-03 19:00:55,129 [INFO] [ 12/50] Scraping: PERRY WOOD COMMUNITY BROADBAND PROJECT CIC (Co #13734928)
2026-10-03 19:00:56,640 [INFO]       Appointed Officer: CHURCH, William Edward (Director)
2026-10-03 19:00:56,640 [INFO]       Address:          Terrys Farm Perry Wood, Selling, Faversham, England, ME13 9RT
2026-10-03 19:00:57,732 [INFO] [ 13/50] Scraping: KRUCKLE CIC (Co #13742077)
2026-10-03 19:00:59,244 [INFO]       Appointed Officer: WIEHLER, Jessica (Director)
2026-10-03 19:00:59,245 [INFO]       Address:          Floor 2, Unit 11 Wellington House, Pollard Street East, Manchester, United Kingdom, M40 7FS
2026-10-03 19:01:00,333 [INFO] [ 14/50] Scraping: LITTLE ACORNS COMMUNITY HUB CIC (Co #13742078)
2026-10-03 19:01:01,985 [INFO]       Appointed Officer: MAHER, Therese Marie (Director)
2026-10-03 19:01:01,985 [INFO]       Address:          PO Box 663, PO BOX 663 Little Acorns Community Hub, C/O St Peter's Nursery School, Sittingbourne, Kent, United Kingdom, ME10 9LN
2026-10-03 19:01:03,131 [INFO] [ 15/50] Scraping: WE MAKE ART WORK C.I.C. (Co #13740908)
2026-10-03 19:01:04,734 [INFO]       Appointed Officer: CHAMBERS, David Stephen (Director)
2026-10-03 19:01:04,734 [INFO]       Address:          28 Strood Close, Harlaxton, Lincolnshire, England, NG32 1FJ
2026-10-03 19:01:05,826 [INFO] [ 16/50] Scraping: VISIONS FOR A FUTURE CIC (Co #13744472)
2026-10-03 19:01:07,432 [INFO]       Appointed Officer: BURGESS-JOWSEY, Donna Marie (Director)
2026-10-03 19:01:07,432 [INFO]       Address:          16 Coronation Road, Bilston, England, WV14 0HR
2026-10-03 19:01:08,554 [INFO] [ 17/50] Scraping: SOCORRO CIC (Co #13746910)
2026-10-03 19:01:10,200 [INFO]       Appointed Officer: MILLS, Christopher Austin (Director)
2026-10-03 19:01:10,200 [INFO]       Address:          220 Flat 2, 220 Burton Road, Derby, England, DE23 6AA
2026-10-03 19:01:11,349 [INFO] [ 18/50] Scraping: AFGHAN SUPPORT GROUP CIC (Co #13748431)
2026-10-03 19:01:12,903 [INFO]       Appointed Officer: CAMPBELL, Michael James Douglas (Director)
2026-10-03 19:01:12,903 [INFO]       Address:          Biddlesgate Farm, Cranborne, Wimborne, England, BH21 5RS
2026-10-03 19:01:13,998 [INFO] [ 19/50] Scraping: WINNERS WELLBEING CIC (Co #13749587)
2026-10-03 19:01:15,785 [INFO]       Appointed Officer: BLAIR, Chloe Louise (Director)
2026-10-03 19:01:15,785 [INFO]       Address:          34 Stockport Road, Cheadle, England, SK8 2AA
2026-10-03 19:01:16,873 [INFO] [ 20/50] Scraping: HEAD KHOKHRA FUNERAL SERVICES CIC (Co #13749634)
2026-10-03 19:01:18,617 [INFO]       Appointed Officer: ASHRAF, Shakeel (Director)
2026-10-03 19:01:18,617 [INFO]       Address:          11 Keswick Drive, Bury, England, BL9 9LT
2026-10-03 19:01:19,709 [INFO] [ 21/50] Scraping: TAKE THE L CIC (Co #13750682)
2026-10-03 19:01:21,214 [INFO]       Appointed Officer: NDONGO NGOE, Atangana (Director)
2026-10-03 19:01:21,214 [INFO]       Address:          Osborne House, 17 Loxford Gardens, London, England
2026-10-03 19:01:22,307 [INFO] [ 22/50] Scraping: WOMEN'S HEALTH INITIATIVE GHANA CIC (Co #13753127)
2026-10-03 19:01:23,939 [INFO]       Appointed Officer: NTUMY, Edem Barbara (Director)
2026-10-03 19:01:23,940 [INFO]       Address:          5 Brayford Square, London, London, E1 0SG
2026-10-03 19:01:25,039 [INFO] [ 23/50] Scraping: SHIPWRIGHT COMMUNITIES CIC (Co #14156455)
2026-10-03 19:01:26,596 [INFO]       Appointed Officer: HALSTEAD, Emma (Director)
2026-10-03 19:01:26,596 [INFO]       Address:          The Master Shipwrights House, Watergate Street, London, England, SE8 3JF
2026-10-03 19:01:27,689 [INFO] [ 24/50] Scraping: AYRSHIRE HORIZON CIC (Co #SC734783)
2026-10-03 19:01:29,386 [INFO]       Appointed Officer: BLETSOE, Lesley (Director)
2026-10-03 19:01:29,386 [INFO]       Address:          Unit 3, The Freeport, Shawfarm Road, Prestwick, United Kingdom, KA9 2TR
2026-10-03 19:01:30,474 [INFO] [ 25/50] Scraping: IRIDESCENT ART CIC (Co #14175919)
2026-10-03 19:01:31,965 [INFO]       Appointed Officer: HENRIKSSON, Amanda Maria (Director)
2026-10-03 19:01:31,966 [INFO]       Address:          6 Westmoreland House, Scrubs Lane, London, United Kingdom, NW10 6RE
2026-10-03 19:01:33,058 [INFO] [ 26/50] Scraping: BBOC OCEAN CONSERVATION CIC (Co #14179754)
2026-10-03 19:01:34,657 [INFO]       Appointed Officer: DONNITHORNE-TAIT, Hugo Dewar Edward (Director)
2026-10-03 19:01:34,657 [INFO]       Address:          Innovation Centre, York Science Park, York, England, YO10 5DG
2026-10-03 19:01:35,751 [INFO] [ 27/50] Scraping: COALITION FOR CLIMATE CHANGE THE AFRICAN INITIATIVE. CIC (Co #14181584)
2026-10-03 19:01:37,387 [INFO]       Appointed Officer: OMOTAYO, Omotola (Director)
2026-10-03 19:01:37,387 [INFO]       Address:          19 Purser Road, Northampton, England, NN1 4PG
2026-10-03 19:01:38,980 [INFO] [ 28/50] Scraping: RESET TOGETHER CIC (Co #14183664)
2026-10-03 19:01:40,612 [INFO]       Appointed Officer: DANKS, Kara Louise, Dr (Director)
2026-10-03 19:01:40,612 [INFO]       Address:          63 High Bridge High Bridge, Newcastle Upon Tyne, Tyne And Wear, England, NE1 6BX
2026-10-03 19:01:42,689 [INFO] [ 29/50] Scraping: NEURODIVERSITY EMOTIONAL WELLBEING ASSESSMENTS THERAPY SERVICES (NEATS) GROUP CIC (Co #14186293)
2026-10-03 19:01:44,383 [INFO]       Appointed Officer: HAGGERSTON, Peter John (Director)
2026-10-03 19:01:44,383 [INFO]       Address:          5 Grasmere Avenue, Jarrow, United Kingdom, NE32 4AB
2026-10-03 19:01:46,462 [INFO] [ 30/50] Scraping: CORNWALL CONTEMPORARY BALLET COMPANY CIC (Co #14189609)
2026-10-03 19:01:48,110 [INFO]       Appointed Officer: DANDY, Jennifer Ruth (Director)
2026-10-03 19:01:48,110 [INFO]       Address:          5 Bridge Row Cottages, Bridge, Portreath, Redruth, Cornwall, England, TR16 4QW
2026-10-03 19:01:50,186 [INFO] [ 31/50] Scraping: MYRIAD SUPPORT SERVICES CIC (Co #14190286)
2026-10-03 19:01:51,776 [INFO]       Appointed Officer: AZIM KHAN, Yasir (Director)
2026-10-03 19:01:51,776 [INFO]       Address:          Kings Court 17 School Road, Hall Green, Birmingham, England, B28 8JG
2026-10-03 19:01:53,854 [INFO] [ 32/50] Scraping: CARTER'S GLOBAL COMMUNITY INTEREST COMPANY (Co #14190902)
2026-10-03 19:01:55,380 [INFO]       Appointed Officer: CARTER, William James (Director)
2026-10-03 19:01:55,380 [INFO]       Address:          10 Woodlands Court Otley Road, Leeds, England, LS16 6EZ
2026-10-03 19:01:57,492 [INFO] [ 33/50] Scraping: SUCCESSIVE BALANCE CIC (Co #14191703)
2026-10-03 19:01:59,281 [INFO]       Appointed Officer: LIVINGSTON, Sherrika Simone (Director)
2026-10-03 19:01:59,281 [INFO]       Address:          Annexe, 104 Monkswood Avenue, Waltham Abbey, England, EN9 1LJ
2026-10-03 19:02:01,361 [INFO] [ 34/50] Scraping: MANNING'S COMMUNITY FITNESS HUB CIC (Co #14194888)
2026-10-03 19:02:03,123 [INFO]       Appointed Officer: BIRD, Claire (Director)
2026-10-03 19:02:03,123 [INFO]       Address:          Unit 5 Lifford Lane, Birmingham, England, B30 3DZ
2026-10-03 19:02:05,202 [INFO] [ 35/50] Scraping: ASSOCIATION OF PROFESSIONAL FUND INVESTORS C.I.C. (Co #14198241)
2026-10-03 19:02:06,867 [INFO]       Appointed Officer: GAVELAS, Katy (Secretary)
2026-10-03 19:02:06,867 [INFO]       Address:          Aurora House 71-75 Uxbridge Road, London, England, W5 5SL
2026-10-03 19:02:08,984 [INFO] [ 36/50] Scraping: THERAPY ROUTE CIC (Co #14200556)
2026-10-03 19:02:10,615 [INFO]       Appointed Officer: LODGE, Olufemi Oyebola (Director)
2026-10-03 19:02:10,615 [INFO]       Address:          10 Felton House 10 Felton House, Newcastle, Newcastle Upon Tyne, United Kingdom, NE6 2NW
2026-10-03 19:02:12,695 [INFO] [ 37/50] Scraping: TALK TO TERRY CIC (Co #14200579)
2026-10-03 19:02:14,252 [INFO]       Appointed Officer: REGAN, Terrence (Secretary)
2026-10-03 19:02:14,252 [INFO]       Address:          8 Kerry Close, Newham, London, E16 3PL
2026-10-03 19:02:16,327 [INFO] [ 38/50] Scraping: SOUTH ASIANS COMMUNITY INTEREST COMPANY (Co #14201875)
2026-10-03 19:02:18,134 [INFO]       Appointed Officer: IKRAM, Humayun, Mr. (Director)
2026-10-03 19:02:18,134 [INFO]       Address:          462 A Hoe Street, Walthamstow, London, England, E17 9AH
2026-10-03 19:02:20,210 [INFO] [ 39/50] Scraping: LIFEPAIRS CIC (Co #14203523)
2026-10-03 19:02:21,804 [INFO]       Appointed Officer: LI, Hong Wah (Director)
2026-10-03 19:02:21,805 [INFO]       Address:          27 Bailey Bridge Drive, Chepstow, Wales, NP16 5UR
2026-10-03 19:02:23,940 [INFO] [ 40/50] Scraping: HANAAN CARE AND SUPPORT SERVICES C.I.C. (Co #14203594)
2026-10-03 19:02:25,502 [INFO]       Appointed Officer: ROWE, Levi Terence (Director)
2026-10-03 19:02:25,502 [INFO]       Address:          20-22 Wenlock Road, London, England, N1 7GU
2026-10-03 19:02:27,578 [INFO] [ 41/50] Scraping: RISEHUB CIC (Co #14203741)
2026-10-03 19:02:29,130 [INFO]       Appointed Officer: GREEN, Owen Lloyd (Director)
2026-10-03 19:02:29,130 [INFO]       Address:          124 City Road, London, United Kingdom, EC1V 2NX
2026-10-03 19:02:31,209 [INFO] [ 42/50] Scraping: RIGHT TRACK SUPPORTED HOUSING AND EDUCATION CIC (Co #14212868)
2026-10-03 19:02:32,948 [INFO]       Appointed Officer: HUSSAIN, Ahmad (Director)
2026-10-03 19:02:32,948 [INFO]       Address:          167-169 Great Portland Street, 5th Floor, London, United Kingdom, W1W 5PF
2026-10-03 19:02:35,025 [INFO] [ 43/50] Scraping: PALACE BALLERS CLUB C.I.C. (Co #14213079)
2026-10-03 19:02:36,746 [INFO]       Appointed Officer: DAVIS, Ann-Marie (Secretary)
2026-10-03 19:02:36,746 [INFO]       Address:          452 Davidson Road, Croydon, England, CR0 6DH
2026-10-03 19:02:38,822 [INFO] [ 44/50] Scraping: JUSTBELIVERPOOL C.I.C. (Co #14213167)
2026-10-03 19:02:40,406 [INFO]       Appointed Officer: BARRETT-ELLIS, Jade Perry (Director)
2026-10-03 19:02:40,406 [INFO]       Address:          50 Whitefield Avenue, Liverpool, England, L4 1XJ
2026-10-03 19:02:42,483 [INFO] [ 45/50] Scraping: PARENT IMPLEMENTED ABA (PI ABA) C.I.C. (Co #14214379)
2026-10-03 19:02:44,018 [INFO]       Appointed Officer: MASALA, Daniela Andreea (Director)
2026-10-03 19:02:44,018 [INFO]       Address:          5 Kersey Gardens, Romford, England, RM3 0ER
2026-10-03 19:02:46,098 [INFO] [ 46/50] Scraping: MEN MATTER UK CIC (Co #13955769)
2026-10-03 19:02:47,671 [INFO]       Appointed Officer: BRISTER, Christopher James (Director)
2026-10-03 19:02:47,671 [INFO]       Address:          11 Elphinstone Road, Stoke-On-Trent, England, ST4 5PB
2026-10-03 19:02:49,747 [INFO] [ 47/50] Scraping: FINNY TRIBE PRODUCTIONS CIC (Co #13958023)
2026-10-03 19:02:51,510 [INFO]       Appointed Officer: ANDREW, Sharon (Director)
2026-10-03 19:02:51,510 [INFO]       Address:          5 Daniel Place, Penzance, Cornwall, England, TR18 4DU
2026-10-03 19:02:53,591 [INFO] [ 48/50] Scraping: BUZZ CULTURE CIC (Co #13957613)
2026-10-03 19:02:55,228 [INFO]       Appointed Officer: CLARK, Emma Antonia (Director)
2026-10-03 19:02:55,228 [INFO]       Address:          12 Gaspard Place, Barry, United Kingdom, CF62 6SJ
2026-10-03 19:02:57,314 [INFO] [ 49/50] Scraping: MITAKUYE OYASIN COMMUNITY INTEREST COMPANY (Co #13959212)
2026-10-03 19:02:59,009 [INFO]       Appointed Officer: HAORANG, Arachai (Secretary)
2026-10-03 19:02:59,009 [INFO]       Address:          45 Ceylon Street, Hull, East Riding Of Yorkshire, HU9 5RD
2026-10-03 19:03:01,083 [INFO] [ 50/50] Scraping: PRIDE IN AYLESBURY CIC (Co #13965235)
2026-10-03 19:03:02,666 [INFO]       Appointed Officer: FULLER, Matthew Christopher (Director)
2026-10-03 19:03:02,666 [INFO]       Address:          19 Boldison Close, Aylesbury, Buckinghamshire, United Kingdom, HP19 8JL
2026-10-03 19:03:04,773 [INFO] ================================================================================
2026-10-03 19:03:04,774 [INFO] BATCH FINISHED: Processed 50 companies in 170.3s.
2026-10-03 19:03:04,774 [INFO] Total Cumulative Enriched: 1932 companies.
2026-10-03 19:03:04,774 [INFO] Updated CSV: enriched_uk_companies.csv
2026-10-03 19:03:04,774 [INFO] Updated Log: scraper.log
2026-10-03 19:03:04,774 [INFO] ================================================================================
2026-10-03 22:39:28,885 [INFO] ================================================================================
2026-10-03 22:39:28,885 [INFO] STARTING PRODUCTION UK COMPANIES HOUSE CONTACT SCRAPER
2026-10-03 22:39:28,885 [INFO] ================================================================================
2026-10-03 22:39:28,886 [INFO] Input Dataset:  Companies-House-search-results.csv
2026-10-03 22:39:28,886 [INFO] Output Dataset: enriched_uk_companies.csv
2026-10-03 22:39:28,886 [INFO] Batch Size:     50
2026-10-03 22:39:28,895 [INFO] Already processed in previous runs: 1932 companies
2026-10-03 22:39:28,917 [INFO] Total remaining companies to scrape: 3068
2026-10-03 22:39:28,917 [INFO] Processing next batch of 50 companies...

2026-10-03 22:39:28,917 [INFO] [  1/50] Scraping: HACKNEY MOVING CIC (Co #13973430)
2026-10-03 22:39:29,895 [INFO]       Appointed Officer: GLOVER, Sebastain Harry (Director)
2026-10-03 22:39:29,895 [INFO]       Address:          179 Morning Ln, Hackney, United Kingdom, E9 6LH
2026-10-03 22:39:31,545 [INFO]    [EMAIL]   info@duckduckgo.com
2026-10-03 22:39:31,545 [INFO]    [WEBSITE] https://duckduckgo.com/y.js?ad_domain=familyvanlines.org&ad_provider=bingv7aa&ad_type=txad&click_metadata=OGgvc33shqEAnSN8hVRxixta94nHS7jG8KKqEcLFXYJdfLgNPLYV_3xvnaxc9LHr7kJrnH1Eu4EbkxTM%2Dkub5EvJcFl6fladImGovj_ojtAxHyR4qA05WQNLi5Uat9trn5vuGpXCe54fMfRDjjywM1xC8VZQERb9F8o27fV0DYI.RsVRDVfLRk7yKx0DjpSTEQ&rut=14da1d600d3fff8e9c7915b97228b678b9fc7bc878d21ea275f330d2d6d39995&u3=https%3A%2F%2Fwww.bing.com%2Faclick%3Fld%3De8uQYfyIJkZfDQhj2TyRHdtDVUCUxF%2DezM155I78QS%2DgPkfhgCZwRpCcDbVpyR%2D_eluTwlDRcJ4IHFe3pX74Lfii3fUxOvWaqRBnKGulLUp1aj3tH9D4sbILrJqqRznnZ8Q4HL31aQdD8iT8oLb5FH6khVOqEP0YZB_VDTrcZyxW5SWb_iDG6NJaGv2AHzxtNQF4V8n2OqBFPO0pdy2IG2gAIHyN0%26u%3DaHR0cHMlM2ElMmYlMmZmYW1pbHl2YW5saW5lcy5vcmclMmYlM2ZrYXBwYSUzZHJleCUyNm1zY2xraWQlM2Q1ZGVjYjVjNzNkZTQxZGMzZjE2ZmRmMDZiOWM2Y2M1NA%26rlid%3D5decb5c73de41dc3f16fdf06b9c6cc54&vqd=4-67420858017662770947769488342187648591&iurl=%7B1%7DIG%3D2829FE91D7D14321950DCC25DABDD7B3%26CID%3D2E0C86A76AB46DE43CED91406B3F6CB0%26ID%3DDevEx%2C5037.1
2026-10-03 22:39:32,545 [INFO] [  2/50] Scraping: RAISING RASCALS COMMUNITY INTEREST COMPANY (Co #13973447)
2026-10-03 22:39:33,586 [INFO]       Appointed Officer: LISTER NORGATE, Samantha Rebecca (Director)
2026-10-03 22:39:33,586 [INFO]       Address:          23 Balk Lane, Upper Cumberworth, Huddersfield, England, HD8 8NZ
2026-10-03 22:39:34,693 [INFO] [  3/50] Scraping: RETHINKUK CIC (Co #13973426)
2026-10-03 22:39:35,680 [INFO]       Appointed Officer: TATE, Peter (Director)
2026-10-03 22:39:35,680 [INFO]       Address:          Unit 4 Rosebridge Way, Ince, Wigan, England, WN1 3DP
2026-10-03 22:39:36,780 [INFO] [  4/50] Scraping: LESLIE'S CARE PACKAGES C.I.C. (Co #13973523)
2026-10-03 22:39:37,772 [INFO]       Appointed Officer: LOURDES BROWN, Joanne Louise (Secretary)
2026-10-03 22:39:37,772 [INFO]       Address:          Self Storage Sun Street, Unit 1719, Brierley Hill, England, DY5 2JB
2026-10-03 22:39:38,853 [INFO] [  5/50] Scraping: 2WOMENH CIC (Co #13973409)
2026-10-03 22:39:39,893 [INFO]       Appointed Officer: GUTFROIND, Daphne (Director)
2026-10-03 22:39:39,893 [INFO]       Address:          Studio 132 The Light Box, 111 Power Road, London, United Kingdom, W4 5PY
2026-10-03 22:39:41,026 [INFO] [  6/50] Scraping: UTA ARTS C.I.C. (Co #13973450)
2026-10-03 22:39:42,017 [INFO]       Appointed Officer: BYRON, Johanna (Director)
2026-10-03 22:39:42,017 [INFO]       Address:          22 Hannah More Court, Lower North Street, Cheddar, Somerset, England, BS27 3HE
2026-10-03 22:39:43,104 [INFO] [  7/50] Scraping: ELITE TIGERS GROUP CIC (Co #13977912)
2026-10-03 22:39:44,066 [INFO]       Appointed Officer: ADEOSHUN, Ayodeji Olajuwon (Director)
2026-10-03 22:39:44,066 [INFO]       Address:          5 Torino Way, South Ockendon, England, RM15 5FT
2026-10-03 22:39:45,184 [INFO] [  8/50] Scraping: THE CHAMBER OF CONSCIENCE CIC (Co #13978793)
2026-10-03 22:39:46,239 [INFO]       Appointed Officer: LUFF, Christopher John (Director)
2026-10-03 22:39:46,239 [INFO]       Address:          15 Queen Street, Chipperfield, Kings Langley, England, WD4 9BT
2026-10-03 22:39:47,309 [INFO] [  9/50] Scraping: KICKSTARTTHEFUTURE CIC (Co #13986186)
2026-10-03 22:39:48,278 [INFO]       Appointed Officer: COOPER, Joseph Edward David (Director)
2026-10-03 22:39:48,278 [INFO]       Address:          10 Lowndes Avenue, Chesham, England, HP5 2HH
2026-10-03 22:39:49,351 [INFO] [ 10/50] Scraping: UNTANGLED ST HELENS CIC (Co #13987463)
2026-10-03 22:39:50,334 [INFO]       Appointed Officer: FENNEY, Bernadette Sarah (Director)
2026-10-03 22:39:50,334 [INFO]       Address:          64 Laurel Road, Haydock, St. Helens, England, WA11 0EX
2026-10-03 22:39:51,425 [INFO] [ 11/50] Scraping: PARAMOUNT PARKOUR MILTON KEYNES CIC (Co #13987636)
2026-10-03 22:39:52,379 [INFO]       Appointed Officer: DACOSTA, Ruel (Director)
2026-10-03 22:39:52,379 [INFO]       Address:          15 Winchester Circle, Kingston, Milton Keynes, England, MK10 0BA
2026-10-03 22:39:53,454 [INFO] [ 12/50] Scraping: BETTER INVESTMENTS (ESSEX) COMMUNITY INTEREST COMPANY (Co #13989653)
2026-10-03 22:39:54,473 [INFO]       Appointed Officer: SHORT, Stuart Richard (Director)
2026-10-03 22:39:54,473 [INFO]       Address:          PO Box 4385, 13989653 - COMPANIES HOUSE DEFAULT ADDRESS, Cardiff, CF14 8LH
2026-10-03 22:39:55,552 [INFO] [ 13/50] Scraping: PROJECT SAFE HAVEN C.I.C. (Co #13993031)
2026-10-03 22:39:56,540 [INFO]       Appointed Officer: PEART, Jadean Veronica (Director)
2026-10-03 22:39:56,540 [INFO]       Address:          101 Bradley Boulevard, Huddersfield, England, HD2 1EA
2026-10-03 22:39:57,623 [INFO] [ 14/50] Scraping: WOMEN ENTREPRENEURSHIP EUROPE AFRICA C.I.C. (Co #13992952)
2026-10-03 22:39:58,560 [INFO]       Appointed Officer: ROCHA, Paula (Director)
2026-10-03 22:39:58,560 [INFO]       Address:          17 Beachcroft Court Cannon Road, London, England, N17 8FA
2026-10-03 22:39:59,632 [INFO] [ 15/50] Scraping: SÌODA UK CIC (Co #SC727022)
2026-10-03 22:40:00,697 [INFO]       Appointed Officer: BRIGGS, Simon (Director)
2026-10-03 22:40:00,697 [INFO]       Address:          Danskine Villa Main Street, Fallin, Stirling, Scotland, FK7 7HT
2026-10-03 22:40:01,806 [INFO] [ 16/50] Scraping: BORN2WIN LIFESTYLE CIC (Co #13996665)
2026-10-03 22:40:02,830 [INFO]       Appointed Officer: THOMAS, Craig (Director)
2026-10-03 22:40:02,830 [INFO]       Address:          11 Capstone Avenue, Hockley, Birmingham, West Midlands, B18 6PJ
2026-10-03 22:40:03,952 [INFO] [ 17/50] Scraping: A GATE OF PRECIOUS STONES SANCTUARY CIC (Co #14001650)
2026-10-03 22:40:05,002 [INFO]       Appointed Officer: AKPOGUMA, Sharon Iyore (Director)
2026-10-03 22:40:05,002 [INFO]       Address:          43 Waltho Street, Wolverhampton, England, WV6 0EU
2026-10-03 22:40:06,089 [INFO] [ 18/50] Scraping: CALISTHENICS UNIVERSAL CIC (Co #14002544)
2026-10-03 22:40:07,063 [INFO]       Appointed Officer: ACHUNINE, Ahunanya (Director)
2026-10-03 22:40:07,063 [INFO]       Address:          Flat 3 Jeffreys House, 55 Bond Road, Surbiton, England, KT6 7TB
2026-10-03 22:40:08,149 [INFO] [ 19/50] Scraping: STOP ASIAN HATE UK CIC (Co #14004879)
2026-10-03 22:40:09,190 [INFO]       Appointed Officer: CHAN, Adie Kui Wai (Director)
2026-10-03 22:40:09,190 [INFO]       Address:          Unit 4a Creative Arts Hub, Dockfield Road, Shipley, United Kingdom, BD17 7AD
2026-10-03 22:40:10,308 [INFO] [ 20/50] Scraping: KOMU COMMUNITY INTEREST COMPANY (Co #14005068)
2026-10-03 22:40:11,304 [INFO]       Appointed Officer: SMITH, Heather Judith (Director)
2026-10-03 22:40:11,304 [INFO]       Address:          50 Ashcombe Road, Dorking, England, RH4 1NA
2026-10-03 22:40:12,379 [INFO] [ 21/50] Scraping: SAVE UKRAINE CIC (Co #14005107)
2026-10-03 22:40:13,420 [INFO]       Appointed Officer: GORDIEIEVA, Mariia Federovna (Director)
2026-10-03 22:40:13,421 [INFO]       Address:          Flat 4 26 Avenue Elmers, Surbiton, United Kingdom, KT6 4SJ
2026-10-03 22:40:14,493 [INFO] [ 22/50] Scraping: SMALL STEPS MAKE A DIFFERENCE CIC (Co #14005204)
2026-10-03 22:40:15,458 [INFO]       Appointed Officer: CALDICOTT, Jade (Director)
2026-10-03 22:40:15,458 [INFO]       Address:          9 Ettymore Road West, Dudley, England, DY3 3SU
2026-10-03 22:40:16,528 [INFO] [ 23/50] Scraping: SMILEY YOUTH UK CIC (Co #14008356)
2026-10-03 22:40:17,561 [INFO]       Appointed Officer: KORMI, Karen (Director)
2026-10-03 22:40:17,562 [INFO]       Address:          None, Moston Lane, Manchester, England, M40 9WB
2026-10-03 22:40:18,637 [INFO] [ 24/50] Scraping: COMPLETED ICJ COMMUNITY INTEREST COMPANY (Co #14008374)
2026-10-03 22:40:19,685 [INFO]       Appointed Officer: NGUBANE, Dumisani Abner (Director)
2026-10-03 22:40:19,685 [INFO]       Address:          163 Grosvenor Street, Kearsley, Bolton, England, BL4 8DP
2026-10-03 22:40:20,753 [INFO] [ 25/50] Scraping: CAREFREE NORTH EAST CIC (Co #14008786)
2026-10-03 22:40:21,731 [INFO]       Appointed Officer: WILSON, Daniel James (Director)
2026-10-03 22:40:21,731 [INFO]       Address:          136 Ridley Avenue, Wallsend, United Kingdom, NE28 0DU
2026-10-03 22:40:22,808 [INFO] [ 26/50] Scraping: THE CONSCIOUS MAN NE CIC (Co #14013636)
2026-10-03 22:40:23,888 [INFO]       Appointed Officer: HIGGINS, Katie (Director)
2026-10-03 22:40:23,888 [INFO]       Address:          2 Jubilee Terrace, Mickleton, Barnard Castle, England, DL12 0LD
2026-10-03 22:40:24,966 [INFO] [ 27/50] Scraping: ROBIN HOOD COMMUNITY CIC (Co #14025507)
2026-10-03 22:40:25,931 [INFO]       Appointed Officer: COOPER, Dawn (Director)
2026-10-03 22:40:25,932 [INFO]       Address:          22 Mansfield Street, Nottingham, England, NG5 4AA
2026-10-03 22:40:27,520 [INFO] [ 28/50] Scraping: OUR UNITY CIC (Co #14028501)
2026-10-03 22:40:28,562 [INFO]       Appointed Officer: KHAMIS, Arafa (Director)
2026-10-03 22:40:28,562 [INFO]       Address:          207 Fairmead Crescent, Edgware, England, HA8 8YS
2026-10-03 22:40:30,638 [INFO] [ 29/50] Scraping: ANCHOR BARNSLEY WE GOT YOU C.I.C. (Co #14031783)
2026-10-03 22:40:31,659 [INFO]       Appointed Officer: GAINS, Gemma Crystal (Director)
2026-10-03 22:40:31,659 [INFO]       Address:          4 Cliffe Avenue, Worsbrough, Barnsley, South Yorkshire, S70 4AN
2026-10-03 22:40:33,720 [INFO] [ 30/50] Scraping: TAEKWONDO ACADEMY STOCKPORT CIC (Co #14033025)
2026-10-03 22:40:34,655 [INFO]       Appointed Officer: FORAN, Liam Francis (Director)
2026-10-03 22:40:34,655 [INFO]       Address:          8 Hampstead Lane, Stockport, England, SK2 7PS
2026-10-03 22:40:36,724 [INFO] [ 31/50] Scraping: FIXT BIKES CIC (Co #14034455)
2026-10-03 22:40:37,677 [INFO]       Appointed Officer: OWEN, Rebecca Louise (Director)
2026-10-03 22:40:37,677 [INFO]       Address:          4 Llanfair Road, Newtown, United Kingdom, SY16 2DG
2026-10-03 22:40:39,736 [INFO] [ 32/50] Scraping: KANVAS SOCIAL HOUSING CIC (Co #14035055)
2026-10-03 22:40:40,715 [INFO]       Appointed Officer: CARBY-MULLINGS, Kyle Scott (Director)
2026-10-03 22:40:40,715 [INFO]       Address:          43 Gatis Street, Wolverhampton, England, WV6 0ES
2026-10-03 22:40:42,775 [INFO] [ 33/50] Scraping: UPLIVITY HOUSING CIC (Co #14037847)
2026-10-03 22:40:43,762 [INFO]       Appointed Officer: HENRY, Essa Lovell (Secretary)
2026-10-03 22:40:43,762 [INFO]       Address:          209 Priory Road, Dudley, England, DY1 4EE
2026-10-03 22:40:45,819 [INFO] [ 34/50] Scraping: YOUR CHOICE BROADCASTING CIC (Co #14042530)
2026-10-03 22:40:46,853 [INFO]       Appointed Officer: ARMSTRONG, Sarah Jayne (Director)
2026-10-03 22:40:46,853 [INFO]       Address:          Dimensional House, 81 Stranton, Hartlepool, England, TS24 7QT
2026-10-03 22:40:48,946 [INFO] [ 35/50] Scraping: THE GLOBE FOUNDATION CIC (Co #14045744)
2026-10-03 22:40:49,927 [INFO]       Appointed Officer: COPELAND, Katie Louise (Director)
2026-10-03 22:40:49,927 [INFO]       Address:          Globe Eco Centre, Old Mill, Church Street, Uttoxeter, Staffordshire, United Kingdom, ST14 8AG
2026-10-03 22:40:51,995 [INFO] [ 36/50] Scraping: THE HAPPY WEALD CIC (Co #14048265)
2026-10-03 22:40:53,004 [INFO]       Appointed Officer: BELL, Michael Peter James (Director)
2026-10-03 22:40:53,005 [INFO]       Address:          3 Fenwick Court, Alconbury Weald, Huntingdon, Cambridgeshire, United Kingdom, PE28 4LU
2026-10-03 22:40:55,072 [INFO] [ 37/50] Scraping: GLOBAL UNION OF POLITICIANS AND DIPLOMATS CIC (Co #14066530)
2026-10-03 22:40:56,067 [INFO]       Appointed Officer: ALY, Wissam Waly (Director)
2026-10-03 22:40:56,067 [INFO]       Address:          22 Edward Road, Leicester, England, LE2 1TF
2026-10-03 22:40:58,130 [INFO] [ 38/50] Scraping: TOP CARE DETAILING C.I.C. (Co #14064759)
2026-10-03 22:40:59,074 [INFO]       Appointed Officer: ZAFFER, Mohummed Numaan (Director)
2026-10-03 22:40:59,074 [INFO]       Address:          316 Wellington Road South, Hounslow, England, TW4 5JU
2026-10-03 22:41:01,137 [INFO] [ 39/50] Scraping: AVALON NE C.I.C. (Co #14067005)
2026-10-03 22:41:02,189 [INFO]       Appointed Officer: WILSON, Mandy (Secretary)
2026-10-03 22:41:02,189 [INFO]       Address:          White Horse, 23 Market Street, Ferryhill, Durham, DL17 8JN
2026-10-03 22:41:04,254 [INFO] [ 40/50] Scraping: BOOTLE DANCE COMMUNITY INTEREST COMPANY (Co #14073297)
2026-10-03 22:41:05,228 [INFO]       Appointed Officer: BOSSON, Janet (Director)
2026-10-03 22:41:05,228 [INFO]       Address:          66 Summer Hill, Bootle, Millom, England, LA19 5UA
2026-10-03 22:41:07,299 [INFO] [ 41/50] Scraping: DOWN STAGE WRITE CIC (Co #14073304)
2026-10-03 22:41:08,266 [INFO]       Appointed Officer: NASH, Jon Arthur Edward (Director)
2026-10-03 22:41:08,266 [INFO]       Address:          C3 Apollo Court, Neptune Park, Plymouth, England, PL4 0SJ
2026-10-03 22:41:10,327 [INFO] [ 42/50] Scraping: CLARKE SPORT FOR ALL FOUNDATION CIC (Co #14074761)
2026-10-03 22:41:11,423 [INFO]       Appointed Officer: CLARKE, Matthew Lewis (Director)
2026-10-03 22:41:11,423 [INFO]       Address:          72 Turntable Avenue, Bromsgrove, Worcestershire, B60 3SP
2026-10-03 22:41:13,487 [INFO] [ 43/50] Scraping: LSL CHILDREN'S AND YOUTH CHOIR COMMUNITY INTEREST COMPANY (Co #14074840)
2026-10-03 22:41:14,491 [INFO]       Appointed Officer: LI, Si Lai Silli (Director)
2026-10-03 22:41:14,492 [INFO]       Address:          8 Dunham Rise, Altrincham, Cheshire, WA14 2BB
2026-10-03 22:41:16,557 [INFO] [ 44/50] Scraping: CENNEN COMMUNITY FIBRE C.I.C. (Co #14078139)
2026-10-03 22:41:17,537 [INFO]       Appointed Officer: THOMPSON, Amanda May (Director)
2026-10-03 22:41:17,537 [INFO]       Address:          Melin Y Bardd, Trapp, Llandeilo, Wales, SA19 6UD
2026-10-03 22:41:19,604 [INFO] [ 45/50] Scraping: OUR BLACK MINDS CIC (Co #14100803)
2026-10-03 22:41:20,668 [INFO]       Appointed Officer: ISAAC, Keasha Jasmin (Director)
2026-10-03 22:41:20,669 [INFO]       Address:          112 Soundwell Road, Bristol, England, BS16 4RT
2026-10-03 22:41:22,741 [INFO] [ 46/50] Scraping: SOLA VIRUM ENSEMBLE CIC (Co #14102305)
2026-10-03 22:41:23,816 [INFO]       Appointed Officer: AGER, Patrick (Director)
2026-10-03 22:41:23,816 [INFO]       Address:          2 Poplar Crescent, Althorpe, Scunthorpe, England, DN17 3HB
2026-10-03 22:41:25,873 [INFO] [ 47/50] Scraping: YOU.NQ CIC (Co #14102331)
2026-10-03 22:41:26,920 [INFO]       Appointed Officer: AKINFISOYE, Michael (Director)
2026-10-03 22:41:26,920 [INFO]       Address:          8 Silver Road, Gravesend, England, DA12 4JB
2026-10-03 22:41:28,987 [INFO] [ 48/50] Scraping: NURTURING MINDS MINDFULNESS CIC (Co #14101677)
2026-10-03 22:41:30,049 [INFO]       Appointed Officer: JONES, Annalise Chloe (Director)
2026-10-03 22:41:30,049 [INFO]       Address:          19 Blaisdon, Yate, Bristol, England, BS37 8TH
2026-10-03 22:41:32,114 [INFO] [ 49/50] Scraping: A VOICE OF HOPE SANCTUARY CIC (Co #14119261)
2026-10-03 22:41:33,200 [INFO]       Appointed Officer: AKPOGUMA, Godwin Atare (Director)
2026-10-03 22:41:33,201 [INFO]       Address:          43 Waltho Street, Wolverhampton, England, WV6 0EU
2026-10-03 22:41:35,262 [INFO] [ 50/50] Scraping: 801 DISCOVERY C.I.C. (Co #14120405)
2026-10-03 22:41:36,229 [INFO]       Appointed Officer: GREEN, Paul (Director)
2026-10-03 22:41:36,229 [INFO]       Address:          12 Yeardsley Close, Bramhall, Stockport, England, SK7 3HR
2026-10-03 22:41:38,321 [INFO] ================================================================================
2026-10-03 22:41:38,321 [INFO] BATCH FINISHED: Processed 50 companies in 129.4s.
2026-10-03 22:41:38,321 [INFO] Total Cumulative Enriched: 1982 companies.
2026-10-03 22:41:38,322 [INFO] Updated CSV: enriched_uk_companies.csv
2026-10-03 22:41:38,322 [INFO] Updated Log: scraper.log
2026-10-03 22:41:38,322 [INFO] ================================================================================
2026-10-04 04:14:05,425 [INFO] ================================================================================
2026-10-04 04:14:05,425 [INFO] STARTING PRODUCTION UK COMPANIES HOUSE CONTACT SCRAPER
2026-10-04 04:14:05,425 [INFO] ================================================================================
2026-10-04 04:14:05,425 [INFO] Input Dataset:  Companies-House-search-results.csv
2026-10-04 04:14:05,425 [INFO] Output Dataset: enriched_uk_companies.csv
2026-10-04 04:14:05,425 [INFO] Batch Size:     50
2026-10-04 04:14:05,430 [INFO] Already processed in previous runs: 1982 companies
2026-10-04 04:14:05,442 [INFO] Total remaining companies to scrape: 3018
2026-10-04 04:14:05,442 [INFO] Processing next batch of 50 companies...

2026-10-04 04:14:05,442 [INFO] [  1/50] Scraping: FINK OUT THE BOX! CIC (Co #14120478)
2026-10-04 04:14:07,149 [INFO]       Appointed Officer: ROCHESTER, Hezron (Director)
2026-10-04 04:14:07,149 [INFO]       Address:          46 Woodford End, Chadsmoor, Cannock, England, WS11 5JQ
2026-10-04 04:14:08,700 [INFO]    [EMAIL]   info@clarity-project.co.uk
2026-10-04 04:14:08,700 [INFO]    [WEBSITE] https://clarity-project.co.uk/company/14120478
2026-10-04 04:14:09,700 [INFO] [  2/50] Scraping: KENYON SPORTS MANAGEMENT CIC (Co #14123003)
2026-10-04 04:14:11,312 [INFO]       Appointed Officer: DEAN, Andrew (Director)
2026-10-04 04:14:11,312 [INFO]       Address:          3 Alder Close, Hesketh Bank, Preston, England, PR4 6JD
2026-10-04 04:14:12,458 [INFO] [  3/50] Scraping: WAAAH CIC (Co #14123005)
2026-10-04 04:14:13,981 [INFO]       Appointed Officer: FARROW, Elizabeth Anne (Director)
2026-10-04 04:14:13,981 [INFO]       Address:          18 Westow Street, London, England, SE19 3AH
2026-10-04 04:14:15,116 [INFO] [  4/50] Scraping: THINK & GROW YOUNG PEOPLE EMPLOYMENT CENTRE CIC (Co #14130381)
2026-10-04 04:14:16,649 [INFO]       Appointed Officer: LUBECKI, Pawel Zenon (Director)
2026-10-04 04:14:16,649 [INFO]       Address:          46 Fuchsia Lane, Ipswich, England, IP4 5AA
2026-10-04 04:14:17,806 [INFO] [  5/50] Scraping: MEDICINNEED C.I.C. (Co #14131703)
2026-10-04 04:14:19,344 [INFO]       Appointed Officer: MUSTAFA, Hamid Abdulkadir (Director)
2026-10-04 04:14:19,344 [INFO]       Address:          47 Westville Gardens, Nottingham, England, NG3 4QF
2026-10-04 04:14:20,433 [INFO] [  6/50] Scraping: THE ROCK COMMUNITY GROUP C.I.C. (Co #14133245)
2026-10-04 04:14:21,995 [INFO]       Appointed Officer: GOLD, Poppy Florence (Director)
2026-10-04 04:14:21,995 [INFO]       Address:          63 High Street, Littlehampton, England, BN17 5EJ
2026-10-04 04:14:23,113 [INFO] [  7/50] Scraping: RAUMDEUTER RADIO C.I.C. (Co #14134182)
2026-10-04 04:14:24,682 [INFO]       Appointed Officer: ROWLEY, Joseph William (Director)
2026-10-04 04:14:24,682 [INFO]       Address:          4 Hill End, Moddershall, Stone, England, ST15 8TG
2026-10-04 04:14:25,796 [INFO] [  8/50] Scraping: UNITED VETERANS ALLIANCE COMMUNITY INTEREST COMPANY (Co #14142386)
2026-10-04 04:14:27,396 [INFO]       Appointed Officer: ARDRON, Sean Anthony (Director)
2026-10-04 04:14:27,396 [INFO]       Address:          The Manse High Street, Rawmarsh, Rotherham, England, S62 6LN
2026-10-04 04:14:28,571 [INFO] [  9/50] Scraping: HUMANITY 4 ORPHANS UK CIC (Co #14144192)
2026-10-04 04:14:30,302 [INFO]       Appointed Officer: BAPU, Yunus Adam Kara (Director)
2026-10-04 04:14:30,302 [INFO]       Address:          27 Old Gloucester Street, London, United Kingdom, WC1N 3AX
2026-10-04 04:14:31,391 [INFO] [ 10/50] Scraping: YOUNG, GIFTED AND TALENTED CIC (Co #14144500)
2026-10-04 04:14:32,961 [INFO]       Appointed Officer: EDADA, Felix Edhelvo (Director)
2026-10-04 04:14:32,961 [INFO]       Address:          125d Victoria Way, London, England, SE7 7NX
2026-10-04 04:14:34,052 [INFO] [ 11/50] Scraping: WEST WELLBEING SUICIDE PREVENTION SERVICES CIC (Co #NI688699)
2026-10-04 04:14:35,791 [INFO]       Appointed Officer: MALLON, Gerard Robert (Director)
2026-10-04 04:14:35,791 [INFO]       Address:          Unit 9a Stewartstown Road, Dunmurry, Belfast, Northern Ireland, BT17 0AW
2026-10-04 04:14:37,004 [INFO] [ 12/50] Scraping: KEEP TC CIC (Co #14015729)
2026-10-04 04:14:38,687 [INFO]       Appointed Officer: ANTHONY, Emily Jayne (Director)
2026-10-04 04:14:38,687 [INFO]       Address:          Britannia House, 3 Caerphilly Business Park, Caerphilly, Wales, CF83 3GG
2026-10-04 04:14:39,816 [INFO] [ 13/50] Scraping: COASTLINE GUARDIANS CIC (Co #14015917)
2026-10-04 04:14:41,334 [INFO]       Appointed Officer: JOHN, Geraint Huw (Director)
2026-10-04 04:14:41,334 [INFO]       Address:          15 Llys Penrhys, Efail Fach, Pontrhydyfen, United Kingdom, SA12 9UT
2026-10-04 04:14:42,430 [INFO] [ 14/50] Scraping: PICKLESCOTT BROADBAND CIC (Co #14016973)
2026-10-04 04:14:44,080 [INFO]       Appointed Officer: ECOB, Christopher Richard (Director)
2026-10-04 04:14:44,080 [INFO]       Address:          Middle Farm, Batchcote, Church Stretton, United Kingdom, SY6 6NP
2026-10-04 04:14:45,206 [INFO] [ 15/50] Scraping: HORSES & FORCES C.I.C. (Co #14021428)
2026-10-04 04:14:46,971 [INFO]       Appointed Officer: BUTTON, Alexandra Julie, Dr (Director)
2026-10-04 04:14:46,971 [INFO]       Address:          Suite A Drbuttonpsychology, 82 James Carter Road, Mildenhall, Suffolk, United Kingdom, IP28 7DE
2026-10-04 04:14:48,171 [INFO] [ 16/50] Scraping: NORTH HERTFORDSHIRE PRIDE CIC (Co #14022152)
2026-10-04 04:14:49,747 [INFO]       Appointed Officer: SKINNER, Niamh Louise (Director)
2026-10-04 04:14:49,747 [INFO]       Address:          37 Queen Street, Hitchin, Hertfordshire, SG4 9TS
2026-10-04 04:14:50,870 [INFO] [ 17/50] Scraping: KOORANA WELLBEING CIC (Co #14022743)
2026-10-04 04:14:52,384 [INFO]       Appointed Officer: RAFELLO, Gabrielle Anya (Director)
2026-10-04 04:14:52,384 [INFO]       Address:          30 Church Road, Burgess Hill, England, RH15 9AE
2026-10-04 04:14:53,482 [INFO] [ 18/50] Scraping: LITTLE SO & SO’S COMMUNITY INTEREST COMPANY (Co #14046790)
2026-10-04 04:14:55,141 [INFO]       Appointed Officer: COOPER, Andrew (Director)
2026-10-04 04:14:55,141 [INFO]       Address:          2 Merlin Way, Hartlepool, England, TS26 0RG
2026-10-04 04:14:56,246 [INFO] [ 19/50] Scraping: AGAINST ALL ODDS C.I.C. (Co #14060181)
2026-10-04 04:14:57,978 [INFO]       Appointed Officer: GENTLES, Douglas Anthony (Director)
2026-10-04 04:14:57,979 [INFO]       Address:          13 Catherine Street, Cardiff, Wales, CF24 4EF
2026-10-04 04:14:59,078 [INFO] [ 20/50] Scraping: BEDFORD DIGITAL RADIO CIC (Co #14062908)
2026-10-04 04:15:00,586 [INFO]       Appointed Officer: STEERS, Rebecca Linda (Director)
2026-10-04 04:15:00,586 [INFO]       Address:          99 High Street, Harrold, Bedford, England, MK43 7EA
2026-10-04 04:15:01,700 [INFO] [ 21/50] Scraping: SUNDERLAND FOR UKRAINE CIC (Co #14067056)
2026-10-04 04:15:03,458 [INFO]       Appointed Officer: ARCHBOLD, Olena (Director)
2026-10-04 04:15:03,458 [INFO]       Address:          C/O Accounting For Good Cic The Winlaton Centre, North Street, Winlaton, Tyne & Wear, United Kingdom, NE21 6BY
2026-10-04 04:15:04,664 [INFO] [ 22/50] Scraping: WE ARE CREATIVES THURROCK CIC (Co #14068456)
2026-10-04 04:15:06,201 [INFO]       Appointed Officer: BROWN, Raymond Allen (Director)
2026-10-04 04:15:06,201 [INFO]       Address:          10 Mollands Court, South Ockendon, England, RM15 6DP
2026-10-04 04:15:07,370 [INFO] [ 23/50] Scraping: LITTLE SPLODGERS COMMUNITY HUB CIC (Co #14068636)
2026-10-04 04:15:08,935 [INFO]       Appointed Officer: FLETCHER, Kirsty Louise (Director)
2026-10-04 04:15:08,935 [INFO]       Address:          36 Vambery Road, London, England, SE18 3HA
2026-10-04 04:15:10,045 [INFO] [ 24/50] Scraping: ALLURE EVENT AFFAIRS C.I.C. (Co #14068413)
2026-10-04 04:15:11,610 [INFO]       Appointed Officer: TAN-MING MORGAN, Mailaiza Allana (Director)
2026-10-04 04:15:11,610 [INFO]       Address:          Flat 10 22 Evergreen Square, London, England, E8 3GE
2026-10-04 04:15:12,711 [INFO] [ 25/50] Scraping: D&S SUPPORT COMMUNITY INTEREST COMPANY (Co #14069885)
2026-10-04 04:15:14,245 [INFO]       Appointed Officer: OSORIO, Dawits Buitrago (Director)
2026-10-04 04:15:14,245 [INFO]       Address:          73 Lonsdale Avenue, London, England, E6 3JZ
2026-10-04 04:15:15,336 [INFO] [ 26/50] Scraping: FRIENDS UNITED FOR WELL-BEING CIC (Co #14070435)
2026-10-04 04:15:16,860 [INFO]       Appointed Officer: TAFARI, Ras-Sacha (Director)
2026-10-04 04:15:16,860 [INFO]       Address:          33 Ludgate Hill, Birmingham, United Kingdom, B3 1EH
2026-10-04 04:15:17,968 [INFO] [ 27/50] Scraping: PRISCILLA'S GROUP COMMUNITY INTEREST COMPANY (Co #14070236)
2026-10-04 04:15:19,518 [INFO]       Appointed Officer: ASHTON, Amanda Jane (Director)
2026-10-04 04:15:19,518 [INFO]       Address:          350 Limpsfield Road, South Croydon, England, CR2 9BX
2026-10-04 04:15:21,118 [INFO] [ 28/50] Scraping: CENTRE YOURSELF CIC (Co #SC731009)
2026-10-04 04:15:22,784 [INFO]       Appointed Officer: ETTER, Gaynor Lesley (Director)
2026-10-04 04:15:22,784 [INFO]       Address:          3/2 3 Queens Park Avenue, Glasgow, Scotland, G42 8BX
2026-10-04 04:15:24,898 [INFO] [ 29/50] Scraping: AID UA C.I.C. (Co #SC731138)
2026-10-04 04:15:26,562 [INFO]       Appointed Officer: RULIKOVSKYY, Sergiy (Director)
2026-10-04 04:15:26,562 [INFO]       Address:          Oaklea, Station Road, Peterhead, Scotland, AB42 1ST
2026-10-04 04:15:28,685 [INFO] [ 30/50] Scraping: SHEEPY PLAYING FIELDS CIC (Co #14083504)
2026-10-04 04:15:30,336 [INFO]       Appointed Officer: BLEWITT, Clive George (Director)
2026-10-04 04:15:30,336 [INFO]       Address:          Oswald Hall Cottage 3a Church Lane, Sheepy Magna, Atherstone, Warwickshire, United Kingdom, CV9 3QS
2026-10-04 04:15:32,544 [INFO] [ 31/50] Scraping: BICON 2023 CIC (Co #14764551)
2026-10-04 04:15:34,199 [INFO]       Appointed Officer: EDWARDS, Alan Victor (Director)
2026-10-04 04:15:34,199 [INFO]       Address:          32 Drovers Way, Droitwich, England, WR9 9DA
2026-10-04 04:15:36,296 [INFO] [ 32/50] Scraping: BLACK SWAN FREEDOM COMPANY CIC (Co #14766374)
2026-10-04 04:15:37,823 [INFO]       Appointed Officer: BELL, Karen (Director)
2026-10-04 04:15:37,823 [INFO]       Address:          120 Dene Crescent, Wallsend, United Kingdom, NE28 7SW
2026-10-04 04:15:39,916 [INFO] [ 33/50] Scraping: B-1490 OUR COMMUNITY CIC (Co #14794852)
2026-10-04 04:15:41,638 [INFO]       Appointed Officer: BIGNELL, Nicole Jane (Director)
2026-10-04 04:15:41,638 [INFO]       Address:          4 Greenford Road, Birmingham, England, B14 4QR
2026-10-04 04:15:43,790 [INFO] [ 34/50] Scraping: APPLAB CIC (Co #14983444)
2026-10-04 04:15:45,511 [INFO]       Appointed Officer: BARNARD, Paul Arthur (Director)
2026-10-04 04:15:45,511 [INFO]       Address:          12 Farmers Way, Clacton-On-Sea, England, CO16 7AY
2026-10-04 04:15:47,668 [INFO] [ 35/50] Scraping: POP UP AND SWAP COMMUNITY INTEREST COMPANY (Co #14985344)
2026-10-04 04:15:49,461 [INFO]       Appointed Officer: BASKERVILLE, Andrew James (Director)
2026-10-04 04:15:49,461 [INFO]       Address:          69 Pinnox Street, Stoke-On-Trent, England, ST6 6AF
2026-10-04 04:15:51,545 [INFO] [ 36/50] Scraping: P&D TRAINING CIC (Co #14988029)
2026-10-04 04:15:53,130 [INFO]       Appointed Officer: BAKER, Daiman Dontrai, Mr. (Director)
2026-10-04 04:15:53,130 [INFO]       Address:          1 Upper Lemon Villas, Truro, United Kingdom, TR1 2PD
2026-10-04 04:15:55,231 [INFO] [ 37/50] Scraping: NELION COMMUNITY INTEREST COMPANY (Co #15242296)
2026-10-04 04:15:56,853 [INFO]       Appointed Officer: ANDERSON, Caroline Njoki (Director)
2026-10-04 04:15:56,853 [INFO]       Address:          9 Rycroft Close, Wellingborough, England, NN8 3AP
2026-10-04 04:15:58,965 [INFO] [ 38/50] Scraping: FOR GET ME NOT DAY CENTRE COMMUNITY INTEREST COMPANY (Co #15204009)
2026-10-04 04:16:00,517 [INFO]       Appointed Officer: ASKEW, Jade Victoria Samantha (Director)
2026-10-04 04:16:00,517 [INFO]       Address:          3 Roseheath Drive, Liverpool, England, L26 9UG
2026-10-04 04:16:02,721 [INFO] [ 39/50] Scraping: GENESIS WORLD CIC (Co #14890238)
2026-10-04 04:16:04,370 [INFO]       Appointed Officer: MOSHA, Jenny (Director)
2026-10-04 04:16:04,370 [INFO]       Address:          23 Afghan Street, Oldham, United Kingdom, OL1 4EG
2026-10-04 04:16:06,456 [INFO] [ 40/50] Scraping: XTRA MILE COMMUNITY C.I.C. (Co #15063446)
2026-10-04 04:16:08,232 [INFO]       Appointed Officer: PICKARD, Joanne (Director)
2026-10-04 04:16:08,232 [INFO]       Address:          35 School Street, Chickenley, Dewsbury, England, WF12 8QG
2026-10-04 04:16:10,329 [INFO] [ 41/50] Scraping: THAALIYOLA MEDIA COMMUNITY INTEREST COMPANY (Co #15042332)
2026-10-04 04:16:11,885 [INFO]       Appointed Officer: MADHAVA PANIKER, Lathika (Director)
2026-10-04 04:16:11,885 [INFO]       Address:          Flat 4 138 Tomswood Hill, Ilford, England, IG6 2QN
2026-10-04 04:16:13,998 [INFO] [ 42/50] Scraping: MIMI COCO CIC (Co #15440230)
2026-10-04 04:16:15,537 [INFO]       Appointed Officer: VITELLI, Fabrizi (Director)
2026-10-04 04:16:15,537 [INFO]       Address:          22 Ewell Road, Cheam, Sutton, England, SM3 8BU
2026-10-04 04:16:17,629 [INFO] [ 43/50] Scraping: ON YOUR MARKS CIC (Co #7594458)
2026-10-04 04:16:19,317 [INFO]       Appointed Officer: ASPINALL, Andrew (Director)
2026-10-04 04:16:19,318 [INFO]       Address:          3 Halfpenny Close 3 Halfpenny Close, Stapeley, Nantwich, Cheshire, England, CW5 7ST
2026-10-04 04:16:21,493 [INFO] [ 44/50] Scraping: GATHER CAFE C.I.C. (Co #14051279)
2026-10-04 04:16:23,038 [INFO]       Appointed Officer: MCGILL, Jennifer (Director)
2026-10-04 04:16:23,038 [INFO]       Address:          24 Skipworth Road, London, England, E9 7JH
2026-10-04 04:16:25,157 [INFO] [ 45/50] Scraping: WILD BRISTOL CIC (Co #13397876)
2026-10-04 04:16:26,700 [INFO]       Appointed Officer: FAKRAY, David Mark (Director)
2026-10-04 04:16:26,700 [INFO]       Address:          48 The Ridings, Bristol, England, BS13 8NY
2026-10-04 04:16:28,788 [INFO] [ 46/50] Scraping: KERNOW WEATHER TEAM CIC (Co #13804195)
2026-10-04 04:16:30,483 [INFO]       Appointed Officer: CLARKE, David Philip (Director)
2026-10-04 04:16:30,483 [INFO]       Address:          Gloville, Lower Broad Lane, Redruth, England, TR15 3HW
2026-10-04 04:16:32,705 [INFO] [ 47/50] Scraping: MOVING FORCES: BOLTON CIC (Co #13922387)
2026-10-04 04:16:34,376 [INFO]       Appointed Officer: CASS, Simon David (Director)
2026-10-04 04:16:34,376 [INFO]       Address:          12 Pengarth Rd Pengarth Road, Horwich, Bolton, England, BL6 7DS
2026-10-04 04:16:36,461 [INFO] [ 48/50] Scraping: HEALING HEARTS AND MINDS CIC (Co #13239942)
2026-10-04 04:16:38,129 [INFO]       Appointed Officer: AKHTAR, Nasrine (Director)
2026-10-04 04:16:38,129 [INFO]       Address:          30 Foster Street, Oldham, England, OL4 1NQ
2026-10-04 04:16:40,226 [INFO] [ 49/50] Scraping: KEIGHLEY COMMUNITY ACCESS CIC (Co #13286001)
2026-10-04 04:16:41,950 [INFO]       Appointed Officer: BABU, Francis Sathish (Director)
2026-10-04 04:16:41,950 [INFO]       Address:          Bump & Babes, Bradford Road, Keighley, United Kingdom, BD21 4AH
2026-10-04 04:16:44,047 [INFO] [ 50/50] Scraping: OMPASSION C.I.C. (Co #9288826)
2026-10-04 04:16:45,622 [INFO]       Appointed Officer: SAGHER, Amira Dheia (Director)
2026-10-04 04:16:45,622 [INFO]       Address:          31 Winchgrove Road, Bracknell, Berkshire, England, RG42 2EJ
2026-10-04 04:16:47,742 [INFO] ================================================================================
2026-10-04 04:16:47,742 [INFO] BATCH FINISHED: Processed 50 companies in 162.3s.
2026-10-04 04:16:47,742 [INFO] Total Cumulative Enriched: 2032 companies.
2026-10-04 04:16:47,742 [INFO] Updated CSV: enriched_uk_companies.csv
2026-10-04 04:16:47,742 [INFO] Updated Log: scraper.log
2026-10-04 04:16:47,742 [INFO] ================================================================================
2026-10-04 13:40:55,434 [INFO] ================================================================================
2026-10-04 13:40:55,434 [INFO] STARTING PRODUCTION UK COMPANIES HOUSE CONTACT SCRAPER
2026-10-04 13:40:55,434 [INFO] ================================================================================
2026-10-04 13:40:55,434 [INFO] Input Dataset:  Companies-House-search-results.csv
2026-10-04 13:40:55,434 [INFO] Output Dataset: enriched_uk_companies.csv
2026-10-04 13:40:55,434 [INFO] Batch Size:     50
2026-10-04 13:40:55,445 [INFO] Already processed in previous runs: 2032 companies
2026-10-04 13:40:55,468 [INFO] Total remaining companies to scrape: 2968
2026-10-04 13:40:55,468 [INFO] Processing next batch of 50 companies...

2026-10-04 13:40:55,468 [INFO] [  1/50] Scraping: REACHINGOUT2U CIC (Co #14553228)
2026-10-04 13:40:56,993 [INFO]       Appointed Officer: CHARNOCK, Aaron (Director)
2026-10-04 13:40:56,993 [INFO]       Address:          269 Nuthurst Road, Manchester, England, M40 3PU
2026-10-04 13:41:00,955 [INFO]    [EMAIL]   info@reachingout2u.org
2026-10-04 13:41:00,955 [INFO]    [WEBSITE] https://reachingout2u.org/
2026-10-04 13:41:01,955 [INFO] [  2/50] Scraping: YOUTH RACE EQUALITY NETWORK CIC (Co #13270678)
2026-10-04 13:41:03,446 [INFO]       Appointed Officer: HOQUE, Anamul (Director)
2026-10-04 13:41:03,446 [INFO]       Address:          The Hat Loft 1 Mill Yard, Guildford Street, Luton, England, LU1 2NR
2026-10-04 13:41:04,591 [INFO] [  3/50] Scraping: PRIESTCLIFFE DITCH AND BLACKWELL CIC (Co #14217449)
2026-10-04 13:41:05,880 [INFO]       Appointed Officer: LEE, Daniel William (Director)
2026-10-04 13:41:05,880 [INFO]       Address:          Ivy Cottage, Priestcliffe Ditch, Buxton, England, SK17 9TH
2026-10-04 13:41:07,105 [INFO] [  4/50] Scraping: THE POD LLANDOVERY WORKSPACE COMMUNITY INTEREST COMPANY (Co #11299462)
2026-10-04 13:41:08,380 [INFO]       Appointed Officer: LONG, David Gwyn (Director)
2026-10-04 13:41:08,380 [INFO]       Address:          14 Kings Road, Llandovery, United Kingdom, SA20 0AW
2026-10-04 13:41:09,478 [INFO] [  5/50] Scraping: ALBERR CIC (Co #13377145)
2026-10-04 13:41:10,820 [INFO]       Appointed Officer: MOUSTAFA, Nermeen, Dr (Director)
2026-10-04 13:41:10,820 [INFO]       Address:          8 Christabelle Lane, Blackburn, England, BB2 7FZ
2026-10-04 13:41:11,891 [INFO] [  6/50] Scraping: QUEDOC COMMUNITY ACTIVITIES CIC (Co #11994429)
2026-10-04 13:41:13,241 [INFO]       Appointed Officer: BETTS, Kathryn Alison (Director)
2026-10-04 13:41:13,241 [INFO]       Address:          Treweese Farm, Quethiock, Liskeard, England, PL14 3SG
2026-10-04 13:41:14,362 [INFO] [  7/50] Scraping: I LOVE COFFEE UK CIC (Co #14526509)
2026-10-04 13:41:15,687 [INFO]       Appointed Officer: HOOD, Elizabeth Rhoda (Director)
2026-10-04 13:41:15,687 [INFO]       Address:          Unit L, Cores End Road, Bourne End, England, SL8 5AS
2026-10-04 13:41:16,782 [INFO] [  8/50] Scraping: YIRED UK CIC (Co #13570102)
2026-10-04 13:41:18,259 [INFO]       Appointed Officer: LEMON-THOMAS, Amanda (Director)
2026-10-04 13:41:18,259 [INFO]       Address:          19 Riverside Road, London, England, E15 2RG
2026-10-04 13:41:19,345 [INFO] [  9/50] Scraping: CONSTITUTION OF FAJR FOUNDATION COMMUNITY C.I.C. (Co #8457415)
2026-10-04 13:41:20,823 [INFO]       Appointed Officer: MOHSINI, Mohammid Bakir (Director)
2026-10-04 13:41:20,823 [INFO]       Address:          141 Windsor Road, Ilford, England, IG1 1HE
2026-10-04 13:41:21,923 [INFO] [ 10/50] Scraping: HARI'S BOXING CLUB CIC (Co #14554924)
2026-10-04 13:41:23,189 [INFO]       Appointed Officer: COOMBES, Geraint (Director)
2026-10-04 13:41:23,189 [INFO]       Address:          5 Porset Row, Caerphilly, Wales, CF83 3BJ
2026-10-04 13:41:24,263 [INFO] [ 11/50] Scraping: LEADING WOMEN (UK) CIC (Co #8117365)
2026-10-04 13:41:25,788 [INFO]       Appointed Officer: JONES, Rachel Saskia (Director)
2026-10-04 13:41:25,789 [INFO]       Address:          C/O Francis Clark Llp Melville Building East, Royal William Yard, Plymouth, Devon, United Kingdom, PL1 3RP
2026-10-04 13:41:26,893 [INFO] [ 12/50] Scraping: THE HUB TENTER HILL CIC (Co #14041790)
2026-10-04 13:41:28,282 [INFO]       Appointed Officer: BURT, Roland (Director)
2026-10-04 13:41:28,282 [INFO]       Address:          The Farmhouse The Thistle Drive Centre, Wessex Close, Peterborough, England, PE2 8HZ
2026-10-04 13:41:29,383 [INFO] [ 13/50] Scraping: BEARTE CIC (Co #14666725)
2026-10-04 13:41:30,771 [INFO]       Appointed Officer: BULLION, Michael (Director)
2026-10-04 13:41:30,771 [INFO]       Address:          Unit 3 Greenwich Business Park, 53 Norman Road, London, England, SE10 9QF
2026-10-04 13:41:31,867 [INFO] [ 14/50] Scraping: RUGBY MINI'S CIC (Co #11806192)
2026-10-04 13:41:33,138 [INFO]       Appointed Officer: GAFFNEY, Stuart (Director)
2026-10-04 13:41:33,138 [INFO]       Address:          45 Clincton View, Widnes, Cheshire, United Kingdom, WA8 8JG
2026-10-04 13:41:34,255 [INFO] [ 15/50] Scraping: TRANUARY CIC (Co #14031879)
2026-10-04 13:41:35,546 [INFO]       Appointed Officer: MCCAFFERTY, Liv Oisin, Mx (Director)
2026-10-04 13:41:35,546 [INFO]       Address:          10 Malvern Close, Prestwich, Manchester, England, M25 1PH
2026-10-04 13:41:36,608 [INFO] [ 16/50] Scraping: UP2MISCHIEF C.I.C. (Co #14015475)
2026-10-04 13:41:37,876 [INFO]       Appointed Officer: PASCALL, Jerome (Director)
2026-10-04 13:41:37,876 [INFO]       Address:          2 Cromwell Road, Borehamwood, England, WD6 4LW
2026-10-04 13:41:38,939 [INFO] [ 17/50] Scraping: THE SKATE HOUSE CIC (Co #8032196)
2026-10-04 13:41:40,350 [INFO]       Appointed Officer: HEATH, Claire Victoria Amy (Director)
2026-10-04 13:41:40,350 [INFO]       Address:          Demar House 14 Church Road, East Wittering, Chichester, West Sussex, England, PO20 8PS
2026-10-04 13:41:41,413 [INFO] [ 18/50] Scraping: HOARDING DISORDERS UK (NORTHERN IRELAND) CIC (Co #NI697833)
2026-10-04 13:41:42,830 [INFO]       Appointed Officer: COOKE, Joanne (Director)
2026-10-04 13:41:42,831 [INFO]       Address:          2 Millvale Mews, Ballynure Road, Ballyclare, County Antrim, BT39 9AQ
2026-10-04 13:41:43,928 [INFO] [ 19/50] Scraping: PARADIGM ELECTRONIC ARTS C.I.C. (Co #SC574534)
2026-10-04 13:41:45,238 [INFO]       Appointed Officer: SWEENY, Martin David (Director)
2026-10-04 13:41:45,238 [INFO]       Address:          2f 1c 99 Giles Street, Edinburgh, Scotland, EH6 6BZ
2026-10-04 13:41:46,521 [INFO] [ 20/50] Scraping: LUNA YOGA CIC (Co #14259096)
2026-10-04 13:41:47,716 [INFO]       Appointed Officer: PAGE, Katrina Natalie (Director)
2026-10-04 13:41:47,716 [INFO]       Address:          Unit 2 Lever Street, Cloughfold, Rawtenstall, United Kingdom, BB4 7PY
2026-10-04 13:41:48,781 [INFO] [ 21/50] Scraping: JUST BE COMMUNITY CIC (Co #14259846)
2026-10-04 13:41:50,190 [INFO]       Appointed Officer: JONES, Bobbie Louise (Director)
2026-10-04 13:41:50,191 [INFO]       Address:          9 Vernons Lane, Nuneaton, England, CV10 8AS
2026-10-04 13:41:51,254 [INFO] [ 22/50] Scraping: THE COMMON-UNITY PROJECT CIC (Co #14260377)
2026-10-04 13:41:52,565 [INFO]       Appointed Officer: BANKS, Gemma Frances (Director)
2026-10-04 13:41:52,565 [INFO]       Address:          2 Marshall Avenue, Hall Green, Wakefield, England, WF4 3LD
2026-10-04 13:41:53,628 [INFO] [ 23/50] Scraping: TLM HEALTHCARE CIC (Co #14261934)
2026-10-04 13:41:54,889 [INFO]       Appointed Officer: MATIDA, Linda Caroline (Director)
2026-10-04 13:41:54,890 [INFO]       Address:          4a Atbara Close, Swindon, England, SN25 3DD
2026-10-04 13:41:55,963 [INFO] [ 24/50] Scraping: HOME CONNECT AND SUPPORT CIC (Co #14263763)
2026-10-04 13:41:57,256 [INFO]       Appointed Officer: KHAN, Faisal Ayaz Jaan Mohammad Mia (Director)
2026-10-04 13:41:57,256 [INFO]       Address:          167-169 Great Portland Street, 5th Floor, London, England, W1W 5PF
2026-10-04 13:41:58,319 [INFO] [ 25/50] Scraping: THE PROJECT JIU-JITSU COMMUNITY INTEREST COMPANY (Co #14265950)
2026-10-04 13:41:59,714 [INFO]       Appointed Officer: ALLPORT, Jade (Director)
2026-10-04 13:41:59,714 [INFO]       Address:          The Project Jiu-Jitsu, 11a Day Street, Walsall, England, WS2 8EJ
2026-10-04 13:42:00,790 [INFO] [ 26/50] Scraping: ROAD TO WELLBEING CIC (Co #14265963)
2026-10-04 13:42:02,116 [INFO]       Appointed Officer: CLAY, Scott Robert (Director)
2026-10-04 13:42:02,116 [INFO]       Address:          31 Primrose Court, Mansfield Woodhouse, Mansfield, England, NG19 9DY
2026-10-04 13:42:03,185 [INFO] [ 27/50] Scraping: CROSBY SEAM CIC (Co #14265971)
2026-10-04 13:42:04,550 [INFO]       Appointed Officer: COOKE, Elizabeth Julie (Director)
2026-10-04 13:42:04,550 [INFO]       Address:          56 Enfield Avenue, Liverpool, England, L23 0SZ
2026-10-04 13:42:06,133 [INFO] [ 28/50] Scraping: AR-RAYYAAN CENTRE CIC (Co #14266991)
2026-10-04 13:42:07,425 [INFO]       Appointed Officer: RASHID, Mahbubur (Director)
2026-10-04 13:42:07,426 [INFO]       Address:          6 Berryfield Road, London, England, SE17 3QE
2026-10-04 13:42:09,579 [INFO] [ 29/50] Scraping: FEARLESS FITNESS CIC (Co #14272348)
2026-10-04 13:42:10,840 [INFO]       Appointed Officer: FERRIES, Matthew Alan (Director)
2026-10-04 13:42:10,840 [INFO]       Address:          Marsden Road Community Centre, Marsden Road, South Shields, Tyne And Wear, United Kingdom, NE34 6RE
2026-10-04 13:42:12,899 [INFO] [ 30/50] Scraping: SPIT & SPIDER PRESS C.I.C. (Co #14273416)
2026-10-04 13:42:14,151 [INFO]       Appointed Officer: IKWE-TYEHIMBA, Ajamu (Director)
2026-10-04 13:42:14,151 [INFO]       Address:          223a Mayall Road, London, SE24 0PS
2026-10-04 13:42:16,212 [INFO] [ 31/50] Scraping: REST FLOATATION THERAPY COMMUNITY INTEREST COMPANY (Co #SC740205)
2026-10-04 13:42:17,631 [INFO]       Appointed Officer: DANAILOVA, Silvia (Director)
2026-10-04 13:42:17,631 [INFO]       Address:          34 Smith Avenue, Inverness, Scotland, IV3 5ES
2026-10-04 13:42:19,705 [INFO] [ 32/50] Scraping: CULTURES OF NORTH SOMERSET C.I.C. (Co #14276608)
2026-10-04 13:42:20,965 [INFO]       Appointed Officer: AHMED, Mohammed Shimon (Director)
2026-10-04 13:42:20,965 [INFO]       Address:          30 Orchard Street, Weston-Super-Mare, England, BS23 1RQ
2026-10-04 13:42:23,035 [INFO] [ 33/50] Scraping: LIFWYNN WOOD CIC (Co #14278276)
2026-10-04 13:42:24,378 [INFO]       Appointed Officer: VINCENT, Amanda Victoria (Director)
2026-10-04 13:42:24,378 [INFO]       Address:          1 Devon Drive, Willington, Crook, England, DL15 0AY
2026-10-04 13:42:26,442 [INFO] [ 34/50] Scraping: IMPACT APP CIC (Co #14279562)
2026-10-04 13:42:27,722 [INFO]       Appointed Officer: HARRIS, Joshua Connor (Director)
2026-10-04 13:42:27,722 [INFO]       Address:          9 Lewis Road, Eastleigh, England, SO50 9RJ
2026-10-04 13:42:29,779 [INFO] [ 35/50] Scraping: NESTLED IN NATURE PROJECT COMMUNITY INTEREST COMPANY (Co #14284149)
2026-10-04 13:42:31,102 [INFO]       Appointed Officer: PEDLAR, Christopher Simon (Director)
2026-10-04 13:42:31,102 [INFO]       Address:          2 Fore Street, Milton Damerel, Holsworthy, England, EX22 7PA
2026-10-04 13:42:33,164 [INFO] [ 36/50] Scraping: KCWRA CIC (Co #14291495)
2026-10-04 13:42:34,474 [INFO]       Appointed Officer: BIRIA, Karim (Director)
2026-10-04 13:42:34,474 [INFO]       Address:          23 King Charles Walk, London, England, SW19 6JA
2026-10-04 13:42:36,552 [INFO] [ 37/50] Scraping: MENTAL HEALTH NEW ZEALAND C.I.C. (Co #14294918)
2026-10-04 13:42:37,863 [INFO]       Appointed Officer: KGENGWENYANE, Motheo Segale Kgosi (Director)
2026-10-04 13:42:37,863 [INFO]       Address:          14 Whitefriars Street, Canterbury, England, CT1 2TL
2026-10-04 13:42:39,934 [INFO] [ 38/50] Scraping: THE OPPORTUNITY CENTRE CIC (Co #14298325)
2026-10-04 13:42:41,291 [INFO]       Appointed Officer: HARRISON, Caroline (Director)
2026-10-04 13:42:41,291 [INFO]       Address:          City House 21-27 Cheapside, Bradford, England, BD1 4HR
2026-10-04 13:42:43,379 [INFO] [ 39/50] Scraping: SERENE HOUSING SOLUTIONS CIC (Co #14299279)
2026-10-04 13:42:44,685 [INFO]       Appointed Officer: BHATTI, Qunber Ali (Secretary)
2026-10-04 13:42:44,685 [INFO]       Address:          58 Talbot Street, Nottingham, England, NG1 5GL
2026-10-04 13:42:46,749 [INFO] [ 40/50] Scraping: PROJECT BECOMING YOU CIC (Co #14312347)
2026-10-04 13:42:48,102 [INFO]       Appointed Officer: SUMERS, Simone Christina (Director)
2026-10-04 13:42:48,102 [INFO]       Address:          128 City Road, London, United Kingdom, EC1V 2NX
2026-10-04 13:42:50,172 [INFO] [ 41/50] Scraping: SPEAK FESTIVAL CIC (Co #SC742453)
2026-10-04 13:42:51,580 [INFO]       Appointed Officer: GLASS, Rodge (Director)
2026-10-04 13:42:51,580 [INFO]       Address:          2/2 51 Albert Avenue, Glasgow, Scotland, G42 8RA
2026-10-04 13:42:53,649 [INFO] [ 42/50] Scraping: UMU ANIOMA PROGRESSIVE UNION CIC (Co #14320965)
2026-10-04 13:42:54,877 [INFO]       Appointed Officer: EMORDI, Samuel (Secretary)
2026-10-04 13:42:54,877 [INFO]       Address:          312 High Road, London, England, N15 4BN
2026-10-04 13:42:56,938 [INFO] [ 43/50] Scraping: WE = EMPATHY CIC (Co #14322474)
2026-10-04 13:42:58,290 [INFO]       Appointed Officer: WHITTAKER, Chevourne Latifa Paige (Director)
2026-10-04 13:42:58,290 [INFO]       Address:          38 Old Oscott Lane, Birmingham, England, B44 8TP
2026-10-04 13:43:00,367 [INFO] [ 44/50] Scraping: SEAFORD YOUTH C.I.C. (Co #14507497)
2026-10-04 13:43:01,653 [INFO]       Appointed Officer: SIMCOCK, Sarah Louise (Secretary)
2026-10-04 13:43:01,654 [INFO]       Address:          16 Stoke Manor Close, Seaford, England, BN25 3RE
2026-10-04 13:43:03,714 [INFO] [ 45/50] Scraping: KEEPING KIDS ACTIVE COMMUNITY INTEREST COMPANY (Co #14516095)
2026-10-04 13:43:05,202 [INFO]       Appointed Officer: CANDLER, Sue (Director)
2026-10-04 13:43:05,202 [INFO]       Address:          3 Park View, Whitley Bay, United Kingdom, NE26 2TP
2026-10-04 13:43:07,293 [INFO] [ 46/50] Scraping: OLIVIA'S ACADEMY CIC (Co #14521231)
2026-10-04 13:43:08,666 [INFO]       Appointed Officer: BALL, Jasmine (Director)
2026-10-04 13:43:08,666 [INFO]       Address:          4a Umberslade Road, Earlswood, Solihull, West Midlands, B94 5QA
2026-10-04 13:43:10,749 [INFO] [ 47/50] Scraping: FRIENDS OF NORTHWOOD COMMUNITY GROUP CIC (Co #14533073)
2026-10-04 13:43:12,089 [INFO]       Appointed Officer: ELLIS, Lois Anne (Director)
2026-10-04 13:43:12,089 [INFO]       Address:          Old Post Office, Northwood, Shrewsbury, United Kingdom, SY4 5NN
2026-10-04 13:43:14,145 [INFO] [ 48/50] Scraping: GABE'S CAFE C.I.C. (Co #14544320)
2026-10-04 13:43:15,388 [INFO]       Appointed Officer: HOLT, Ellis Robert (Director)
2026-10-04 13:43:15,388 [INFO]       Address:          3 Swan Road, Seaton, England, EX12 2US
2026-10-04 13:43:17,447 [INFO] [ 49/50] Scraping: CIVITAS WELLBEING CIC (Co #14570544)
2026-10-04 13:43:18,812 [INFO]       Appointed Officer: DAVIES, Danielle Alexandra (Director)
2026-10-04 13:43:18,812 [INFO]       Address:          18 Hebble Close, Bolton, England, BL2 3FS
2026-10-04 13:43:20,871 [INFO] [ 50/50] Scraping: DESFORD LOVES CIC (Co #14573135)
2026-10-04 13:43:22,191 [INFO]       Appointed Officer: ARMITAGE, Elizabeth Mary (Director)
2026-10-04 13:43:22,192 [INFO]       Address:          94 Newbold Road, Desford, Leicester, England, LE9 9GS
2026-10-04 13:43:24,302 [INFO] ================================================================================
2026-10-04 13:43:24,302 [INFO] BATCH FINISHED: Processed 50 companies in 148.8s.
2026-10-04 13:43:24,302 [INFO] Total Cumulative Enriched: 2082 companies.
2026-10-04 13:43:24,302 [INFO] Updated CSV: enriched_uk_companies.csv
2026-10-04 13:43:24,302 [INFO] Updated Log: scraper.log
2026-10-04 13:43:24,302 [INFO] ================================================================================
2026-10-04 19:09:18,472 [INFO] ================================================================================
2026-10-04 19:09:18,472 [INFO] STARTING PRODUCTION UK COMPANIES HOUSE CONTACT SCRAPER
2026-10-04 19:09:18,472 [INFO] ================================================================================
2026-10-04 19:09:18,472 [INFO] Input Dataset:  Companies-House-search-results.csv
2026-10-04 19:09:18,472 [INFO] Output Dataset: enriched_uk_companies.csv
2026-10-04 19:09:18,472 [INFO] Batch Size:     50
2026-10-04 19:09:18,482 [INFO] Already processed in previous runs: 2082 companies
2026-10-04 19:09:18,504 [INFO] Total remaining companies to scrape: 2918
2026-10-04 19:09:18,505 [INFO] Processing next batch of 50 companies...

2026-10-04 19:09:18,505 [INFO] [  1/50] Scraping: RAMMY COMMUNITY CIC (Co #14575215)
2026-10-04 19:09:20,070 [INFO]       Appointed Officer: MOSS, Robert William (Director)
2026-10-04 19:09:20,070 [INFO]       Address:          6 Stubbins Vale Mill, Stubbins Vale Road, Ramsbottom, Lancashire, United Kingdom, BL0 0NT
2026-10-04 19:09:22,644 [INFO]    [PHONE]   07792 889 787
2026-10-04 19:09:22,644 [INFO]    [EMAIL]   rammypride@gmail.com
2026-10-04 19:09:22,644 [INFO]    [WEBSITE] https://www.visitramsbottom.co.uk/event/rammy-pride/
2026-10-04 19:09:23,644 [INFO] [  2/50] Scraping: THE EVOLVE HUB CIC (Co #NI693520)
2026-10-04 19:09:25,241 [INFO]       Appointed Officer: MCCULLAGH, Darragh Paul (Director)
2026-10-04 19:09:25,241 [INFO]       Address:          Mj Kane, 2 Market Place, Carrickfergus, Northern Ireland, BT38 7AW
2026-10-04 19:09:26,517 [INFO] [  3/50] Scraping: FORK'N SERVICE CIC (Co #14579736)
2026-10-04 19:09:28,348 [INFO]       Appointed Officer: BURTON, Max Robert (Director)
2026-10-04 19:09:28,348 [INFO]       Address:          109 Hadrian Road, Jarrow, United Kingdom, NE32 3TS
2026-10-04 19:09:29,603 [INFO] [  4/50] Scraping: THE GOOD TIMES PROJECT CIC (Co #14586191)
2026-10-04 19:09:31,301 [INFO]       Appointed Officer: BAKER, Kate Anne (Director)
2026-10-04 19:09:31,301 [INFO]       Address:          26 Gayton Road, Eastcote, Towcester, England, NN12 8NG
2026-10-04 19:09:32,565 [INFO] [  5/50] Scraping: RE-SPORT CIC (Co #14588459)
2026-10-04 19:09:34,109 [INFO]       Appointed Officer: ROBERTSON, Iain Mitchell (Director)
2026-10-04 19:09:34,110 [INFO]       Address:          32 Wessex Road, Poole, England, BH14 8BQ
2026-10-04 19:09:35,377 [INFO] [  6/50] Scraping: BUILDHER FUNDING CIC (Co #14595337)
2026-10-04 19:09:37,001 [INFO]       Appointed Officer: ANIMASHAUN, Wendy (Director)
2026-10-04 19:09:37,001 [INFO]       Address:          20-22 Wenlock Road, London, England, N1 7GU
2026-10-04 19:09:38,297 [INFO] [  7/50] Scraping: NURTURED GREEN COMMUNITY INTEREST COMPANY (Co #SC756386)
2026-10-04 19:09:39,844 [INFO]       Appointed Officer: TATTON, David (Director)
2026-10-04 19:09:39,844 [INFO]       Address:          8 Cockburn Farm Cottage, Balerno, Scotland, EH14 7JB
2026-10-04 19:09:41,106 [INFO] [  8/50] Scraping: CHOCOLATES FOR GOOD COMMUNITY INTEREST COMPANY (Co #14622807)
2026-10-04 19:09:42,694 [INFO]       Appointed Officer: SCHROEDER, Alison Joyce (Director)
2026-10-04 19:09:42,694 [INFO]       Address:          104 Handside Lane, Welwyn Garden City, England, AL8 6SY
2026-10-04 19:09:43,956 [INFO] [  9/50] Scraping: LIFELINE FAMILY & YOUTH SERVICES CIC (Co #13039969)
2026-10-04 19:09:45,655 [INFO]       Appointed Officer: ADAM, Mariam, Ms. (Director)
2026-10-04 19:09:45,655 [INFO]       Address:          15 Church Road, Acton, London, Greater London, United Kingdom, W3 8PU
2026-10-04 19:09:46,947 [INFO] [ 10/50] Scraping: NIKEE ELEVATING LIVES PROJECT C.I.C. (Co #12792287)
2026-10-04 19:09:48,491 [INFO]       Appointed Officer: ODERINDE, Olanike Oderinde (Director)
2026-10-04 19:09:48,491 [INFO]       Address:          519 Katherine Road, London, England, E7 8DR
2026-10-04 19:09:49,785 [INFO] [ 11/50] Scraping: CRYSTAL COMMUNITY PROJECTS CIC (Co #12791132)
2026-10-04 19:09:51,344 [INFO]       Appointed Officer: COOK, Jeanette Anne (Director)
2026-10-04 19:09:51,344 [INFO]       Address:          3 Kelvinside, Wallasey, United Kingdom, CH44 7JY
2026-10-04 19:09:52,615 [INFO] [ 12/50] Scraping: BLENDED+ CIC (Co #12790416)
2026-10-04 19:09:54,145 [INFO]       Appointed Officer: TAYLER BRADSHAW LIMITED (Secretary)
2026-10-04 19:09:54,146 [INFO]       Address:          Cambridge House, 16 High Street, Saffron Walden, Essex, England, CB10 1AX
2026-10-04 19:09:55,486 [INFO] [ 13/50] Scraping: SEFTON COMMUNITY EVENTS CIC (Co #13464194)
2026-10-04 19:09:57,032 [INFO]       Appointed Officer: HAMILTON, Stuart Brian (Director)
2026-10-04 19:09:57,032 [INFO]       Address:          111 South Road, Waterloo, Liverpool, England, L22 0LT
2026-10-04 19:09:58,293 [INFO] [ 14/50] Scraping: THE SHED RECLAMATION & RECYCLING CIC (Co #13003476)
2026-10-04 19:09:59,872 [INFO]       Appointed Officer: DUFFILL, Bryn Martin (Director)
2026-10-04 19:09:59,872 [INFO]       Address:          48 Main Street, Wawne, Hull, England, HU7 5XH
2026-10-04 19:10:01,124 [INFO] [ 15/50] Scraping: CROSS SECTOR LEADERSHIP EXCHANGE CIC (Co #9624468)
2026-10-04 19:10:03,213 [INFO]       Appointed Officer: HOPGOOD, Susan Averil (Director)
2026-10-04 19:10:03,213 [INFO]       Address:          8 Copper Ridge, Chalfont St Peter, Gerrards Cross, Bucks, SL9 0NF
2026-10-04 19:10:04,482 [INFO] [ 16/50] Scraping: INCLUSION TO THRIVE C.I.C. (Co #14203772)
2026-10-04 19:10:06,041 [INFO]       Appointed Officer: TAYLOR, Nisha Marcella (Director)
2026-10-04 19:10:06,042 [INFO]       Address:          20 Harcourt Road, London, England, SE4 2AJ
2026-10-04 19:10:07,303 [INFO] [ 17/50] Scraping: GPG ACADEMY C.I.C. (Co #11150685)
2026-10-04 19:10:09,012 [INFO]       Appointed Officer: HAMILTON, Davion (Secretary)
2026-10-04 19:10:09,012 [INFO]       Address:          Rising Stars, 38 Marlborough Street, Walsall, West Midlands, England, WS3 2HZ
2026-10-04 19:10:10,288 [INFO] [ 18/50] Scraping: GEORGE IMPRESSION CIC (Co #12936749)
2026-10-04 19:10:11,990 [INFO]       Appointed Officer: IGBOKWE, Daniel Chimezie (Director)
2026-10-04 19:10:11,990 [INFO]       Address:          25 Dukesgate Grove, Little Hulton, Salford, Manchester, England, M38 9AH
2026-10-04 19:10:13,250 [INFO] [ 19/50] Scraping: MILL TOWN COMMUNITY PROJECTS CIC (Co #13000524)
2026-10-04 19:10:14,789 [INFO]       Appointed Officer: LEE, Damian James (Director)
2026-10-04 19:10:14,789 [INFO]       Address:          45 Railway Road, Blackburn, England, BB1 1EZ
2026-10-04 19:10:16,053 [INFO] [ 20/50] Scraping: ORISMA FOUNDATION CIC (Co #12686786)
2026-10-04 19:10:17,609 [INFO]       Appointed Officer: DHALIWAL, Kulvinder Singh (Director)
2026-10-04 19:10:17,609 [INFO]       Address:          92 Bromham Road, Biddenham, Bedford, Bedfordshire, United Kingdom, MK40 4AH
2026-10-04 19:10:18,869 [INFO] [ 21/50] Scraping: POSITIVE-YOUTH C.I.C. (Co #9374004)
2026-10-04 19:10:20,567 [INFO]       Appointed Officer: HUTCHINSON, Michelle Margaret Grace (Secretary)
2026-10-04 19:10:20,567 [INFO]       Address:          Sherburn Library Finkle Hill, Sherburn In Elmet, Leeds, England, LS25 6EA
2026-10-04 19:10:21,828 [INFO] [ 22/50] Scraping: TEACH MENTAL HEALTH SCIENCE CIC (Co #13461251)
2026-10-04 19:10:23,390 [INFO]       Appointed Officer: AIDROOS, Joanna (Director)
2026-10-04 19:10:23,390 [INFO]       Address:          12 Greenway Farm, Bath Road, Wick, Bristol, United Kingdom, BS30 5RL
2026-10-04 19:10:24,657 [INFO] [ 23/50] Scraping: ACTION ARCADIA CIC (Co #10563389)
2026-10-04 19:10:26,354 [INFO]       Appointed Officer: DEBNEY, Jason James Roath (Secretary)
2026-10-04 19:10:26,355 [INFO]       Address:          Holly Lodge, Richmond Park, Richmond, Surrey, TW10 5HS
2026-10-04 19:10:27,618 [INFO] [ 24/50] Scraping: GOD FIRST EMPIRE CIC (Co #12756380)
2026-10-04 19:10:29,160 [INFO]       Appointed Officer: TAYLOR, Noel Kelias (Director)
2026-10-04 19:10:29,160 [INFO]       Address:          18 Ledbury House 51 Shirestone Road, Birmingham, England, B33 0BY
2026-10-04 19:10:30,430 [INFO] [ 25/50] Scraping: QORIWAWAS CIC (Co #13616422)
2026-10-04 19:10:32,070 [INFO]       Appointed Officer: MARTIN, David William (Director)
2026-10-04 19:10:32,070 [INFO]       Address:          Suite C1 Conway House, Foxhole Road, Chorley, Lancashire, England, PR7 1NY
2026-10-04 19:10:33,336 [INFO] [ 26/50] Scraping: SOCIALWORKBRIDGING CIC (Co #12433806)
2026-10-04 19:10:34,921 [INFO]       Appointed Officer: VALLOMTHOTTIYIL JOSE, Boban (Director)
2026-10-04 19:10:34,921 [INFO]       Address:          48 Ridgeway Avenue, Dunstable, England, LU5 4QW
2026-10-04 19:10:36,176 [INFO] [ 27/50] Scraping: TRAVIS NUGENT CIC (Co #13305217)
2026-10-04 19:10:37,729 [INFO]       Appointed Officer: BROWN, Anna-Kay (Director)
2026-10-04 19:10:37,729 [INFO]       Address:          5 Peterborough Road, Carshalton, England, SM5 1EE
2026-10-04 19:10:39,958 [INFO] [ 28/50] Scraping: WORLD CLASS FOIL SQUAD C.I.C. (Co #12966866)
2026-10-04 19:10:41,517 [INFO]       Appointed Officer: MINOTT, Kamal (Director)
2026-10-04 19:10:41,517 [INFO]       Address:          41 Hawthorn Avenue, Rainham, England, RM13 9AT
2026-10-04 19:10:43,718 [INFO] [ 29/50] Scraping: ARC SUSTAINABLE FOOD HUB CIC (Co #11532381)
2026-10-04 19:10:45,241 [INFO]       Appointed Officer: COXELL, Samantha (Director)
2026-10-04 19:10:45,241 [INFO]       Address:          2c Belle Grove Villas, Newcastle Upon Tyne, England, NE2 4LJ
2026-10-04 19:10:47,447 [INFO] [ 30/50] Scraping: EXTRA THINKING CAPACITY CIC (Co #10772713)
2026-10-04 19:10:49,011 [INFO]       Appointed Officer: ROHIM, Mohammed Abdul (Director)
2026-10-04 19:10:49,011 [INFO]       Address:          85a Walsall Street, Wednesbury, England, WS10 9EN
2026-10-04 19:10:51,213 [INFO] [ 31/50] Scraping: WESSEX WILDERNESS SKILLS CIC (Co #12152181)
2026-10-04 19:10:52,918 [INFO]       Appointed Officer: HAWKES, Nicola Jane (Director)
2026-10-04 19:10:52,918 [INFO]       Address:          23 Magnolia Close, Weymouth, Dorset, United Kingdom, DT3 6ST
2026-10-04 19:10:55,120 [INFO] [ 32/50] Scraping: BETTER BODIES UK - COMMUNITY SKILLS AND TRAINING C.I.C. (Co #13665331)
2026-10-04 19:10:56,648 [INFO]       Appointed Officer: GRIFFITHS, Jonathan David (Director)
2026-10-04 19:10:56,649 [INFO]       Address:          17 Ruskin Close, High Harrington, Workington, England, CA14 4LP
2026-10-04 19:10:58,852 [INFO] [ 33/50] Scraping: ROC HUB FOR SOCIAL DEVELOPMENT C.I.C. (Co #12993782)
2026-10-04 19:11:00,531 [INFO]       Appointed Officer: ABDELLA, Amin (Director)
2026-10-04 19:11:00,531 [INFO]       Address:          PO Box 4385, 12993782 - COMPANIES HOUSE DEFAULT ADDRESS, Cardiff, CF14 8LH
2026-10-04 19:11:02,747 [INFO] [ 34/50] Scraping: BLUE SPACE PROJECTS CIC (Co #8609917)
2026-10-04 19:11:04,330 [INFO]       Appointed Officer: CAUL, Michael (Director)
2026-10-04 19:11:04,330 [INFO]       Address:          C/O ROBSON SCOTT ASSOCIATES, 49 Duke Street, Darlington, County Durham, DL3 7SD
2026-10-04 19:11:06,535 [INFO] [ 35/50] Scraping: ARTS IN THE RIGHT PLACE C.I.C. (Co #14327984)
2026-10-04 19:11:08,123 [INFO]       Appointed Officer: RANDS, Benjamin John (Director)
2026-10-04 19:11:08,123 [INFO]       Address:          Unit 2a Unit 2a, Yellow Arch Studios, 30-36 Burton Rd, Neepsend, Sheffield, United Kingdom, S3 9EG
2026-10-04 19:11:10,335 [INFO] [ 36/50] Scraping: FEELING AND HEALING C.I.C. (Co #14328543)
2026-10-04 19:11:11,861 [INFO]       Appointed Officer: JEFFREY, Hellene (Director)
2026-10-04 19:11:11,861 [INFO]       Address:          Nightingale House 46-48 East Street, Epsom, England, KT17 1HQ
2026-10-04 19:11:14,068 [INFO] [ 37/50] Scraping: PRUDENT HOUSING CIC (Co #14328817)
2026-10-04 19:11:15,627 [INFO]       Appointed Officer: MUTSIGWA, Patience (Director)
2026-10-04 19:11:15,627 [INFO]       Address:          Pure Offices, Broadwell Road, Oldbury, West Midlands, United Kingdom, B69 4BY
2026-10-04 19:11:18,270 [INFO] [ 38/50] Scraping: MILLAGE CANTEEN CIC (Co #14440125)
2026-10-04 19:11:19,842 [INFO]       Appointed Officer: HODGES, Angela (Director)
2026-10-04 19:11:19,842 [INFO]       Address:          The Millage Canteen Floor 2, Leigh Spinners Mill, Park Lane, Leigh, Greater Manchester, England
2026-10-04 19:11:22,045 [INFO] [ 39/50] Scraping: WRITE FEAST CIC (Co #SC748605)
2026-10-04 19:11:23,557 [INFO]       Appointed Officer: BAILLY, Emma (Director)
2026-10-04 19:11:23,557 [INFO]       Address:          2 Castle Terrace, Midlem, Selkirk, United Kingdom, TD7 4QE
2026-10-04 19:11:25,755 [INFO] [ 40/50] Scraping: WOMEN THAT WANDER C.I.C. (Co #14460305)
2026-10-04 19:11:27,313 [INFO]       Appointed Officer: MCQUILKIN, Kerrina Beatrice (Director)
2026-10-04 19:11:27,313 [INFO]       Address:          47 Coton Manor Berwick Road, Shrewsbury, United Kingdom, SY1 2LX
2026-10-04 19:11:29,535 [INFO] [ 41/50] Scraping: THE INNOVATIVE MINDS GROUP CIC (Co #14465059)
2026-10-04 19:11:31,291 [INFO]       Appointed Officer: FEIJO, Ines Lassalete Da Silva (Director)
2026-10-04 19:11:31,291 [INFO]       Address:          Office 90 182 - 184 High Street North, London, England, E6 2JA
2026-10-04 19:11:33,496 [INFO] [ 42/50] Scraping: THE AID REDISTRIBUTION CENTRE CIC (Co #14465067)
2026-10-04 19:11:35,027 [INFO]       Appointed Officer: WILLIAMS, Geraint Carl (Director)
2026-10-04 19:11:35,027 [INFO]       Address:          Hq Building Office 54, Union St, Plymouth, Devon, United Kingdom, PL1 3HQ
2026-10-04 19:11:37,244 [INFO] [ 43/50] Scraping: AFRICAN NETWORK CIC (Co #14465220)
2026-10-04 19:11:38,956 [INFO]       Appointed Officer: ACHU, John Ifeanyichukwu (Director)
2026-10-04 19:11:38,956 [INFO]       Address:          Old Exchange Building, Pier Street, Swansea, Wales, SA1 1RY
2026-10-04 19:11:41,158 [INFO] [ 44/50] Scraping: STAIRWAY TRAINING CIC (Co #14465233)
2026-10-04 19:11:42,724 [INFO]       Appointed Officer: STANIER, Steven Carl (Director)
2026-10-04 19:11:42,724 [INFO]       Address:          12 Gough Road, Greet, Birmingham, England, B11 2NG
2026-10-04 19:11:44,942 [INFO] [ 45/50] Scraping: SMELL THE ROSES EVENTS CIC (Co #14468321)
2026-10-04 19:11:46,487 [INFO]       Appointed Officer: GRANT, Pauline Frances (Director)
2026-10-04 19:11:46,487 [INFO]       Address:          31 Marden Road South, Whitley Bay, North Tyneside, England, NE25 8RE
2026-10-04 19:11:48,691 [INFO] [ 46/50] Scraping: BAINTON BROADBAND CIC (Co #14471623)
2026-10-04 19:11:50,263 [INFO]       Appointed Officer: ALLEN, Richard Anthony (Director)
2026-10-04 19:11:50,263 [INFO]       Address:          The Long Barn, Bainton, Bicester, England, OX27 8RL
2026-10-04 19:11:52,472 [INFO] [ 47/50] Scraping: A DIGITAL DIVERSITY CIC (Co #14476307)
2026-10-04 19:11:54,022 [INFO]       Appointed Officer: HEYES, Carl Alexander (Director)
2026-10-04 19:11:54,022 [INFO]       Address:          61 Mount Pleasant Road, Wallasey, United Kingdom, CH45 5HR
2026-10-04 19:11:56,225 [INFO] [ 48/50] Scraping: TEACHMEETICONS CIC (Co #14476368)
2026-10-04 19:11:57,768 [INFO]       Appointed Officer: ROGERS, Thomas (Director)
2026-10-04 19:11:57,768 [INFO]       Address:          44 Fender Way, Wirral, United Kingdom, CH61 9NR
2026-10-04 19:11:59,972 [INFO] [ 49/50] Scraping: LYRICS 2 DIGEST COMMUNITY INTEREST COMPANY (Co #14492999)
2026-10-04 19:12:01,722 [INFO]       Appointed Officer: BROWN, Venessa Ann-Marie (Director)
2026-10-04 19:12:01,723 [INFO]       Address:          19 Balmore Street, London, England, N19 5DA
2026-10-04 19:12:03,927 [INFO] [ 50/50] Scraping: LIFE MASTERY CIC (Co #14493016)
2026-10-04 19:12:05,568 [INFO]       Appointed Officer: AQUIL, Iqbal (Director)
2026-10-04 19:12:05,568 [INFO]       Address:          24 Highcroft Industrial Estate, Enterprise Road, Waterlooville, England, PO8 0BT
2026-10-04 19:12:07,805 [INFO] ================================================================================
2026-10-04 19:12:07,805 [INFO] BATCH FINISHED: Processed 50 companies in 169.3s.
2026-10-04 19:12:07,805 [INFO] Total Cumulative Enriched: 2132 companies.
2026-10-04 19:12:07,805 [INFO] Updated CSV: enriched_uk_companies.csv
2026-10-04 19:12:07,805 [INFO] Updated Log: scraper.log
2026-10-04 19:12:07,805 [INFO] ================================================================================
2026-10-04 22:42:42,085 [INFO] ================================================================================
2026-10-04 22:42:42,085 [INFO] STARTING PRODUCTION UK COMPANIES HOUSE CONTACT SCRAPER
2026-10-04 22:42:42,085 [INFO] ================================================================================
2026-10-04 22:42:42,086 [INFO] Input Dataset:  Companies-House-search-results.csv
2026-10-04 22:42:42,086 [INFO] Output Dataset: enriched_uk_companies.csv
2026-10-04 22:42:42,086 [INFO] Batch Size:     50
2026-10-04 22:42:42,096 [INFO] Already processed in previous runs: 2132 companies
2026-10-04 22:42:42,118 [INFO] Total remaining companies to scrape: 2868
2026-10-04 22:42:42,118 [INFO] Processing next batch of 50 companies...

2026-10-04 22:42:42,118 [INFO] [  1/50] Scraping: THE CODHEAD CLUB CIC (Co #14493844)
2026-10-04 22:42:43,196 [INFO]       Appointed Officer: RICHMOND, Edward Charles (Director)
2026-10-04 22:42:43,196 [INFO]       Address:          28 Oakfield Court, Hull, England, HU6 8QF
2026-10-04 22:42:45,780 [INFO]    [EMAIL]   info@pappers.co.uk
2026-10-04 22:42:45,780 [INFO]    [WEBSITE] https://www.pappers.co.uk/company/the-codhead-club-cic-14493844
2026-10-04 22:42:46,780 [INFO] [  2/50] Scraping: NISA SPORT AND SUPPORT CIC (Co #14494881)
2026-10-04 22:42:47,824 [INFO]       Appointed Officer: CAAN, Savera (Director)
2026-10-04 22:42:47,824 [INFO]       Address:          10 Downham Close, Walsall, West Midlands, United Kingdom, WS5 3BX
2026-10-04 22:42:49,011 [INFO] [  3/50] Scraping: SPEAKUP TO MENTAL HEALTH CIC (Co #14494883)
2026-10-04 22:42:50,019 [INFO]       Appointed Officer: GENOVESE, Callum Sebastian (Director)
2026-10-04 22:42:50,019 [INFO]       Address:          49 Worcester Avenue, Garstang, Preston, England, PR3 1FJ
2026-10-04 22:42:51,096 [INFO] [  4/50] Scraping: WOMEN OUTDOORS UK CIC (Co #14494903)
2026-10-04 22:42:52,123 [INFO]       Appointed Officer: WINTER, Emma (Director)
2026-10-04 22:42:52,123 [INFO]       Address:          6 Trinity Close, Burstwick, Hull, England, HU12 9HQ
2026-10-04 22:42:53,227 [INFO] [  5/50] Scraping: MATHSENSE EDUCATION CIC (Co #14499817)
2026-10-04 22:42:54,175 [INFO]       Appointed Officer: HAKKI, Chantelle Jade (Director)
2026-10-04 22:42:54,175 [INFO]       Address:          Flat 2 Thistle Court, Cumberland Place, London, England, SE6 1BB
2026-10-04 22:42:55,267 [INFO] [  6/50] Scraping: NAPPY BEAUTIQUE ACADEMY CIC (Co #14500651)
2026-10-04 22:42:56,342 [INFO]       Appointed Officer: NZITA, Fergine (Director)
2026-10-04 22:42:56,342 [INFO]       Address:          Unit 10 Rye Lane, Suite 105, London, Peckham, England, SE15 5EW
2026-10-04 22:42:57,446 [INFO] [  7/50] Scraping: ONE MORE CHANCE CIC (Co #14500736)
2026-10-04 22:42:58,458 [INFO]       Appointed Officer: ARBON, Neil (Director)
2026-10-04 22:42:58,458 [INFO]       Address:          62 Humber Way, Slough, England, SL3 8ST
2026-10-04 22:42:59,541 [INFO] [  8/50] Scraping: WALSALL COMMUNITY ACUPUNCTURE CENTER CIC (Co #14631016)
2026-10-04 22:43:00,658 [INFO]       Appointed Officer: LOPES PIRES, Antonio Luciano (Secretary)
2026-10-04 22:43:00,658 [INFO]       Address:          24 Elmore Green Road, Walsall, England, WS3 2HW
2026-10-04 22:43:01,731 [INFO] [  9/50] Scraping: WE ARE YORKSHIRE MUDDINGS COMMUNITY INTEREST COMPANY (Co #14667652)
2026-10-04 22:43:02,832 [INFO]       Appointed Officer: BARTRAM, Ann Elizabeth (Director)
2026-10-04 22:43:02,832 [INFO]       Address:          Glen Cottage Sheffield Road, New Mill, Holmfirth, England, HD9 7EL
2026-10-04 22:43:03,923 [INFO] [ 10/50] Scraping: JOLLY BEANS GROUPS C.I.C. (Co #14443281)
2026-10-04 22:43:05,049 [INFO]       Appointed Officer: BECKWITH, Victoria (Director)
2026-10-04 22:43:05,049 [INFO]       Address:          9 Eaton Green Road, Luton, England, LU2 9HB
2026-10-04 22:43:06,134 [INFO] [ 11/50] Scraping: THE HIVE ON THE ROAD CIC (Co #14458111)
2026-10-04 22:43:07,210 [INFO]       Appointed Officer: CLEAL, Elizabeth Ann (Director)
2026-10-04 22:43:07,210 [INFO]       Address:          5 Brayford Square, London, England, E1 0SG
2026-10-04 22:43:08,313 [INFO] [ 12/50] Scraping: THE SAFE SOCIETY CIC (Co #14464861)
2026-10-04 22:43:09,267 [INFO]       Appointed Officer: CRICK, Anderson Ival Lomax (Director)
2026-10-04 22:43:09,267 [INFO]       Address:          10a Bard Road, Kensington And Chelsea, United Kingdom, W10 6TP
2026-10-04 22:43:10,339 [INFO] [ 13/50] Scraping: NU-LEAF RECRUITMENT C.I.C. (Co #14464984)
2026-10-04 22:43:11,308 [INFO]       Appointed Officer: FFRENCH, Aaron (Director)
2026-10-04 22:43:11,308 [INFO]       Address:          12 Shepherd Drive, Eynesbury, St. Neots, England, PE19 2GA
2026-10-04 22:43:12,392 [INFO] [ 14/50] Scraping: SHEFFIELD FUTSAL C.I.C. (Co #14469525)
2026-10-04 22:43:13,459 [INFO]       Appointed Officer: ALMAYSARI, Mohammed Ahmed Mohammed (Director)
2026-10-04 22:43:13,459 [INFO]       Address:          2 Myrtle Crescent, Sheffield, England, S2 3HU
2026-10-04 22:43:14,659 [INFO] [ 15/50] Scraping: CORNWALL CYCLE HUB COMMUNITY INTEREST COMPANY (Co #14470581)
2026-10-04 22:43:15,743 [INFO]       Appointed Officer: MAJOR, Roy Colin (Secretary)
2026-10-04 22:43:15,743 [INFO]       Address:          49 Church Street, Helston, England, TR13 8NJ
2026-10-04 22:43:16,823 [INFO] [ 16/50] Scraping: POLSKIE MERSEYSIDE CIC (Co #14473281)
2026-10-04 22:43:17,814 [INFO]       Appointed Officer: LISOWSKI, Bartosz (Director)
2026-10-04 22:43:17,814 [INFO]       Address:          12 Pennington Road, Liverpool, England, L21 8HY
2026-10-04 22:43:18,891 [INFO] [ 17/50] Scraping: MARKET DRAYTON SUSTAINABLE COMMUNITIES CIC (Co #14473297)
2026-10-04 22:43:19,860 [INFO]       Appointed Officer: EVANS, Hannah (Director)
2026-10-04 22:43:19,860 [INFO]       Address:          30 Cheshire Street, Market Drayton, England, TF9 1PF
2026-10-04 22:43:20,932 [INFO] [ 18/50] Scraping: EARTH PAN PLATE CIC (Co #14484007)
2026-10-04 22:43:21,901 [INFO]       Appointed Officer: STOFA, Julia (Director)
2026-10-04 22:43:21,901 [INFO]       Address:          7 Seaview Road, Newhaven, England, BN9 0NP
2026-10-04 22:43:23,063 [INFO] [ 19/50] Scraping: COMMUNITY IN STEP CIC (Co #14486239)
2026-10-04 22:43:24,094 [INFO]       Appointed Officer: DA SILVA, Angelique Regine (Director)
2026-10-04 22:43:24,094 [INFO]       Address:          Monarch House, 1-7 Smyth Road, Bristol, Avon, United Kingdom, BS3 2BX
2026-10-04 22:43:25,174 [INFO] [ 20/50] Scraping: ECOFIT1 COMMUNITY INTEREST COMPANY (Co #14505169)
2026-10-04 22:43:26,120 [INFO]       Appointed Officer: SPENCER, Lee Devan (Director)
2026-10-04 22:43:26,120 [INFO]       Address:          Flat 2 /2 Marmora Road, East Dulwich, London, United Kingdom, SE22 0RX
2026-10-04 22:43:27,211 [INFO] [ 21/50] Scraping: ARLU SALES CIC (Co #14506287)
2026-10-04 22:43:28,195 [INFO]       Appointed Officer: ARKNEY, Nova (Director)
2026-10-04 22:43:28,195 [INFO]       Address:          3 Tempest Street, Tamworth, England, B79 7QX
2026-10-04 22:43:29,279 [INFO] [ 22/50] Scraping: THE NOOK WELLBEING & CREATIVE SPACE CIC (Co #14631759)
2026-10-04 22:43:30,396 [INFO]       Appointed Officer: BOARDMAN, David Richard (Director)
2026-10-04 22:43:30,396 [INFO]       Address:          Unit 4 The Back Store, Boscowen Road, Perranporth, Cornwall, United Kingdom, TR6 0EW
2026-10-04 22:43:31,495 [INFO] [ 23/50] Scraping: WORLD CONGRESS OF PERSIAN SPEAKER CIC (Co #14633526)
2026-10-04 22:43:32,464 [INFO]       Appointed Officer: KOHESTANI, Frotan (Director)
2026-10-04 22:43:32,464 [INFO]       Address:          32f Seymour Road, London, England, SW18 5JA
2026-10-04 22:43:33,559 [INFO] [ 24/50] Scraping: LITTLE HELPING HANDS BABY BANK CIC (Co #14655299)
2026-10-04 22:43:34,657 [INFO]       Appointed Officer: GLUCK, David (Director)
2026-10-04 22:43:34,657 [INFO]       Address:          The Barn, St Josephs Street, Tadcaster, North Yorkshire, LS24 9HA
2026-10-04 22:43:35,731 [INFO] [ 25/50] Scraping: INNER CITY ESCAPE CIC (Co #14663126)
2026-10-04 22:43:36,837 [INFO]       Appointed Officer: SALIM, Abraham (Director)
2026-10-04 22:43:36,837 [INFO]       Address:          365 Claremont Road, Manchester, England, M14 7PA
2026-10-04 22:43:37,909 [INFO] [ 26/50] Scraping: THE ACTIVITY CLUB C.I.C. (Co #14596564)
2026-10-04 22:43:38,867 [INFO]       Appointed Officer: DONEY, Emma-Louise (Director)
2026-10-04 22:43:38,868 [INFO]       Address:          49 Grace Close, Chipping Sodbury, Bristol, England, BS37 6ND
2026-10-04 22:43:39,952 [INFO] [ 27/50] Scraping: CHRIST VICTORY CENTRE CIC (Co #14598848)
2026-10-04 22:43:40,939 [INFO]       Appointed Officer: MASIH, Lawrence, Dr (Director)
2026-10-04 22:43:40,939 [INFO]       Address:          10 Tyne Crescent, Bedford, England, MK41 7UL
2026-10-04 22:43:42,511 [INFO] [ 28/50] Scraping: MENSTON ARTS CLUB CIC (Co #14603597)
2026-10-04 22:43:43,582 [INFO]       Appointed Officer: DAY, Margaret (Director)
2026-10-04 22:43:43,582 [INFO]       Address:          24 Hall Drive, Burley In Wharfedale, Ilkley, England, LS29 7LL
2026-10-04 22:43:45,644 [INFO] [ 29/50] Scraping: ARSCALE CIC (Co #NI693897)
2026-10-04 22:43:46,567 [INFO]       Appointed Officer: FEGAN, Stephen (Director)
2026-10-04 22:43:46,567 [INFO]       Address:          26 Newington Street, Belfast, Northern Ireland, BT15 2HQ
2026-10-04 22:43:48,630 [INFO] [ 30/50] Scraping: KILMINGTON HOME GUARD CIC (Co #14614145)
2026-10-04 22:43:49,743 [INFO]       Appointed Officer: WEBSTER, Christopher Derric (Secretary)
2026-10-04 22:43:49,744 [INFO]       Address:          The Common, Kilmington, Warminster, Wiltshire, United Kingdom, BA12 6QY
2026-10-04 22:43:51,834 [INFO] [ 31/50] Scraping: M & S FAMILY CENTRE CIC (Co #14630494)
2026-10-04 22:43:52,921 [INFO]       Appointed Officer: COOK, Michelle Anne (Director)
2026-10-04 22:43:52,921 [INFO]       Address:          Century House, West Parade, Halifax, England, HX1 2TE
2026-10-04 22:43:54,980 [INFO] [ 32/50] Scraping: T SMILES FOUNDATION CIC (Co #14512984)
2026-10-04 22:43:55,925 [INFO]       Appointed Officer: CHASIRIDI, Ntiana (Director)
2026-10-04 22:43:55,925 [INFO]       Address:          11 Newhouse Crescent, Watford, England, WD25 7HU
2026-10-04 22:43:57,985 [INFO] [ 33/50] Scraping: ITAL COMMUNITY GARDEN C.I.C. (Co #14526642)
2026-10-04 22:43:59,072 [INFO]       Appointed Officer: ADONTENG, Edward Nanda Kwadwo Ofordi (Director)
2026-10-04 22:43:59,072 [INFO]       Address:          38 Glenwood Road, London, United Kingdom, SE6 4NF
2026-10-04 22:44:01,158 [INFO] [ 34/50] Scraping: Y.I.J. C.I.C. (Co #14530190)
2026-10-04 22:44:02,161 [INFO]       Appointed Officer: ELLIOTT, Adam Luke (Director)
2026-10-04 22:44:02,161 [INFO]       Address:          Marshall & Co Accountancy Ltd St Mary's House, Crewe Road, Alsager, United Kingdom, ST7 2EW
2026-10-04 22:44:04,227 [INFO] [ 35/50] Scraping: C UNITY CIC (Co #14530593)
2026-10-04 22:44:05,181 [INFO]       Appointed Officer: CANER, Nusrettin (Director)
2026-10-04 22:44:05,181 [INFO]       Address:          British Alevi Federation, Great Cambridge Road, Edmonton, London, United Kingdom, N9 9LE
2026-10-04 22:44:07,255 [INFO] [ 36/50] Scraping: THE FIREFLY CAFE (SEDGEFIELD) CIC (Co #14547080)
2026-10-04 22:44:08,357 [INFO]       Appointed Officer: LAWFORD, Carole (Director)
2026-10-04 22:44:08,357 [INFO]       Address:          20 Beacon Avenue, Sedgefield, Stockton-On-Tees, England, TS21 3AB
2026-10-04 22:44:10,423 [INFO] [ 37/50] Scraping: THE AVALON ALLSORTS CIC (Co #14549516)
2026-10-04 22:44:11,385 [INFO]       Appointed Officer: GOGGIN, Stephen John (Director)
2026-10-04 22:44:11,386 [INFO]       Address:          14 Park Road, Street, England, BA16 0JN
2026-10-04 22:44:13,452 [INFO] [ 38/50] Scraping: CLEARER MINDS CIC (Co #14165259)
2026-10-04 22:44:14,424 [INFO]       Appointed Officer: LINCOLN, Austen Robert (Director)
2026-10-04 22:44:14,424 [INFO]       Address:          110 Ratcliffe Drive, Stoke Gifford, Bristol, England, BS34 8UB
2026-10-04 22:44:16,503 [INFO] [ 39/50] Scraping: GET READY TO RISE COACHING C.I.C. (Co #14598969)
2026-10-04 22:44:17,470 [INFO]       Appointed Officer: NOEL, Sara Marie (Director)
2026-10-04 22:44:17,470 [INFO]       Address:          Black Pearl Apartments, 1 Pearl Street, Saltburn-By-The-Sea, England, TS12 1DU
2026-10-04 22:44:19,571 [INFO] [ 40/50] Scraping: CRYSTAL PALACE BASKETBALL CLUB CIC (Co #14454799)
2026-10-04 22:44:20,500 [INFO]       Appointed Officer: EL AMRI EL BAAZA, Bilal (Director)
2026-10-04 22:44:20,500 [INFO]       Address:          199a Stanstead Road, London, England, SE23 1HU
2026-10-04 22:44:22,561 [INFO] [ 41/50] Scraping: C-IMAGE CIC (Co #14261194)
2026-10-04 22:44:23,575 [INFO]       Appointed Officer: REED, Candice Racine (Director)
2026-10-04 22:44:23,575 [INFO]       Address:          47 Southampton Road, Northampton, Northamptonshire, NN4 8EA
2026-10-04 22:44:25,634 [INFO] [ 42/50] Scraping: FORTIS FEMINA PRODUCTIONS C.I.C. (Co #15037725)
2026-10-04 22:44:26,641 [INFO]       Appointed Officer: DE ARAUJO, Juliana Grossi (Director)
2026-10-04 22:44:26,641 [INFO]       Address:          6 Trinity Place, Midland Drive, Sutton Coldfield, England, B72 1TX
2026-10-04 22:44:28,712 [INFO] [ 43/50] Scraping: DIGBETH BUSINESS FORUM CIC (Co #11316693)
2026-10-04 22:44:29,730 [INFO]       Appointed Officer: GHOSH, Debopratim (Director)
2026-10-04 22:44:29,730 [INFO]       Address:          122 Fazeley Street, Birmingham, England, B5 5RS
2026-10-04 22:44:31,821 [INFO] [ 44/50] Scraping: CARMEL MOTORS COMMUNITY PROJECT CIC (Co #9584920)
2026-10-04 22:44:32,877 [INFO]       Appointed Officer: PURDUE, Geraldine Mary (Director)
2026-10-04 22:44:32,877 [INFO]       Address:          Unit 4 Deal Business Park Minters Yard, Southwall Road, Deal, Kent, CT14 9PZ
2026-10-04 22:44:34,956 [INFO] [ 45/50] Scraping: COMMUNITY CONNECTORS CIC (Co #14589095)
2026-10-04 22:44:35,957 [INFO]       Appointed Officer: CROSS, Phoebe Eirene (Director)
2026-10-04 22:44:35,958 [INFO]       Address:          31 Chervil Close, Manchester, England, M14 7DP
2026-10-04 22:44:38,031 [INFO] [ 46/50] Scraping: ALL CHILDREN IN SCHOOLS COMMUNITY INTEREST COMPANY (Co #11148701)
2026-10-04 22:44:39,122 [INFO]       Appointed Officer: MODEVI, Patience (Secretary)
2026-10-04 22:44:39,122 [INFO]       Address:          624 Milford Towers, Thomas Lane, London, Greater London, United Kingdom, SE6 4SB
2026-10-04 22:44:41,188 [INFO] [ 47/50] Scraping: BRIGHTON ARTISTS NETWORK C.I.C. (Co #13206047)
2026-10-04 22:44:42,256 [INFO]       Appointed Officer: ITALIA, Elena (Director)
2026-10-04 22:44:42,257 [INFO]       Address:          13 Mill End Road, High Wycombe, Bucks, England, HP12 4AX
2026-10-04 22:44:44,322 [INFO] [ 48/50] Scraping: BRENTMILL C.I.C. (Co #11936937)
2026-10-04 22:44:45,432 [INFO]       Appointed Officer: BROWNEN, Stuart (Director)
2026-10-04 22:44:45,432 [INFO]       Address:          54 Frensham Close, Southall, Middlesex, UB1 2YG
2026-10-04 22:44:47,490 [INFO] [ 49/50] Scraping: CBT SOLUTIONS CIC (Co #14583410)
2026-10-04 22:44:48,421 [INFO]       Appointed Officer: ASHIQUE, Khaleel (Director)
2026-10-04 22:44:48,421 [INFO]       Address:          9 Clinton Road, Coventry, England, CV6 7AJ
2026-10-04 22:44:50,485 [INFO] [ 50/50] Scraping: WILD PLAY COMMUNITY CIC (Co #14614624)
2026-10-04 22:44:51,426 [INFO]       Appointed Officer: FRANKLIN, Heidi Marie (Director)
2026-10-04 22:44:51,426 [INFO]       Address:          Kingswood Church Road, Elmswell, Bury St. Edmunds, England, IP30 9DY
2026-10-04 22:44:53,530 [INFO] ================================================================================
2026-10-04 22:44:53,531 [INFO] BATCH FINISHED: Processed 50 companies in 131.4s.
2026-10-04 22:44:53,531 [INFO] Total Cumulative Enriched: 2182 companies.
2026-10-04 22:44:53,531 [INFO] Updated CSV: enriched_uk_companies.csv
2026-10-04 22:44:53,531 [INFO] Updated Log: scraper.log
2026-10-04 22:44:53,531 [INFO] ================================================================================
2026-10-05 03:58:25,146 [INFO] ================================================================================
2026-10-05 03:58:25,146 [INFO] STARTING PRODUCTION UK COMPANIES HOUSE CONTACT SCRAPER
2026-10-05 03:58:25,146 [INFO] ================================================================================
2026-10-05 03:58:25,147 [INFO] Input Dataset:  Companies-House-search-results.csv
2026-10-05 03:58:25,147 [INFO] Output Dataset: enriched_uk_companies.csv
2026-10-05 03:58:25,147 [INFO] Batch Size:     50
2026-10-05 03:58:25,157 [INFO] Already processed in previous runs: 2182 companies
2026-10-05 03:58:25,180 [INFO] Total remaining companies to scrape: 2818
2026-10-05 03:58:25,180 [INFO] Processing next batch of 50 companies...

2026-10-05 03:58:25,180 [INFO] [  1/50] Scraping: THREE HARES MARKET GARDEN CIC (Co #8010554)
2026-10-05 03:58:26,440 [INFO]       Appointed Officer: BUTT, Thomas (Director)
2026-10-05 03:58:26,441 [INFO]       Address:          30-64 Pennywell Road Pennywell Road, Bristol, England, BS5 0TL
2026-10-05 03:58:28,737 [INFO]    [PHONE]   07702810555
2026-10-05 03:58:28,737 [INFO]    [EMAIL]   info@threeharesorganics.co.uk
2026-10-05 03:58:28,737 [INFO]    [WEBSITE] https://www.threeharesorganics.co.uk/market-garden
2026-10-05 03:58:29,738 [INFO] [  2/50] Scraping: LIVITY HAVEN CIC (Co #14588727)
2026-10-05 03:58:30,893 [INFO]       Appointed Officer: GOMBAKOMBA, Annia (Secretary)
2026-10-05 03:58:30,893 [INFO]       Address:          36 Mayfield Rise, Wyke, Bradford, England, BD12 9QE
2026-10-05 03:58:32,146 [INFO] [  3/50] Scraping: LONDON BLENDER USER GROUP CIC (Co #11963151)
2026-10-05 03:58:33,235 [INFO]       Appointed Officer: PAYNE, Michael Andrew (Director)
2026-10-05 03:58:33,235 [INFO]       Address:          Flat 10 The Oaks, 25 Brondesbury Park, London, United Kingdom, NW6 7BY
2026-10-05 03:58:34,407 [INFO] [  4/50] Scraping: SE17WORKING COMMUNITY INTEREST COMPANY (Co #13344493)
2026-10-05 03:58:35,599 [INFO]       Appointed Officer: CASTILLO LOPEZ, Amparo (Director)
2026-10-05 03:58:35,599 [INFO]       Address:          The Giraffe House, 285 Albany Road, London, United Kingdom, SE5 0AH
2026-10-05 03:58:36,787 [INFO] [  5/50] Scraping: SWARM ENTERPRISE COMMUNITY INTEREST COMPANY (Co #9974008)
2026-10-05 03:58:37,840 [INFO]       Appointed Officer: PERRY, Christopher William (Director)
2026-10-05 03:58:37,840 [INFO]       Address:          Evolution House Iceni Court, Delft Way, Norwich, Norfolk, England, NR6 6BB
2026-10-05 03:58:38,956 [INFO] [  6/50] Scraping: UK CEE DIALOGUE CENTRE CIC (Co #9002914)
2026-10-05 03:58:40,140 [INFO]       Appointed Officer: KARIKOVA, Sona (Director)
2026-10-05 03:58:40,140 [INFO]       Address:          30 Barking Road, London, England, E16 1GR
2026-10-05 03:58:41,283 [INFO] [  7/50] Scraping: REFLECT AND PROTECT COMMUNITY INTEREST COMPANY (Co #14169193)
2026-10-05 03:58:42,310 [INFO]       Appointed Officer: HARRISON, Harry (Director)
2026-10-05 03:58:42,310 [INFO]       Address:          Eden Lacy Cottage, Lazonby, Penrith, United Kingdom, CA10 1BZ
2026-10-05 03:58:43,423 [INFO] [  8/50] Scraping: REBUILD NEW FERRY CIC (Co #13356438)
2026-10-05 03:58:44,450 [INFO]       Appointed Officer: GREGORY, Brad James (Director)
2026-10-05 03:58:44,450 [INFO]       Address:          140 Bebington Road, New Ferry, Wirral, United Kingdom, CH62 5BJ
2026-10-05 03:58:45,591 [INFO] [  9/50] Scraping: MERRY MOOS PROJECT CIC (Co #15146114)
2026-10-05 03:58:46,659 [INFO]       Appointed Officer: JONES, Debbie (Director)
2026-10-05 03:58:46,659 [INFO]       Address:          479a Chickerell Road, Chickerell, Weymouth, England, DT3 4DQ
2026-10-05 03:58:47,814 [INFO] [ 10/50] Scraping: MARKETING WITHAM C.I.C. (Co #8077438)
2026-10-05 03:58:48,898 [INFO]       Appointed Officer: WILSON, Lucy (Secretary)
2026-10-05 03:58:48,898 [INFO]       Address:          10 Holly Walk, Witham, England, CM8 2PN
2026-10-05 03:58:50,093 [INFO] [ 11/50] Scraping: MAKE CREATIVE FUTURES C.I.C. (Co #13181214)
2026-10-05 03:58:51,098 [INFO]       Appointed Officer: THOMAS, Kirsty Eloise (Director)
2026-10-05 03:58:51,098 [INFO]       Address:          20 20 Handley Court, Liverpool, Merseyside, England, L19 3QS
2026-10-05 03:58:52,227 [INFO] [ 12/50] Scraping: LOVE LIFE PROJECTS CIC (Co #7630695)
2026-10-05 03:58:53,326 [INFO]       Appointed Officer: MATHIAS, Ezra Reuben (Secretary)
2026-10-05 03:58:53,326 [INFO]       Address:          27 Anwylfan, Aberporth, Ceredigion, Wales, SA43 2EL
2026-10-05 03:58:54,446 [INFO] [ 13/50] Scraping: HIGHLANDS YOUTH DEVELOPMENT CIC (Co #SC731538)
2026-10-05 03:58:55,488 [INFO]       Appointed Officer: AGYEI, Stephen Kojo Opuni (Director)
2026-10-05 03:58:55,488 [INFO]       Address:          Rhonda Lea, Bayview Crescent, Cromarty, Scotland, IV11 8YP
2026-10-05 03:58:56,597 [INFO] [ 14/50] Scraping: SURVIVE & THRIVE WELLBEING CIC (Co #14780333)
2026-10-05 03:58:57,671 [INFO]       Appointed Officer: BANKS, Jessica Lauren (Director)
2026-10-05 03:58:57,671 [INFO]       Address:          St. Maries, Lugsdale Road, Widnes, England, WA8 6DB
2026-10-05 03:58:58,814 [INFO] [ 15/50] Scraping: VILLAGE 101 CIC (Co #14095678)
2026-10-05 03:58:59,831 [INFO]       Appointed Officer: MUSAFIRI, Muti (Director)
2026-10-05 03:58:59,831 [INFO]       Address:          56 Norfolk Close, London, United Kingdom, N2 8ET
2026-10-05 03:59:01,127 [INFO] [ 16/50] Scraping: CHAMPIONS 4 CHANGE AMATEUR BOXING CLUB C.I.C. (Co #14321045)
2026-10-05 03:59:02,255 [INFO]       Appointed Officer: COSBERT, Douglas Oswald (Director)
2026-10-05 03:59:02,255 [INFO]       Address:          75 Raglan Road, Glyndon Community Centre, London, United Kingdom, SE18 7LB
2026-10-05 03:59:03,384 [INFO] [ 17/50] Scraping: AO WINNIE DUNCAN PROJECT CIC (Co #14774891)
2026-10-05 03:59:04,417 [INFO]       Appointed Officer: DUNCAN, Winifred Afiba (Director)
2026-10-05 03:59:04,417 [INFO]       Address:          45 Meadow Drive, Aveley, South Ockendon, England, RM15 4DY
2026-10-05 03:59:05,528 [INFO] [ 18/50] Scraping: TRACE ME INC NETWORK CIC (Co #14596612)
2026-10-05 03:59:06,624 [INFO]       Appointed Officer: DALEY, Marcus (Director)
2026-10-05 03:59:06,624 [INFO]       Address:          Unit E1 19-21 Carlisle Street East, Sheffield, S Yorkshire, United Kingdom, S4 7QN
2026-10-05 03:59:07,746 [INFO] [ 19/50] Scraping: WHITEHOUSE FARM PAWLETT HAMS CIC (Co #14703936)
2026-10-05 03:59:08,804 [INFO]       Appointed Officer: HALLIWELL, Mark Antony (Director)
2026-10-05 03:59:08,804 [INFO]       Address:          Courtyard Cottage Bagborough House, West Bagborough, Taunton, United Kingdom, TA4 3EG
2026-10-05 03:59:09,969 [INFO] [ 20/50] Scraping: PLANT PROSPERITY COMMUNITY INTEREST COMPANY (Co #14600458)
2026-10-05 03:59:11,114 [INFO]       Appointed Officer: ROBERTSON, Thersca (Director)
2026-10-05 03:59:11,114 [INFO]       Address:          92 Marsh Street, Barrow-In-Furness, England, LA14 2AA
2026-10-05 03:59:12,244 [INFO] [ 21/50] Scraping: THE ROOTS ON RAME COMMUNITY INTEREST COMPANY (Co #14658104)
2026-10-05 03:59:13,266 [INFO]       Appointed Officer: DEARY, Lucy Anne (Director)
2026-10-05 03:59:13,266 [INFO]       Address:          57 Lydford Park Road, Plymouth, England, PL3 4LQ
2026-10-05 03:59:14,384 [INFO] [ 22/50] Scraping: QUERENCIA CONSULTANTS CIC (Co #14004915)
2026-10-05 03:59:15,500 [INFO]       Appointed Officer: MAKWANA, Joelle (Director)
2026-10-05 03:59:15,500 [INFO]       Address:          93 Yoxley Drive, Ilford, England, IG2 6PU
2026-10-05 03:59:16,623 [INFO] [ 23/50] Scraping: OURSTORY PRODUCTIONS CIC (Co #14091713)
2026-10-05 03:59:17,659 [INFO]       Appointed Officer: BIGGS, Frederick Albert Biggs (Director)
2026-10-05 03:59:17,659 [INFO]       Address:          97 Alliston Gardens, Northampton, United Kingdom, NN2 6DU
2026-10-05 03:59:18,784 [INFO] [ 24/50] Scraping: HIPO C.I.C. (Co #10715963)
2026-10-05 03:59:19,834 [INFO]       Appointed Officer: LANGTON, Nicholas Robert (Director)
2026-10-05 03:59:19,834 [INFO]       Address:          Unit C3 Greenwood Court Industrial Estate, Cartmel Drive, Shrewsbury, Shropshire, England, SY1 3TB
2026-10-05 03:59:20,943 [INFO] [ 25/50] Scraping: OPENWORLD COLLECTIVE CIC (Co #14943857)
2026-10-05 03:59:21,991 [INFO]       Appointed Officer: ELFORD, Robert David (Director)
2026-10-05 03:59:21,991 [INFO]       Address:          Albert Jacob House, 62 Roman Road, London, England, E2 0PG
2026-10-05 03:59:23,109 [INFO] [ 26/50] Scraping: THE HOLDING COLLECTIVE COMMUNITY INTEREST COMPANY (Co #12064464)
2026-10-05 03:59:24,102 [INFO]       Appointed Officer: WHITNEY, Kathryn Yvette (Director)
2026-10-05 03:59:24,102 [INFO]       Address:          72 Osier Crescent, London, England, N10 1QX
2026-10-05 03:59:25,217 [INFO] [ 27/50] Scraping: BEN JONSON PUB CIC (Co #13197944)
2026-10-05 03:59:26,324 [INFO]       Appointed Officer: JONES, Ian Michael (Director)
2026-10-05 03:59:26,324 [INFO]       Address:          Weston House Church Road, Weston-On-The-Green, Bicester, England, OX25 3QP
2026-10-05 03:59:28,413 [INFO] [ 28/50] Scraping: ADAPT COMMUNITY C.I.C. (Co #14094201)
2026-10-05 03:59:29,424 [INFO]       Appointed Officer: FOSTER, Bianca (Director)
2026-10-05 03:59:29,424 [INFO]       Address:          Park House 15-19 Greenhill Crescent, Watford, England, WD18 8PH
2026-10-05 03:59:31,521 [INFO] [ 29/50] Scraping: UNLABELLED FILMS CIC (Co #SC764363)
2026-10-05 03:59:32,510 [INFO]       Appointed Officer: LUIZ DE OLIVEIRA, Lea Mathilde (Director)
2026-10-05 03:59:32,510 [INFO]       Address:          1 Summerhall, Edinburgh, Scotland, EH9 1PL
2026-10-05 03:59:34,601 [INFO] [ 30/50] Scraping: ROUTE 2 GROWTH CIC (Co #SC762710)
2026-10-05 03:59:35,652 [INFO]       Appointed Officer: AHMED, Ahmed (Director)
2026-10-05 03:59:35,652 [INFO]       Address:          31 Mertoun Place, Edinburgh, Scotland, EH11 1JX
2026-10-05 03:59:37,742 [INFO] [ 31/50] Scraping: HUMAN SUCCOUR CARE SERVICES C.I.C. (Co #15322314)
2026-10-05 03:59:38,713 [INFO]       Appointed Officer: EZEJIOFOR, Irene Oluchukwu (Director)
2026-10-05 03:59:38,713 [INFO]       Address:          Flat 42 Nylon Court, 372 Edgware Road, London, England, NW2 6GW
2026-10-05 03:59:40,837 [INFO] [ 32/50] Scraping: BUILD A MINIATURE THING CIC (Co #14996450)
2026-10-05 03:59:41,925 [INFO]       Appointed Officer: PROSSER, Amy Eleanor Dorothy (Director)
2026-10-05 03:59:41,925 [INFO]       Address:          Flat 22 494 Wilmslow Road, Manchester, England, M20 3BP
2026-10-05 03:59:44,089 [INFO] [ 33/50] Scraping: SILK FUTURES CIC (Co #15020172)
2026-10-05 03:59:45,141 [INFO]       Appointed Officer: MISRA, Nathan Matthew (Director)
2026-10-05 03:59:45,141 [INFO]       Address:          113-116 Bute Street, Cardiff, Wales, CF10 5EQ
2026-10-05 03:59:47,274 [INFO] [ 34/50] Scraping: BARBER ENTERPRISE ACADEMY CIC (Co #14561600)
2026-10-05 03:59:48,370 [INFO]       Appointed Officer: ARMSTRONG, Sacha Errol (Director)
2026-10-05 03:59:48,370 [INFO]       Address:          10a Denmark Street, London, England, N17 0JL
2026-10-05 03:59:50,489 [INFO] [ 35/50] Scraping: DANDELION: STOKE COMMUNITY INTEREST COMPANY (Co #12013235)
2026-10-05 03:59:51,579 [INFO]       Appointed Officer: ROWLEY, Genesis Jordan (Director)
2026-10-05 03:59:51,579 [INFO]       Address:          Roslyn Works Studio 7 - 36 Uttoxeter Road, Longton, Stoke-On-Trent, Staffordshire, United Kingdom, ST3 1PQ
2026-10-05 03:59:53,697 [INFO] [ 36/50] Scraping: DARLO RADIO MEDIA C.I.C. (Co #11657839)
2026-10-05 03:59:54,839 [INFO]       Appointed Officer: OSBORNE, Philip (Director)
2026-10-05 03:59:54,840 [INFO]       Address:          32 The Grange, Newton Aycliffe, England, DL5 4SZ
2026-10-05 03:59:57,001 [INFO] [ 37/50] Scraping: ALLESTREE ALLIANCE CIC (Co #14005065)
2026-10-05 03:59:58,092 [INFO]       Appointed Officer: HASSALL, Steve (Director)
2026-10-05 03:59:58,092 [INFO]       Address:          C/O Lewis Adam Estate Agents 1 Allestree Lane, Allestree, Derby, Derbyshire, United Kingdom, DE22 2HQ
2026-10-05 04:00:00,275 [INFO] [ 38/50] Scraping: VOLUNTEERING HERTS CIC (Co #10204770)
2026-10-05 04:00:01,398 [INFO]       Appointed Officer: CRAKER, Stephen Mark (Director)
2026-10-05 04:00:01,398 [INFO]       Address:          Ver House, Frogmore, St. Albans, Hertfordshire, England, AL2 2DR
2026-10-05 04:00:03,516 [INFO] [ 39/50] Scraping: PLANET CHILD'S PLAY C.I.C. (Co #8180985)
2026-10-05 04:00:04,615 [INFO]       Appointed Officer: GREENHALGH, Christine Angela (Director)
2026-10-05 04:00:04,615 [INFO]       Address:          Woodhouse Park Family Centre 7 Stoneacre Road, Wythenshawe, Manchester, Greater Manchester, M22 1BP
2026-10-05 04:00:06,737 [INFO] [ 40/50] Scraping: RUN RURAL C.I.C. (Co #10860593)
2026-10-05 04:00:07,910 [INFO]       Appointed Officer: ADAMS, Carl Paul (Director)
2026-10-05 04:00:07,910 [INFO]       Address:          134 London Road, Southborough, Tunbridge Wells, Kent, England, TN4 0PL
2026-10-05 04:00:10,208 [INFO] [ 41/50] Scraping: SMARTYS SOUTH YORKSHIRE CIC (Co #14984707)
2026-10-05 04:00:11,293 [INFO]       Appointed Officer: HARTLEY, Deborah Jayne (Director)
2026-10-05 04:00:11,294 [INFO]       Address:          3 Washington Avenue, Conisbrough, Doncaster, England, DN12 3PE
2026-10-05 04:00:13,477 [INFO] [ 42/50] Scraping: W FOUNDATION CIC (Co #13682456)
2026-10-05 04:00:14,527 [INFO]       Appointed Officer: KENDRICK, James Lee (Director)
2026-10-05 04:00:14,527 [INFO]       Address:          Rokit House Kingswood Business Park, Holyhead Road, Albrighton, Staffordshire, United Kingdom, WV7 3AU
2026-10-05 04:00:16,625 [INFO] [ 43/50] Scraping: CANINE CAPTURE UK CIC (Co #11593310)
2026-10-05 04:00:17,820 [INFO]       Appointed Officer: WALKER, Kaye Louise, Dr (Director)
2026-10-05 04:00:17,820 [INFO]       Address:          50 Princes Street Princes Street, Ipswich, England, IP1 1RJ
2026-10-05 04:00:19,909 [INFO] [ 44/50] Scraping: SERENITY THERAPIES WELL-BEING CIC (Co #14075602)
2026-10-05 04:00:20,916 [INFO]       Appointed Officer: BADGER, Amanda Teresa (Director)
2026-10-05 04:00:20,916 [INFO]       Address:          29 Oulton Lane, Huyton, Liverpool, England, L36 4QX
2026-10-05 04:00:23,121 [INFO] [ 45/50] Scraping: CIRCUS WONDERFUL CIC (Co #14493035)
2026-10-05 04:00:24,172 [INFO]       Appointed Officer: BRADLEY, Carla June (Director)
2026-10-05 04:00:24,172 [INFO]       Address:          49 Lees Road, Nottingham, England, NG3 6GZ
2026-10-05 04:00:26,269 [INFO] [ 46/50] Scraping: SAVE OUR FUTURE CIC (Co #11791913)
2026-10-05 04:00:27,311 [INFO]       Appointed Officer: MCNAMEE, Fiona (Secretary)
2026-10-05 04:00:27,311 [INFO]       Address:          18 Corry Drive, London, SW9 8QT
2026-10-05 04:00:29,421 [INFO] [ 47/50] Scraping: GAVILLIAM CIC (Co #14304843)
2026-10-05 04:00:30,389 [INFO]       Appointed Officer: OPPONG, Gavers Kwasi (Director)
2026-10-05 04:00:30,389 [INFO]       Address:          5 Manor Close, Harpenden, England, AL5 2GT
2026-10-05 04:00:32,581 [INFO] [ 48/50] Scraping: BLASÈ BALLERS FOOTBALL CLUB C.I.C. (Co #14676093)
2026-10-05 04:00:33,698 [INFO]       Appointed Officer: ELLIS-BROOKS, Marquel (Secretary)
2026-10-05 04:00:33,698 [INFO]       Address:          5 Kwesi Mews, London, England, SE27 0DU
2026-10-05 04:00:35,788 [INFO] [ 49/50] Scraping: MIDWEST RECORDS COMMUNITY INTEREST COMPANY (Co #14688276)
2026-10-05 04:00:36,866 [INFO]       Appointed Officer: BUSBY, George Frederick (Director)
2026-10-05 04:00:36,866 [INFO]       Address:          22 Crimscote Square, Hatton Park, Warwick, England, CV35 7TS
2026-10-05 04:00:38,958 [INFO] [ 50/50] Scraping: POOLIE TIME ECO CIC (Co #13845967)
2026-10-05 04:00:40,078 [INFO]       Appointed Officer: CAWLEY, Ian, Mr. (Director)
2026-10-05 04:00:40,078 [INFO]       Address:          Burbank Community Centre, Burbank Street, Hartlepool, United Kingdom, TS24 7LA
2026-10-05 04:00:42,213 [INFO] ================================================================================
2026-10-05 04:00:42,214 [INFO] BATCH FINISHED: Processed 50 companies in 137.0s.
2026-10-05 04:00:42,214 [INFO] Total Cumulative Enriched: 2232 companies.
2026-10-05 04:00:42,214 [INFO] Updated CSV: enriched_uk_companies.csv
2026-10-05 04:00:42,214 [INFO] Updated Log: scraper.log
2026-10-05 04:00:42,214 [INFO] ================================================================================
2026-10-05 11:19:40,999 [INFO] ================================================================================
2026-10-05 11:19:40,999 [INFO] STARTING PRODUCTION UK COMPANIES HOUSE CONTACT SCRAPER
2026-10-05 11:19:40,999 [INFO] ================================================================================
2026-10-05 11:19:40,999 [INFO] Input Dataset:  Companies-House-search-results.csv
2026-10-05 11:19:40,999 [INFO] Output Dataset: enriched_uk_companies.csv
2026-10-05 11:19:40,999 [INFO] Batch Size:     50
2026-10-05 11:19:41,005 [INFO] Already processed in previous runs: 2232 companies
2026-10-05 11:19:41,017 [INFO] Total remaining companies to scrape: 2768
2026-10-05 11:19:41,017 [INFO] Processing next batch of 50 companies...

2026-10-05 11:19:41,017 [INFO] [  1/50] Scraping: PROJECT CREDIT CIC (Co #14085505)
2026-10-05 11:19:42,605 [INFO]       Appointed Officer: GREEN, Mazzy-Mae (Director)
2026-10-05 11:19:42,605 [INFO]       Address:          Third Floor, 104-108 Oxford Street, London, United Kingdom, W1D 1LP
2026-10-05 11:19:44,813 [INFO]    [EMAIL]   info@duckduckgo.com
2026-10-05 11:19:44,813 [INFO]    [WEBSITE] https://duckduckgo.com/y.js?ad_domain=nevadadebtrelief.org&ad_provider=bingv7aa&ad_type=txad&click_metadata=zSYTHSgVq6Dl%2Dvcru01mCivVqGG62Y4eOFgZ2VQpq1HkhPV6BHcToXoYQcH35VfUqRFce7yy8rx6YMlO4ajvil_KKj%2D51XNm6jjY8cuHe1%2Dj3Jxt9rsGTLlw%2DT6rEBijVoXJqNyvAUBOr1b2EQuLOMrLyRxUcDUd0Fj70R7%2D%2Dc0.c8lS0QcE9GmaLdriGt1hrw&rut=8311ef289aeaf70b7cb50a3c29473dcc0d487181992e13e1c3e8e8938b156b98&u3=https%3A%2F%2Fwww.bing.com%2Faclick%3Fld%3De8dDsazBArOipopggVJddwCjVUCUx9n9TVj3VNhE91K8a56uKTm6nK7YhlUFmrDUr8ACCeWJPyCd9XcMOfcVvSqqb3v8yVFCjc0fKgbrNqfBOIU9R63KWFT7MmzmLCOmAcJOZDxClbZLHKBRqJF17iQ1q68vzIDdWQflvLwBgSzJLx06e2TezvYmGRQrnUISjN%2DPg2DQT9lA5FvwPHestLrENIrVY%26u%3DaHR0cHMlM2ElMmYlMmZ3d3cubmV2YWRhZGVidHJlbGllZi5vcmclMmZsJTJmYiUyZnVwZGF0ZSUyZmdlbmVyYWwlMmYlM2ZwX2VuZyUzZDMlMjZwX2djbXAlM2Q1OTAxMDczMTQlMjZwX2dhZGclM2QxMjM5MTQ5OTYzMzEzNjEzJTI2cF9nY3JlJTNkNzc0NDcwNDEzNjk5NjglMjZwX2d0cmclM2Rrd2QtNzc0NDcxNTAzMDc4MTklM2Fsb2MtNDExNSUyNnBfZ2t3ZCUzZDc3NDQ3MTUwMzA3ODE5JTI2cF9nbmV0JTNkcyUyNnBfcmtleSUzZFBST0pFQ1QlMjUyMENSRURJVCUyNTIwVW5pdGVkJTI1MjBLaW5nZG9tJTI2bXNjbGtpZCUzZDVlMTYyM2IzYzIxMDEzOTdkNzdlNDk3MDQ1ZGZiNTc3JTI2dXRtX3NvdXJjZSUzZGJpbmclMjZ1dG1fbWVkaXVtJTNkY3BjJTI2dXRtX2NhbXBhaWduJTNkU2VhcmNoJTI1MjAlMjU3QyUyNTIwRERHJTI1MjAtJTI1MjBUaWVyJTI1MjAzJTI1MjAoRUZTJTI1MjB0Q1BBJTI1MjBzaXRlKSUyNTIwLSUyNTIwTmV0d29yayUyNTIwRXhwYW5zaW9uJTI2dXRtX3Rlcm0lM2RkZWJ0JTI2dXRtX2NvbnRlbnQlM2RCJTI1MjAlMjU3QyUyNTIwR2VuZXJhbA%26rlid%3D5e1623b3c2101397d77e497045dfb577&vqd=4-228532030141769191633447209548279641951&iurl=%7B1%7DIG%3D549F602915D94610953D36FDD402E3E8%26CID%3D10915C09C746662C08E24BE0C6A2673A%26ID%3DDevEx%2C5036.1
2026-10-05 11:19:45,813 [INFO] [  2/50] Scraping: PROJECT FENIX CIC (Co #14063312)
2026-10-05 11:19:47,423 [INFO]       Appointed Officer: BREAREY, Samuel George (Director)
2026-10-05 11:19:47,423 [INFO]       Address:          527 Lytham Road, Blackpool, England, FY4 1TE
2026-10-05 11:19:48,748 [INFO] [  3/50] Scraping: THE FED LINE PROJECT THATCHAM TO HOOK CIC (Co #15003461)
2026-10-05 11:19:50,221 [INFO]       Appointed Officer: DOUBLET, Nicola Louise (Director)
2026-10-05 11:19:50,222 [INFO]       Address:          32 Elder House The Hollies, Mapledurwell, Basingstoke, England, RG24 7NJ
2026-10-05 11:19:51,553 [INFO] [  4/50] Scraping: RADIO FOR GOOD CIC (Co #13239232)
2026-10-05 11:19:53,137 [INFO]       Appointed Officer: NICHOLLS, Alison Jane (Director)
2026-10-05 11:19:53,137 [INFO]       Address:          Contingent Works Broadway Buildings, Elmfield Road, Bromley, England, BR1 1LW
2026-10-05 11:19:54,482 [INFO] [  5/50] Scraping: LMB EDUCATION COMMUNITY INTEREST COMPANY (Co #2657138)
2026-10-05 11:19:56,128 [INFO]       Appointed Officer: BARRY, Lawrence Martin (Secretary)
2026-10-05 11:19:56,128 [INFO]       Address:          Priestley House, Priestley Gardens, Chadwell Heath, Essex, RM6 4SN
2026-10-05 11:19:57,454 [INFO] [  6/50] Scraping: THETFORD BUSINESS FORUM C.I.C. (Co #6408358)
2026-10-05 11:19:59,103 [INFO]       Appointed Officer: BRIDGMAN, William Richard (Director)
2026-10-05 11:19:59,103 [INFO]       Address:          The Limes, 32 Bridge Street, Thetford, Norfolk, United Kingdom, IP24 3AG
2026-10-05 11:20:00,496 [INFO] [  7/50] Scraping: POSITIVE MOVES COMMUNITY INTEREST COMPANY (Co #6419805)
2026-10-05 11:20:02,156 [INFO]       Appointed Officer: MCDOWELL, Sylvia Beatrice (Secretary)
2026-10-05 11:20:02,157 [INFO]       Address:          316 Liverpool Rd Liverpool Road, Irlam, Manchester, England, M44 6AN
2026-10-05 11:20:03,473 [INFO] [  8/50] Scraping: MARKET RASEN CHRISTMAS MARKET COMMUNITY INTEREST COMPANY (Co #6436784)
2026-10-05 11:20:05,097 [INFO]       Appointed Officer: JONES, Alfred (Secretary)
2026-10-05 11:20:05,097 [INFO]       Address:          Rosemerrie, Mill Road, Market Rasen, Lincolnshire, LN8 3BP
2026-10-05 11:20:06,546 [INFO] [  9/50] Scraping: THE BUNBURY BANTER THEATRE COMPANY CIC (Co #6445406)
2026-10-05 11:20:08,188 [INFO]       Appointed Officer: DYER, Carol Rosalind (Secretary)
2026-10-05 11:20:08,188 [INFO]       Address:          35 Gibraltar Lane, Swavesey, Cambridge, Cambridgeshire, CB24 4RR
2026-10-05 11:20:09,530 [INFO] [ 10/50] Scraping: SANNA (AR) COMMUNITY INTEREST COMPANY (Co #6498806)
2026-10-05 11:20:11,120 [INFO]       Appointed Officer: AFZAL, Naima (Secretary)
2026-10-05 11:20:11,120 [INFO]       Address:          81 Couchman Road, Alum Rock, Birmingham, West Midlands, B8 3SR
2026-10-05 11:20:12,462 [INFO] [ 11/50] Scraping: AMPLITUDE MUSIC CLUB C.I.C (Co #6522790)
2026-10-05 11:20:14,151 [INFO]       Appointed Officer: KEETON, Adam Stephen (Secretary)
2026-10-05 11:20:14,151 [INFO]       Address:          12 Artiss Close, Bildeston, Ipswich, Suffolk, IP7 7BF
2026-10-05 11:20:15,478 [INFO] [ 12/50] Scraping: HISTORYPIN COMMUNITY INTEREST COMPANY (Co #5241856)
2026-10-05 11:20:17,090 [INFO]       Appointed Officer: ROBINSON, David Neil (Director)
2026-10-05 11:20:17,090 [INFO]       Address:          71 St John Street, London, EC1M 4NJ
2026-10-05 11:20:18,435 [INFO] [ 13/50] Scraping: COMMUNITY ARTS NETWORK COMMUNITY INTEREST COMPANY (Co #5821749)
2026-10-05 11:20:20,105 [INFO]       Appointed Officer: PITTORDOU, Athos Charalambous (Secretary)
2026-10-05 11:20:20,105 [INFO]       Address:          C/O Kpm Business Recovery & Insolvency Limited Little Bursdon, Hartland, Bideford, Devon, EX39 6HB
2026-10-05 11:20:21,461 [INFO] [ 14/50] Scraping: FLAMING LASSIE C.I.C. (Co #5839804)
2026-10-05 11:20:23,040 [INFO]       Appointed Officer: FERGUSSON, Marcus Francis (Director)
2026-10-05 11:20:23,040 [INFO]       Address:          Feltham's Farm Horsington Marsh, Horsington, Templecombe, Somerset, BA8 0EN
2026-10-05 11:20:24,385 [INFO] [ 15/50] Scraping: SCRIBES (SOUTH WEST) C.I.C. (Co #5903530)
2026-10-05 11:20:25,973 [INFO]       Appointed Officer: BUTLER, Wendy Margaret (Secretary)
2026-10-05 11:20:25,973 [INFO]       Address:          3 Rupertswood Terrace, Ilfracombe, Devon, EX34 9EW
2026-10-05 11:20:27,296 [INFO] [ 16/50] Scraping: TRAVEL MATTERS (ENTERPRISES) C.I.C. (Co #5652032)
2026-10-05 11:20:29,030 [INFO]       Appointed Officer: CHOULS, Paul Andrew (Secretary)
2026-10-05 11:20:29,030 [INFO]       Address:          Springfield House, Springfield Road, Horsham, West Sussex, England, RH12 2RG
2026-10-05 11:20:30,367 [INFO] [ 17/50] Scraping: LEARNING FIELDS COMMUNITY INTEREST COMPANY (Co #6202856)
2026-10-05 11:20:32,078 [INFO]       Appointed Officer: CHALMERS, Alexandra Mary (Secretary)
2026-10-05 11:20:32,078 [INFO]       Address:          Nags Head Farm, Hoff, Appleby In Westmorland, Cumbria, CA16 6TD
2026-10-05 11:20:33,413 [INFO] [ 18/50] Scraping: JOURNEYS FOR CHANGE C.I.C. (Co #6237558)
2026-10-05 11:20:35,072 [INFO]       Appointed Officer: ALDERSON, Ann Stewart (Secretary)
2026-10-05 11:20:35,072 [INFO]       Address:          8 Coldbath Square, London, United Kingdom, EC1R 5HL
2026-10-05 11:20:36,405 [INFO] [ 19/50] Scraping: PROACTION DEVELOPMENT CIC (Co #6262026)
2026-10-05 11:20:38,103 [INFO]       Appointed Officer: MOONEY, Amanda (Secretary)
2026-10-05 11:20:38,104 [INFO]       Address:          43 Bradfield Way, Chard, England, TA20 2BG
2026-10-05 11:20:39,453 [INFO] [ 20/50] Scraping: WE MADE IT AT MEADOW MILL COMMUNITY INTEREST COMPANY (Co #6275839)
2026-10-05 11:20:41,047 [INFO]       Appointed Officer: BARRELL, Josephine Lesley (Secretary)
2026-10-05 11:20:41,047 [INFO]       Address:          Sunrise Bungalow, Dingestow, Monmouth, Gwent, NP25 4EA
2026-10-05 11:20:42,378 [INFO] [ 21/50] Scraping: ARTHUR + MARTHA COMMUNITY INTEREST COMPANY (Co #6275774)
2026-10-05 11:20:44,087 [INFO]       Appointed Officer: DAVENPORT, Philip John (Secretary)
2026-10-05 11:20:44,087 [INFO]       Address:          The Old Store, 1a Station Road, Birch Vale, High Peak, Derbyshire, SK22 1BP
2026-10-05 11:20:45,411 [INFO] [ 22/50] Scraping: BARROW BUSY BUSES COMMUNITY INTEREST COMPANY (Co #6352241)
2026-10-05 11:20:47,011 [INFO]       Appointed Officer: MORRISON, Elaine (Secretary)
2026-10-05 11:20:47,011 [INFO]       Address:          1 Steel Street, Barrow-In-Furness, Cumbria, LA14 1UU
2026-10-05 11:20:48,361 [INFO] [ 23/50] Scraping: CARNARVON KIDS CLUB COMMUNITY INTEREST COMPANY (Co #6363513)
2026-10-05 11:20:50,045 [INFO]       Appointed Officer: BAULCOMBE, Deborah Jane (Secretary)
2026-10-05 11:20:50,045 [INFO]       Address:          Carnarvon Primary School, Nursery Road, Bingham, Notts, NG13 8EH
2026-10-05 11:20:51,476 [INFO] [ 24/50] Scraping: THE CARE CONSULTANT C.I.C. (Co #6220663)
2026-10-05 11:20:53,153 [INFO]       Appointed Officer: CHIYANGWA, Kudzayi Amanda Nyandoro (Director)
2026-10-05 11:20:53,153 [INFO]       Address:          Handel House, 95 High Street, Edgware, Middlesex, HA8 7DB
2026-10-05 11:20:54,608 [INFO] [ 25/50] Scraping: HASTINGS FISH CIC (Co #6230439)
2026-10-05 11:20:56,256 [INFO]       Appointed Officer: BALL, Mark (Director)
2026-10-05 11:20:56,256 [INFO]       Address:          Office 5 Hastings Fishmarket, Rock A Nore Road, Hastings, East Sussex, TN34 3DW
2026-10-05 11:20:57,606 [INFO] [ 26/50] Scraping: THE MILKMAID FOLK ARTS CENTRE COMMUNITY INTEREST COMPANY (Co #6285571)
2026-10-05 11:20:59,224 [INFO]       Appointed Officer: WALDEN, Terence Alan (Secretary)
2026-10-05 11:20:59,225 [INFO]       Address:          18 Lizards Way, Beck Row, Bury St. Edmunds, Suffolk, England, IP28 8UP
2026-10-05 11:21:00,580 [INFO] [ 27/50] Scraping: STOWMARKET TOWN FORUM COMMUNITY INTEREST COMPANY (Co #6338738)
2026-10-05 11:21:02,287 [INFO]       Appointed Officer: ROWE, Malcolm (Secretary)
2026-10-05 11:21:02,287 [INFO]       Address:          Malcolm Rowe, 2 Abbots Walk, Stowmarket, Suffolk, IP14 1DG
2026-10-05 11:21:04,135 [INFO] [ 28/50] Scraping: CITY OF BIRMINGHAM BASKETBALL CLUB COMMUNITY INTEREST COMPANY (Co #6376854)
2026-10-05 11:21:05,768 [INFO]       Appointed Officer: YOUNG, Louise Anne (Secretary)
2026-10-05 11:21:05,769 [INFO]       Address:          138 Digbeth, High Street, Birmingham, West Midlands, B5 6DR
2026-10-05 11:21:08,176 [INFO] [ 29/50] Scraping: SHONTAL 1705 COMMUNITY INTEREST COMPANY (Co #6375168)
2026-10-05 11:21:09,800 [INFO]       Appointed Officer: COWX, George Douglas (Director)
2026-10-05 11:21:09,800 [INFO]       Address:          10 Front Street, Bamburgh, Northumberland, United Kingdom, NE69 7BW
2026-10-05 11:21:12,133 [INFO] [ 30/50] Scraping: THEPEOPLESPOWER C.I.C. (Co #5754156)
2026-10-05 11:21:13,704 [INFO]       Appointed Officer: SHAMASH, Joe (Secretary)
2026-10-05 11:21:13,704 [INFO]       Address:          Yew Tree Cottage Willersley Lane, Cromford, Matlock, Derbyshire, DE4 5JG
2026-10-05 11:21:16,086 [INFO] [ 31/50] Scraping: FLOATING LOTUS CIC (Co #5760934)
2026-10-05 11:21:17,941 [INFO]       Appointed Officer: TURNBULL, Alan Brendan, Dr (Secretary)
2026-10-05 11:21:17,941 [INFO]       Address:          Ivy Cottage, Hancocks Lane Castle Morton, Malvern, Worcestershire, WR13 6LG
2026-10-05 11:21:20,248 [INFO] [ 32/50] Scraping: YORDA ADVENTURES COMMUNITY INTEREST COMPANY (Co #5762334)
2026-10-05 11:21:21,933 [INFO]       Appointed Officer: SMYTH, Richard John (Secretary)
2026-10-05 11:21:21,933 [INFO]       Address:          12 Greenacres, Hemel Hempstead, England, HP2 4LX
2026-10-05 11:21:24,245 [INFO] [ 33/50] Scraping: AUTISM KNOW HOW CIC (Co #8083726)
2026-10-05 11:21:26,170 [INFO]       Appointed Officer: HIGGS, Amanda Jane (Director)
2026-10-05 11:21:26,170 [INFO]       Address:          16 Scotney Way, Thrapston, Northamptonshire, NN14 4SA
2026-10-05 11:21:28,475 [INFO] [ 34/50] Scraping: FALMOUTH OYSTER FESTIVAL CIC (Co #8092650)
2026-10-05 11:21:30,287 [INFO]       Appointed Officer: CARPENTER, Nigel John (Director)
2026-10-05 11:21:30,287 [INFO]       Address:          Victoria House, 9, Edward Street, Truro, Cornwall, TR1 3AJ
2026-10-05 11:21:32,621 [INFO] [ 35/50] Scraping: BLINC CIC (Co #8113256)
2026-10-05 11:21:34,413 [INFO]       Appointed Officer: COCKRILL, Joel (Director)
2026-10-05 11:21:34,413 [INFO]       Address:          Llys Llewelyn, Mount Pleasant, Conwy, Wales, LL32 8NY
2026-10-05 11:21:36,714 [INFO] [ 36/50] Scraping: ALL TOGETHER ELLESMERE COMMUNITY INTEREST COMPANY (Co #8139706)
2026-10-05 11:21:38,399 [INFO]       Appointed Officer: CLARKE, Alan (Director)
2026-10-05 11:21:38,400 [INFO]       Address:          The Market Hall, Scotland Street, Ellesmere, Shropshire, SY12 0ED
2026-10-05 11:21:40,710 [INFO] [ 37/50] Scraping: ACCESS 2 SUPPORT C.I.C. (Co #8142493)
2026-10-05 11:21:42,262 [INFO]       Appointed Officer: HENDRIE, Stephen (Director)
2026-10-05 11:21:42,262 [INFO]       Address:          The Courtyard, Loch Street, Runcorn, Cheshire, England, WA7 1JA
2026-10-05 11:21:44,607 [INFO] [ 38/50] Scraping: MAKE-ROOM ARTS C.I.C. (Co #8163921)
2026-10-05 11:21:46,182 [INFO]       Appointed Officer: BECK, Megan (Director)
2026-10-05 11:21:46,182 [INFO]       Address:          34 Broad Street, Penryn, Cornwall, England, TR10 8JH
2026-10-05 11:21:48,506 [INFO] [ 39/50] Scraping: L'ECOLE DE LA COUTURE COMMUNITY INTEREST COMPANY (Co #8182151)
2026-10-05 11:21:50,125 [INFO]       Appointed Officer: O'DONNELL, Alyson (Secretary)
2026-10-05 11:21:50,126 [INFO]       Address:          Speke Training And Education Centre Unit House Evans Road, Speke Blvd Speke, Liverpool, Merseyside, L24 9HZ
2026-10-05 11:21:52,456 [INFO] [ 40/50] Scraping: COMPLETE OPHTHALMIC SERVICES C.I.C. (Co #8192150)
2026-10-05 11:21:54,184 [INFO]       Appointed Officer: BARKER, David John (Director)
2026-10-05 11:21:54,184 [INFO]       Address:          Gooch & Co, 95 High Street, Beckenham, Kent, England, BR3 1AG
2026-10-05 11:21:56,510 [INFO] [ 41/50] Scraping: SUNSET DAWN FESTIVALS CIC (Co #8190322)
2026-10-05 11:21:57,940 [INFO]       Appointed Officer: KINGHAM, Timothy (Director)
2026-10-05 11:21:57,940 [INFO]       Address:          161 College Street, St Helens, WA10 1TY
2026-10-05 11:22:00,240 [INFO] [ 42/50] Scraping: STROKE ACTION CROYDON CIC (Co #8198217)
2026-10-05 11:22:01,876 [INFO]       Appointed Officer: EGWUATU, Maria Nwabude (Director)
2026-10-05 11:22:01,876 [INFO]       Address:          7 Gilbert Court, 25 Lion Green Road, Coulsdon, Lion Green Road, Coulsdon, England, CR5 2NL
2026-10-05 11:22:04,170 [INFO] [ 43/50] Scraping: COMMUNI TEA C.I.C. (Co #8198442)
2026-10-05 11:22:05,766 [INFO]       Appointed Officer: HUSSAIN, Musharraf, Dr (Director)
2026-10-05 11:22:05,766 [INFO]       Address:          C/O Communitea Room, 234 Yorkshire Street, Rochdale, England, OL16 2DP
2026-10-05 11:22:08,081 [INFO] [ 44/50] Scraping: PEOPLE AND COMMUNITIES CIC (Co #8234544)
2026-10-05 11:22:09,641 [INFO]       Appointed Officer: BROOKS, Natasha Louise (Director)
2026-10-05 11:22:09,641 [INFO]       Address:          12 Pacific Close, Swanscombe, Kent, DA10 0LN
2026-10-05 11:22:11,973 [INFO] [ 45/50] Scraping: INTERCHANGE SHEFFIELD C.I.C. (Co #8237482)
2026-10-05 11:22:13,615 [INFO]       Appointed Officer: BANDELE, Flora Hawau Jummai (Director)
2026-10-05 11:22:13,615 [INFO]       Address:          4th Floor Fountain Precinct, Leopold Street, Sheffield, S1 2JA
2026-10-05 11:22:15,918 [INFO] [ 46/50] Scraping: CLARENCE WAY MANAGEMENT ORGANISATION CIC (Co #8239193)
2026-10-05 11:22:17,592 [INFO]       Appointed Officer: ADDO, Samuel (Director)
2026-10-05 11:22:17,592 [INFO]       Address:          64a Castle Road, Camden, London, NW1 8SN
2026-10-05 11:22:19,891 [INFO] [ 47/50] Scraping: RAMSGATE BUSINESS COMMUNITY ASSOCIATION C.I.C. (Co #8269983)
2026-10-05 11:22:21,601 [INFO]       Appointed Officer: DAHMS, Jonathan Peter (Director)
2026-10-05 11:22:21,601 [INFO]       Address:          424 Margate Road, Ramsgate, Kent, CT12 6SJ
2026-10-05 11:22:23,901 [INFO] [ 48/50] Scraping: JOYCES CHOICE HOUSING COMMUNITY INTEREST COMPANY (Co #8604724)
2026-10-05 11:22:25,368 [INFO]       Appointed Officer: NADIF, Sandra (Director)
2026-10-05 11:22:25,368 [INFO]       Address:          11 Beech Avenue, New Basford, Nottingham, NG7 7LJ
2026-10-05 11:22:27,668 [INFO] [ 49/50] Scraping: TOMORROW'S GENERATION C.I.C. (Co #8611945)
2026-10-05 11:22:29,142 [INFO]       Appointed Officer: DAVIES, Ellen (Director)
2026-10-05 11:22:29,142 [INFO]       Address:          The Impact Hub, 17a Electric Lane, Brixton, London, SW9 8LA
2026-10-05 11:22:31,440 [INFO] [ 50/50] Scraping: GARDEN CITY DEVELOPMENTS CIC (Co #8617229)
2026-10-05 11:22:33,029 [INFO]       Appointed Officer: BRISCOE, Brian Anthony (Director)
2026-10-05 11:22:33,029 [INFO]       Address:          5-11 Mortimer Street, London, W1T 3HS
2026-10-05 11:22:35,373 [INFO] ================================================================================
2026-10-05 11:22:35,373 [INFO] BATCH FINISHED: Processed 50 companies in 174.4s.
2026-10-05 11:22:35,373 [INFO] Total Cumulative Enriched: 2282 companies.
2026-10-05 11:22:35,373 [INFO] Updated CSV: enriched_uk_companies.csv
2026-10-05 11:22:35,373 [INFO] Updated Log: scraper.log
2026-10-05 11:22:35,373 [INFO] ================================================================================
2026-10-06 04:47:37,274 [INFO] ================================================================================
2026-10-06 04:47:37,274 [INFO] STARTING PRODUCTION UK COMPANIES HOUSE CONTACT SCRAPER
2026-10-06 04:47:37,274 [INFO] ================================================================================
2026-10-06 04:47:37,274 [INFO] Input Dataset:  Companies-House-search-results.csv
2026-10-06 04:47:37,274 [INFO] Output Dataset: enriched_uk_companies.csv
2026-10-06 04:47:37,274 [INFO] Batch Size:     50
2026-10-06 04:47:37,285 [INFO] Already processed in previous runs: 2282 companies
2026-10-06 04:47:37,308 [INFO] Total remaining companies to scrape: 2718
2026-10-06 04:47:37,308 [INFO] Processing next batch of 50 companies...

2026-10-06 04:47:37,308 [INFO] [  1/50] Scraping: WHITLIT C.I.C. (Co #8621355)
2026-10-06 04:47:38,916 [INFO]       Appointed Officer: ANNABLE, Roger (Director)
2026-10-06 04:47:38,917 [INFO]       Address:          71 Summerfield Avenue, Whitstable, Kent, CT5 1NS
2026-10-06 04:47:40,191 [INFO] [  2/50] Scraping: HAYWARDS HEATH YOUTH C.I.C. (Co #8626860)
2026-10-06 04:47:41,940 [INFO]       Appointed Officer: BAIRD-MURRAY, Sarah Jane (Secretary)
2026-10-06 04:47:41,940 [INFO]       Address:          Albemarle Centre, Appledore Gardens, Haywards Heath, West Sussex, RH16 2AQ
2026-10-06 04:47:43,214 [INFO] [  3/50] Scraping: THE MONOCLE MAGPIE CIC (Co #8668748)
2026-10-06 04:47:44,925 [INFO]       Appointed Officer: STANFORD REDHEAD, Leigh (Director)
2026-10-06 04:47:44,925 [INFO]       Address:          2 Cawston Road, Burngreave, Sheffield, England, S4 7DG
2026-10-06 04:47:46,195 [INFO] [  4/50] Scraping: FIFTH PLANET PRODUCTIONS C.I.C. (Co #8674687)
2026-10-06 04:47:47,888 [INFO]       Appointed Officer: CRAGGS, Samuel John (Director)
2026-10-06 04:47:47,888 [INFO]       Address:          317 Old Wakefield Road, Hancox And Co Accountants, Huddersfield, England, HD5 8AA
2026-10-06 04:47:49,148 [INFO] [  5/50] Scraping: MARMALADE FOUNDATION COMMUNITY INTEREST COMPANY (Co #8675052)
2026-10-06 04:47:50,694 [INFO]       Appointed Officer: MOGER, Catherine Helen (Director)
2026-10-06 04:47:50,694 [INFO]       Address:          Thanes House, Semley Road, Shaftesbury, England, SP7 9HE
2026-10-06 04:47:51,960 [INFO] [  6/50] Scraping: SLOUGH ASPIRE COMMUNITY INTEREST COMPANY (Co #8680406)
2026-10-06 04:47:53,708 [INFO]       Appointed Officer: ASTLES, Philip John Goolden (Director)
2026-10-06 04:47:53,708 [INFO]       Address:          The Old Town Hall, 71 Christchurch Road, Ringwood, BH24 1DH
2026-10-06 04:47:54,975 [INFO] [  7/50] Scraping: PEBL FEEDBACK C.I.C. (Co #8811232)
2026-10-06 04:47:56,660 [INFO]       Appointed Officer: DAVISON, Charles Ian Peter, Dr (Director)
2026-10-06 04:47:56,660 [INFO]       Address:          42 Priory Street, Colchester, Essex, CO1 2QB
2026-10-06 04:47:57,909 [INFO] [  8/50] Scraping: MEDIA SAVVY GIRLS CIC (Co #8821657)
2026-10-06 04:47:59,586 [INFO]       Appointed Officer: FITCHETT, Amanda (Director)
2026-10-06 04:47:59,586 [INFO]       Address:          151 Shanklin Drive, Leicester, Leicestershire, LE2 3QG
2026-10-06 04:48:00,859 [INFO] [  9/50] Scraping: EDUCATION OUTSIDE SCHOOL C.I.C. (Co #8824730)
2026-10-06 04:48:02,629 [INFO]       Appointed Officer: HODGSON, Lorena Jane (Director)
2026-10-06 04:48:02,629 [INFO]       Address:          Alexandra House, Alexandra Road, Wisbech, Cambridgeshire, England, PE13 1HQ
2026-10-06 04:48:03,896 [INFO] [ 10/50] Scraping: NATURE'S FOOTPRINTS FOREST PLAY AND EDUCATION CIC (Co #8831386)
2026-10-06 04:48:05,599 [INFO]       Appointed Officer: CLAYTON, Robin (Director)
2026-10-06 04:48:05,599 [INFO]       Address:          51 Delves Wood Road, Beaumont Park, Huddersfield, England, HD4 7AS
2026-10-06 04:48:06,861 [INFO] [ 11/50] Scraping: LL EDUCATION CONSULTANCY COMMUNITY INTEREST COMPANY (Co #8842362)
2026-10-06 04:48:08,448 [INFO]       Appointed Officer: LIANG, Lianda, Dr. (Director)
2026-10-06 04:48:08,449 [INFO]       Address:          59 Hermitage Way, Stanmore, Middlesex, HA7 2AX
2026-10-06 04:48:09,706 [INFO] [ 12/50] Scraping: A1 COMMUNITY LINKS COMMUNITY INTEREST COMPANY (Co #8844518)
2026-10-06 04:48:11,425 [INFO]       Appointed Officer: LEE, Sharon Patricia (Director)
2026-10-06 04:48:11,425 [INFO]       Address:          The Transmission Station Great North Road, Brookmans Park, Hatfield, England, AL9 6NE
2026-10-06 04:48:12,699 [INFO] [ 13/50] Scraping: IMPARTIAL SID CIC (Co #8707773)
2026-10-06 04:48:14,388 [INFO]       Appointed Officer: ROSE, Mark Anthony (Secretary)
2026-10-06 04:48:14,388 [INFO]       Address:          4a Haltgate House Hullbridge Road, South Woodham Ferrers, Chelmsford, England, CM3 5NH
2026-10-06 04:48:15,646 [INFO] [ 14/50] Scraping: KONJA YA OROKO COMMUNITY INTEREST COMPANY (Co #8709435)
2026-10-06 04:48:17,243 [INFO]       Appointed Officer: SAKWE, Felicia (Secretary)
2026-10-06 04:48:17,243 [INFO]       Address:          37a Loampit Hill, Lewisham, London, Greater London, SE13 7SZ
2026-10-06 04:48:18,506 [INFO] [ 15/50] Scraping: WIRRAL VETERANS C.I.C. (Co #8717837)
2026-10-06 04:48:20,213 [INFO]       Appointed Officer: BULLIVANT, Susan Jannine (Director)
2026-10-06 04:48:20,213 [INFO]       Address:          95 Greendale Road, Port Sunlight, Wirral, CH62 4XE
2026-10-06 04:48:21,514 [INFO] [ 16/50] Scraping: CREATED ACADEMY COMMUNITY INTEREST COMPANY (Co #8717879)
2026-10-06 04:48:23,222 [INFO]       Appointed Officer: CUMMINGS, John Hume (Director)
2026-10-06 04:48:23,222 [INFO]       Address:          46-58 Pall Mall Hanley, Stoke On Trent, Staffordshire, United Kingdom, ST1 1EE
2026-10-06 04:48:24,479 [INFO] [ 17/50] Scraping: BEES MAKE HONEY CREATIVE C.I.C. (Co #8727631)
2026-10-06 04:48:26,096 [INFO]       Appointed Officer: FORMBY, Philip Lawrence (Director)
2026-10-06 04:48:26,096 [INFO]       Address:          20 Dornoch Avenue, Nottingham, NG5 4DP
2026-10-06 04:48:27,356 [INFO] [ 18/50] Scraping: THE VISION FOUNDATION C.I.C. (Co #8729801)
2026-10-06 04:48:29,106 [INFO]       Appointed Officer: MASON, Joanne Marie (Secretary)
2026-10-06 04:48:29,106 [INFO]       Address:          Vip's Barnsley C.i.c, 27 Falmouth Close, Barnsley, South Yorkshire, S71 2QQ
2026-10-06 04:48:30,367 [INFO] [ 19/50] Scraping: JUST WASTE LEICESTERSHIRE CIC (Co #8729260)
2026-10-06 04:48:31,985 [INFO]       Appointed Officer: ACTON, Adel Marie (Director)
2026-10-06 04:48:31,985 [INFO]       Address:          Unit 6 62-66 Friday Street, Leicester, Leicestershire, LE1 3BW
2026-10-06 04:48:33,256 [INFO] [ 20/50] Scraping: EAST END FILM FESTIVAL CIC (Co #8733778)
2026-10-06 04:48:34,994 [INFO]       Appointed Officer: ORDERED MANAGEMENT SECRETARY LTD (Secretary)
2026-10-06 04:48:34,994 [INFO]       Address:          215f Stoke Newington Church Street, London, England, N16 9ET
2026-10-06 04:48:36,257 [INFO] [ 21/50] Scraping: LIVING IT UP EVENTS CIC (Co #8859236)
2026-10-06 04:48:37,978 [INFO]       Appointed Officer: COLLETT, Michael (Director)
2026-10-06 04:48:37,978 [INFO]       Address:          St Cuthberts Hall, Newnham Street, Bedford, England, MK40 3JR
2026-10-06 04:48:39,237 [INFO] [ 22/50] Scraping: TAI CHI NATION CIC (Co #8880614)
2026-10-06 04:48:40,948 [INFO]       Appointed Officer: RANWELL, Martin Elliott (Secretary)
2026-10-06 04:48:40,948 [INFO]       Address:          Kingsway, 10 The Priory, Modbury, Ivybridge, Devon, England, PL21 0TL
2026-10-06 04:48:42,205 [INFO] [ 23/50] Scraping: GOSFIELD FOUNDATION COMMUNITY INTEREST COMPANY (Co #8880098)
2026-10-06 04:48:43,950 [INFO]       Appointed Officer: ALLEN, Julia Suzanne (Director)
2026-10-06 04:48:43,950 [INFO]       Address:          PO Box 4385, 08880098: COMPANIES HOUSE DEFAULT ADDRESS, Cardiff, CF14 8LH
2026-10-06 04:48:45,209 [INFO] [ 24/50] Scraping: PUKAR SOCIAL CARE CIC (Co #8898997)
2026-10-06 04:48:46,800 [INFO]       Appointed Officer: HOLDEN, George Keith (Director)
2026-10-06 04:48:46,800 [INFO]       Address:          3-5 Oakham Court, Preston, Lancashire, PR1 3XP
2026-10-06 04:48:48,061 [INFO] [ 25/50] Scraping: LEEDS THEATRE CIC (Co #8905227)
2026-10-06 04:48:49,890 [INFO]       Appointed Officer: WILLIAMS, Christopher John (Secretary)
2026-10-06 04:48:49,890 [INFO]       Address:          Leeds Playhouse Playhouse Square, Quarry Hill, Leeds, West Yorkshire, United Kingdom, LS2 7UP
2026-10-06 04:48:51,148 [INFO] [ 26/50] Scraping: PETS AND PALS C.I.C. (Co #8640335)
2026-10-06 04:48:52,873 [INFO]       Appointed Officer: ADAMSON, Richard Thomas (Director)
2026-10-06 04:48:52,873 [INFO]       Address:          31 Springbourne Road, Liverpool, Merseyside, L17 7BJ
2026-10-06 04:48:54,601 [INFO] [ 27/50] Scraping: ENABLE-U2-DO-IT C.I.C. (Co #8643885)
2026-10-06 04:48:56,289 [INFO]       Appointed Officer: BRABBING, Deborah Elizabeth (Director)
2026-10-06 04:48:56,289 [INFO]       Address:          6 Burnett Avenue, Salford, England, M5 3HY
2026-10-06 04:48:58,486 [INFO] [ 28/50] Scraping: LEIGH MARITIME CIC (Co #8645388)
2026-10-06 04:49:00,224 [INFO]       Appointed Officer: CLARK, Russell (Director)
2026-10-06 04:49:00,224 [INFO]       Address:          15 Carlton Drive, Leigh On Sea, Leigh-On-Sea, Essex, United Kingdom, SS9 1DE
2026-10-06 04:49:02,439 [INFO] [ 29/50] Scraping: AKASHA INNOVATION C.I.C. (Co #8680313)
2026-10-06 04:49:04,019 [INFO]       Appointed Officer: ROSSI, Greta (Director)
2026-10-06 04:49:04,019 [INFO]       Address:          PO Box 4385, 08680313: COMPANIES HOUSE DEFAULT ADDRESS, Cardiff, CF14 8LH
2026-10-06 04:49:06,224 [INFO] [ 30/50] Scraping: THE APPRECIATION SOCIETY C.I.C. (Co #8752861)
2026-10-06 04:49:07,979 [INFO]       Appointed Officer: FONTES, Claudia Graciela (Director)
2026-10-06 04:49:07,979 [INFO]       Address:          164 Bexhill Road, Brighton, East Sussex, BN2 6QA
2026-10-06 04:49:10,191 [INFO] [ 31/50] Scraping: LLANGYFELACH COMMUNITY SOLAR FARM C.I.C. (Co #8775433)
2026-10-06 04:49:11,936 [INFO]       Appointed Officer: POCKLINGTON, Nigel David (Director)
2026-10-06 04:49:11,936 [INFO]       Address:          Good Energy, Monkton Park Offices, Monkton Park, Chippenham, Wiltshire, United Kingdom, SN15 1GH
2026-10-06 04:49:14,140 [INFO] [ 32/50] Scraping: LADY HARMONY C.I.C. (Co #8789166)
2026-10-06 04:49:15,823 [INFO]       Appointed Officer: BERGS, Arturs (Director)
2026-10-06 04:49:15,823 [INFO]       Address:          12 Derwent Avenue, Alfonso Street, Hull, Humberside, HU3 2TW
2026-10-06 04:49:18,025 [INFO] [ 33/50] Scraping: KO COMMUNITY PROJECTS CIC (Co #8685992)
2026-10-06 04:49:19,743 [INFO]       Appointed Officer: JONES, Olivia Jane (Director)
2026-10-06 04:49:19,743 [INFO]       Address:          2 The Mill House, Peopleton, Pershore, Worc, WR10 2EA
2026-10-06 04:49:21,943 [INFO] [ 34/50] Scraping: HEALTHWATCH SLOUGH C.I.C. (Co #8686075)
2026-10-06 04:49:23,665 [INFO]       Appointed Officer: BHASKARAN, Dolly (Director)
2026-10-06 04:49:23,665 [INFO]       Address:          Unit A49 Airfield Way, Christchurch, England, BH23 3TS
2026-10-06 04:49:25,865 [INFO] [ 35/50] Scraping: INTERNATIONAL DOCTORS FOR HEALTHIER DRUG POLICIES CIC (Co #8699645)
2026-10-06 04:49:27,631 [INFO]       Appointed Officer: BHASIN, Rakesh Kumar (Director)
2026-10-06 04:49:27,631 [INFO]       Address:          Suite 3.20 344-354 Gray's Inn Road, London, England, WC1X 8BD
2026-10-06 04:49:29,829 [INFO] [ 36/50] Scraping: POGIM C.I.C. (Co #8703998)
2026-10-06 04:49:31,548 [INFO]       Appointed Officer: BOWEN, Vicky Ann (Director)
2026-10-06 04:49:31,548 [INFO]       Address:          The Wheel House, 33 Castle Street, Conwy, Wales, LL32 8AY
2026-10-06 04:49:33,756 [INFO] [ 37/50] Scraping: TVSA COMMUNITY INTEREST COMPANY (Co #4361036)
2026-10-06 04:49:35,756 [INFO]       Appointed Officer: GRANT, Edward (Director)
2026-10-06 04:49:35,756 [INFO]       Address:          2 The Old Estate Yard High Street, East Hendred, Wantage, Oxfordshire, England, OX12 8JY
2026-10-06 04:49:37,960 [INFO] [ 38/50] Scraping: OSCOTT HORTICULTURE SERVICES C.I.C. (Co #4413144)
2026-10-06 04:49:39,695 [INFO]       Appointed Officer: GRICE, Keith (Secretary)
2026-10-06 04:49:39,695 [INFO]       Address:          22 Londonderry Grove, Smethwick, West Midlands, B67 7EX
2026-10-06 04:49:41,904 [INFO] [ 39/50] Scraping: ELEVATE TRAINING AND DEVELOPMENT C.I.C. (Co #5000379)
2026-10-06 04:49:43,613 [INFO]       Appointed Officer: GARDNER MARTIN, Gradle Dene (Director)
2026-10-06 04:49:43,613 [INFO]       Address:          Ground Floor Shop, 132 Hither Green Lane, Hither Green Lane, London, England, SE13 6QA
2026-10-06 04:49:45,814 [INFO] [ 40/50] Scraping: BLUE HUT CENTRE C.I.C. (Co #5485114)
2026-10-06 04:49:47,510 [INFO]       Appointed Officer: ABBOTT, Richard (Director)
2026-10-06 04:49:47,510 [INFO]       Address:          Hannah Kubie, Stone King Llp Boundary House, 91 Charterhouse Street, London, EC1M 6HR
2026-10-06 04:49:49,710 [INFO] [ 41/50] Scraping: CARE FOCUS (SOUTH WEST) CIC (Co #5664850)
2026-10-06 04:49:51,465 [INFO]       Appointed Officer: GWYTHER, David Hugh (Director)
2026-10-06 04:49:51,465 [INFO]       Address:          Goodwood House, Blackbrook Park Avenue, Taunton, Somerset, TA1 2PX
2026-10-06 04:49:53,665 [INFO] [ 42/50] Scraping: CONISTON & TORVER COMMUNITY LAND TRUST C.I.C. (Co #7978653)
2026-10-06 04:49:55,383 [INFO]       Appointed Officer: DAWSON, Katie (Secretary)
2026-10-06 04:49:55,383 [INFO]       Address:          16 The Garth, Coniston, Cumbria, LA21 8EQ
2026-10-06 04:49:57,587 [INFO] [ 43/50] Scraping: BULKY WASTE COLLECTORS (BWC) CIC (Co #7994428)
2026-10-06 04:49:59,324 [INFO]       Appointed Officer: BENTLEY, Victoria Christine (Secretary)
2026-10-06 04:49:59,324 [INFO]       Address:          Strawberry Gardens, Poulton Road, Fleetwood, Lancashire, England, FY7 6TF
2026-10-06 04:50:01,527 [INFO] [ 44/50] Scraping: ROOTSPROJECT COMMUNITY INTEREST COMPANY (Co #8010310)
2026-10-06 04:50:03,251 [INFO]       Appointed Officer: MURRAY, Neil Francis (Director)
2026-10-06 04:50:03,251 [INFO]       Address:          Medina House, 2 Station Avenue, Bridlington, East Riding Of Yorkshire, YO16 4LZ
2026-10-06 04:50:05,454 [INFO] [ 45/50] Scraping: BRIGHT KIDS LEARNING CENTRE C.I.C. (Co #8011948)
2026-10-06 04:50:07,061 [INFO]       Appointed Officer: FASHINA, Adekunle, Dr (Director)
2026-10-06 04:50:07,061 [INFO]       Address:          50 Rosslyn Street, Liverpool, England, L17 7DW
2026-10-06 04:50:09,264 [INFO] [ 46/50] Scraping: FIREFLY RESOLUTIONS CIC (Co #8014452)
2026-10-06 04:50:11,038 [INFO]       Appointed Officer: MCVEIGH, Lawrence John (Director)
2026-10-06 04:50:11,038 [INFO]       Address:          15 Watts Avenue, Rochester, England, ME1 1RX
2026-10-06 04:50:13,249 [INFO] [ 47/50] Scraping: HOMEBAKED COMMUNITY LAND TRUST CIC (Co #8025135)
2026-10-06 04:50:15,012 [INFO]       Appointed Officer: BULLIVANT, Ralph Hendrik Frank (Director)
2026-10-06 04:50:15,012 [INFO]       Address:          C/O Dsg, Chartered Accountants Castle Chambers, 43 Castle Street, Liverpool, Merseyside, England, L2 9TL
2026-10-06 04:50:17,214 [INFO] [ 48/50] Scraping: DIALI CONTEMPORARY ARTS LTD. CIC (Co #8023668)
2026-10-06 04:50:18,840 [INFO]       Appointed Officer: BARRINGTON-BROWN, Ian (Director)
2026-10-06 04:50:18,840 [INFO]       Address:          Unit 8 21c Lombard Road, London, England, SW19 3TZ
2026-10-06 04:50:21,035 [INFO] [ 49/50] Scraping: INSPIRE SENSORY AND OUTREACH SERVICES CIC (Co #8026722)
2026-10-06 04:50:22,782 [INFO]       Appointed Officer: JOHNSON, Susan Debra (Director)
2026-10-06 04:50:22,782 [INFO]       Address:          Paces Campus Pack Horse Lane, High Green, Sheffield, S35 3HY
2026-10-06 04:50:24,990 [INFO] [ 50/50] Scraping: GRAVITAS OUTCOME SERVICES CIC (Co #8028856)
2026-10-06 04:50:26,739 [INFO]       Appointed Officer: SPENCER, Karen (Director)
2026-10-06 04:50:26,740 [INFO]       Address:          Beehive Mill, Jersey Street, Manchester, England, M4 6JG
2026-10-06 04:50:28,975 [INFO] ================================================================================
2026-10-06 04:50:28,975 [INFO] BATCH FINISHED: Processed 50 companies in 171.7s.
2026-10-06 04:50:28,975 [INFO] Total Cumulative Enriched: 2332 companies.
2026-10-06 04:50:28,975 [INFO] Updated CSV: enriched_uk_companies.csv
2026-10-06 04:50:28,975 [INFO] Updated Log: scraper.log
2026-10-06 04:50:28,976 [INFO] ================================================================================
2026-10-06 14:43:37,391 [INFO] ================================================================================
2026-10-06 14:43:37,391 [INFO] STARTING PRODUCTION UK COMPANIES HOUSE CONTACT SCRAPER
2026-10-06 14:43:37,391 [INFO] ================================================================================
2026-10-06 14:43:37,391 [INFO] Input Dataset:  Companies-House-search-results.csv
2026-10-06 14:43:37,392 [INFO] Output Dataset: enriched_uk_companies.csv
2026-10-06 14:43:37,392 [INFO] Batch Size:     50
2026-10-06 14:43:37,398 [INFO] Already processed in previous runs: 2332 companies
2026-10-06 14:43:37,412 [INFO] Total remaining companies to scrape: 2668
2026-10-06 14:43:37,412 [INFO] Processing next batch of 50 companies...

2026-10-06 14:43:37,412 [INFO] [  1/50] Scraping: GLOBAL ART & MUSIC FOR EVERYONE (GAME UK) CIC (Co #8038100)
2026-10-06 14:43:38,871 [INFO]       Appointed Officer: JUMAA, Mansour Olawale (Secretary)
2026-10-06 14:43:38,871 [INFO]       Address:          Tomoris Studio, 2, Wilton Close, Taunton, Somerset, England, TA1 4EZ
2026-10-06 14:43:41,004 [INFO]    [EMAIL]   contact@artscouncil.org.uk
2026-10-06 14:43:41,004 [INFO]    [WEBSITE] https://www.artscouncil.org.uk/sites/default/files/download-file/Great_art_and_culture_for_everyone.pdf
2026-10-06 14:43:42,004 [INFO] [  2/50] Scraping: LITTLE TEAPOTS PLAY GROUP CIC (Co #8048445)
2026-10-06 14:43:43,531 [INFO]       Appointed Officer: DENNIS, Julie (Director)
2026-10-06 14:43:43,531 [INFO]       Address:          Measham Village Hall, Queens Street, Swadlincote, Derbyshire, DE12 7JE
2026-10-06 14:43:44,678 [INFO] [  3/50] Scraping: ADVENTURE QUEST (UK) COMMUNITY INTEREST COMPANY (Co #8528671)
2026-10-06 14:43:45,978 [INFO]       Appointed Officer: LEFEVER, Karen Rachel (Director)
2026-10-06 14:43:45,978 [INFO]       Address:          39 Shelduck Drive, Snettisham, King's Lynn, England, PE31 7RG
2026-10-06 14:43:47,098 [INFO] [  4/50] Scraping: BETTWS AND GWENT COMMUNITY INTEREST COMPANY (Co #8547343)
2026-10-06 14:43:48,727 [INFO]       Appointed Officer: BERRY, Simon (Director)
2026-10-06 14:43:48,727 [INFO]       Address:          Roko Health Club Wilford Lane, West Bridgford, Nottingham, NG2 7RN
2026-10-06 14:43:49,818 [INFO] [  5/50] Scraping: FLUTTERBUGS CIC (Co #8547644)
2026-10-06 14:43:51,250 [INFO]       Appointed Officer: ASHLEY, Stacey Louise Annetta (Secretary)
2026-10-06 14:43:51,251 [INFO]       Address:          Kingsway Community Centre Thatcham Avenue Kingsway, Quedgeley, Gloucester, GL2 2GT
2026-10-06 14:43:52,356 [INFO] [  6/50] Scraping: T-FEST CIC (Co #8554296)
2026-10-06 14:43:54,052 [INFO]       Appointed Officer: MADIN, Stephen John (Director)
2026-10-06 14:43:54,052 [INFO]       Address:          58 Sunderland Street, Tickhill, Doncaster, South Yorkshire, DN11 9QJ
2026-10-06 14:43:55,166 [INFO] [  7/50] Scraping: POP UP PENZANCE CIC (Co #8589111)
2026-10-06 14:43:56,715 [INFO]       Appointed Officer: MARTIN, Rachel (Director)
2026-10-06 14:43:56,715 [INFO]       Address:          6 Wellington Place, Penzance, Cornwall, TR18 4SR
2026-10-06 14:43:57,777 [INFO] [  8/50] Scraping: LIVERPOOL REPTILE RESCUE C.I.C. (Co #8600529)
2026-10-06 14:43:59,355 [INFO]       Appointed Officer: SQUIRES, Susanne (Secretary)
2026-10-06 14:43:59,355 [INFO]       Address:          37 Dumbrees Road, Liverpool, England, L12 6RB
2026-10-06 14:44:00,485 [INFO] [  9/50] Scraping: JIMMY & JACK CIC (Co #8599281)
2026-10-06 14:44:01,958 [INFO]       Appointed Officer: JOHNSON, Philip Richard (Director)
2026-10-06 14:44:01,958 [INFO]       Address:          7 Dodgewell Close, Blackwell, Alfreton, England, DE55 5BH
2026-10-06 14:44:03,057 [INFO] [ 10/50] Scraping: WEALDEN BUS ALLIANCE C.I.C. (Co #8601350)
2026-10-06 14:44:04,602 [INFO]       Appointed Officer: DODE-ANGEL, Margaret (Secretary)
2026-10-06 14:44:04,602 [INFO]       Address:          Council Offices, Vicarage Lane, Hailsham, East Sussex, BN27 2AX
2026-10-06 14:44:05,710 [INFO] [ 11/50] Scraping: ABC SUPPORTED ACCOMMODATION COMMUNITY INTEREST COMPANY (Co #8603107)
2026-10-06 14:44:07,140 [INFO]       Appointed Officer: SMITH, Jean (Director)
2026-10-06 14:44:07,140 [INFO]       Address:          Hales Court, Stourbridge Road, Halesowen, England, B63 3TT
2026-10-06 14:44:08,239 [INFO] [ 12/50] Scraping: COMMUNITY GOLF CIC (Co #8383800)
2026-10-06 14:44:09,939 [INFO]       Appointed Officer: BAKKER, Marjon (Director)
2026-10-06 14:44:09,939 [INFO]       Address:          1 Marden Manor 1 The Crescent, Woldingham, Caterham, England, CR3 7DB
2026-10-06 14:44:11,021 [INFO] [ 13/50] Scraping: BLACK ROLE MODELS UK CIC (Co #8420645)
2026-10-06 14:44:12,378 [INFO]       Appointed Officer: CHUKWU, Kate (Director)
2026-10-06 14:44:12,378 [INFO]       Address:          237 Western Avenue, Dagenham, Essex, RM10 8UL
2026-10-06 14:44:13,449 [INFO] [ 14/50] Scraping: CORE DRUG AND ALCOHOL TRAINING AND CONSULTANCY SERVICES COMMUNITY INTEREST COMPANY (Co #8446321)
2026-10-06 14:44:14,915 [INFO]       Appointed Officer: CHARLTON, George Blackwood (Director)
2026-10-06 14:44:14,916 [INFO]       Address:          36 Hilltop Road, Bearpark, Co Durham, DH7 7TA
2026-10-06 14:44:16,016 [INFO] [ 15/50] Scraping: WETWHEELS (GUNWHARF) CIC (Co #8451362)
2026-10-06 14:44:17,509 [INFO]       Appointed Officer: FISHER, Martin (Director)
2026-10-06 14:44:17,510 [INFO]       Address:          The Victory, Gunwharf Management Offices, Portsmouth, Hampshire, PO1 3TZ
2026-10-06 14:44:18,613 [INFO] [ 16/50] Scraping: SOCIAL ENTERPRISE ACROSS THE MOORLANDS CIC (Co #6778695)
2026-10-06 14:44:20,167 [INFO]       Appointed Officer: ALLBUTT, Kevin Stuart (Director)
2026-10-06 14:44:20,167 [INFO]       Address:          6 Portland Road, Stoke-On-Trent, England, ST3 1EW
2026-10-06 14:44:21,238 [INFO] [ 17/50] Scraping: GAP UNIT COMMUNITY INTEREST COMPANY (Co #6794667)
2026-10-06 14:44:22,945 [INFO]       Appointed Officer: BERRY, Hannah (Director)
2026-10-06 14:44:22,945 [INFO]       Address:          Unit 1 41 Old Birley Street, Manchester, M15 5RF
2026-10-06 14:44:24,039 [INFO] [ 18/50] Scraping: COMMUNITY ID C.I.C. (Co #6813229)
2026-10-06 14:44:25,614 [INFO]       Appointed Officer: HODGETTS, Ian David (Director)
2026-10-06 14:44:25,614 [INFO]       Address:          Wheeler Nichols, 41 Bath Road, Swindon, SN1 4AS
2026-10-06 14:44:26,686 [INFO] [ 19/50] Scraping: WALTHAM FOREST ORAL HISTORY WORKSHOP COMMUNITY INTEREST COMPANY (Co #6811906)
2026-10-06 14:44:28,164 [INFO]       Appointed Officer: CUSTANCE, Michael Denys (Director)
2026-10-06 14:44:28,164 [INFO]       Address:          19 Bushwood, London, E11 3BN
2026-10-06 14:44:29,232 [INFO] [ 20/50] Scraping: SAIL BOAT PROJECT COMMUNITY INTEREST COMPANY (Co #6821730)
2026-10-06 14:44:30,633 [INFO]       Appointed Officer: SHERIDAN, Geoff David (Secretary)
2026-10-06 14:44:30,634 [INFO]       Address:          130 Hollingbury Park Avenue, Brighton, West Sussex, BN1 7JP
2026-10-06 14:44:31,710 [INFO] [ 21/50] Scraping: NUNEATON DROP-IN CENTRE 2009 COMMUNITY INTEREST COMPANY (Co #6844191)
2026-10-06 14:44:33,089 [INFO]       Appointed Officer: BIDMEAD, Patricia Doreen, Dr (Secretary)
2026-10-06 14:44:33,089 [INFO]       Address:          29 Dempster Court Church Street, Nuneaton, Warwickshire, CV11 4AT
2026-10-06 14:44:34,170 [INFO] [ 22/50] Scraping: CERT FOUNDATION CIC (Co #6851631)
2026-10-06 14:44:35,643 [INFO]       Appointed Officer: KEIGHTLEY, Richard John (Secretary)
2026-10-06 14:44:35,644 [INFO]       Address:          Waters Edge Business Centre, Maltkiln Road, Barton-Upon-Humber, England, DN18 5JR
2026-10-06 14:44:36,714 [INFO] [ 23/50] Scraping: RAINBOW PRE SCHOOL AND NURSERY CIC (Co #6882616)
2026-10-06 14:44:38,206 [INFO]       Appointed Officer: WADDOCK, Jacqui (Secretary)
2026-10-06 14:44:38,206 [INFO]       Address:          26-28 Goodall Street, Walsall, West Midlands, WS1 1QL
2026-10-06 14:44:39,277 [INFO] [ 24/50] Scraping: PANTSMATTERS COMMUNITY INTEREST COMPANY (Co #6922641)
2026-10-06 14:44:40,891 [INFO]       Appointed Officer: PRESTON, Jeannette Elaine (Secretary)
2026-10-06 14:44:40,891 [INFO]       Address:          Waterside House, Falmouth Road, Penryn, England, TR10 8BE
2026-10-06 14:44:41,957 [INFO] [ 25/50] Scraping: AMP AND DECK COMMUNITY INTEREST COMPANY (Co #6924306)
2026-10-06 14:44:43,467 [INFO]       Appointed Officer: CHAPPELL, Victoria Sally (Secretary)
2026-10-06 14:44:43,468 [INFO]       Address:          27 Kingfisher Road Kingfisher Road, Bury St. Edmunds, England, IP32 7GA
2026-10-06 14:44:44,551 [INFO] [ 26/50] Scraping: THE LLANDOVERY PARTNERSHIP CIC (Co #8374403)
2026-10-06 14:44:46,087 [INFO]       Appointed Officer: WALKER, Fiona (Secretary)
2026-10-06 14:44:46,087 [INFO]       Address:          14 Kings Road, Llandovery, Carmarthenshire, Wales, SA20 0AW
2026-10-06 14:44:47,167 [INFO] [ 27/50] Scraping: INVENTING FUTURES (IF) C.I.C. (Co #8388535)
2026-10-06 14:44:48,499 [INFO]       Appointed Officer: STRAW, Michael John Sorby (Director)
2026-10-06 14:44:48,499 [INFO]       Address:          The West Barn Sullis Down Business Village, South Stoke Lane, Bath, England, BA2 7PQ
2026-10-06 14:44:50,069 [INFO] [ 28/50] Scraping: MOMENTARY ART PROJECT C.I.C. (Co #8443469)
2026-10-06 14:44:51,521 [INFO]       Appointed Officer: DODDS, Susan (Director)
2026-10-06 14:44:51,521 [INFO]       Address:          13 Pier House Tower Promenade, New Brighton, Wallasey, Wirral, England, CH45 2JY
2026-10-06 14:44:53,590 [INFO] [ 29/50] Scraping: ENTERPRISE INSPIRATION CIC (Co #8446257)
2026-10-06 14:44:55,142 [INFO]       Appointed Officer: CARDOE, Peter (Director)
2026-10-06 14:44:55,143 [INFO]       Address:          59 Grays Road, Slough, SL1 3QG
2026-10-06 14:44:57,208 [INFO] [ 30/50] Scraping: MSH HEALTH & WELLBEING COMMUNITY INTEREST COMPANY (Co #8532529)
2026-10-06 14:44:58,661 [INFO]       Appointed Officer: GAFFNEY, Justin (Director)
2026-10-06 14:44:58,661 [INFO]       Address:          61a Fermoy Road, London, England, W9 3NJ
2026-10-06 14:45:00,728 [INFO] [ 31/50] Scraping: JAPANESE FESTIVAL C.I.C. (Co #8556526)
2026-10-06 14:45:01,979 [INFO]       Appointed Officer: JONES, Karl Donald (Director)
2026-10-06 14:45:01,979 [INFO]       Address:          44 Grand Parade, Brighton, England, BN2 9QA
2026-10-06 14:45:04,051 [INFO] [ 32/50] Scraping: ACENDO COMMUNITY INTEREST COMPANY (Co #8565209)
2026-10-06 14:45:05,674 [INFO]       Appointed Officer: AGBOOLA, Fashade (Director)
2026-10-06 14:45:05,674 [INFO]       Address:          62 Old School Place, Croydon, England, CR0 4GA
2026-10-06 14:45:07,764 [INFO] [ 33/50] Scraping: NORTHWEST DESIGN WORKS C.I.C. (Co #8567614)
2026-10-06 14:45:09,280 [INFO]       Appointed Officer: BEARDMORE, Carla Margaret (Director)
2026-10-06 14:45:09,280 [INFO]       Address:          99 Stanley Road, Bootle, England, L20 7DA
2026-10-06 14:45:11,438 [INFO] [ 34/50] Scraping: FIT TO BURST CIC (Co #8569702)
2026-10-06 14:45:12,790 [INFO]       Appointed Officer: TORTORA, Rebecca Zoe (Director)
2026-10-06 14:45:12,790 [INFO]       Address:          103 High Street, Waltham Cross, Hertfordshire, England, EN8 7AN
2026-10-06 14:45:14,857 [INFO] [ 35/50] Scraping: THE BUSINESS CLINIC ORGANISATION CIC (Co #8569447)
2026-10-06 14:45:16,250 [INFO]       Appointed Officer: DKLJ LIMITED (Secretary)
2026-10-06 14:45:16,250 [INFO]       Address:          Strawberry Fields Digital Hub, Euxton Lane, Chorley, England, PR7 1PS
2026-10-06 14:45:18,324 [INFO] [ 36/50] Scraping: NETWORK RIDER COMMUNITY INTEREST COMPANY (Co #8460787)
2026-10-06 14:45:19,867 [INFO]       Appointed Officer: KOC UMMAVASSE, Sevim (Director)
2026-10-06 14:45:19,868 [INFO]       Address:          8 Nutwood Close, Bedford, Bedfordshire, MK41 0AY
2026-10-06 14:45:21,979 [INFO] [ 37/50] Scraping: SOUTH TYNESIDE LIFESTYLE CHOICES C.I.C. (Co #8476355)
2026-10-06 14:45:23,444 [INFO]       Appointed Officer: GRAHAM, Claire Zowie (Director)
2026-10-06 14:45:23,444 [INFO]       Address:          34 Brisbane Avenue, South Shields, England, NE34 9DN
2026-10-06 14:45:25,518 [INFO] [ 38/50] Scraping: CHINARA EVENTS CIC (Co #8520003)
2026-10-06 14:45:27,019 [INFO]       Appointed Officer: BROWN, Stephanie (Director)
2026-10-06 14:45:27,019 [INFO]       Address:          17 Parkfield Road, Rainham, Gillingham, England, ME8 7SY
2026-10-06 14:45:29,086 [INFO] [ 39/50] Scraping: EQUALITEACH C.I.C. (Co #8523414)
2026-10-06 14:45:30,507 [INFO]       Appointed Officer: GOODYEAR, Lucy Victoria Ann (Director)
2026-10-06 14:45:30,507 [INFO]       Address:          Suite 11, Davey House St. Neots Road, Eaton Ford, St. Neots, England, PE19 7BA
2026-10-06 14:45:32,589 [INFO] [ 40/50] Scraping: MOOR SUSTAINABLE CIC (Co #8524656)
2026-10-06 14:45:33,982 [INFO]       Appointed Officer: CHURLEY, Clare Elizabeth (Director)
2026-10-06 14:45:33,982 [INFO]       Address:          Heatherley Dikes Lane, Great Ayton, Middlesbrough, North Yorkshire, TS9 6HG
2026-10-06 14:45:36,057 [INFO] [ 41/50] Scraping: BOWERCHALKE MARKET ASSOCIATION CIC (Co #8335105)
2026-10-06 14:45:37,583 [INFO]       Appointed Officer: LONCAR, Laura Alison (Secretary)
2026-10-06 14:45:37,583 [INFO]       Address:          Suite 13 Enterprise House Boathouse Meadow Business Park, Cherry Orchard Lane, Salisbury, Wiltshire, SP2 7LD
2026-10-06 14:45:39,683 [INFO] [ 42/50] Scraping: FOUR AND TWENTY ARTS C.I.C. (Co #8336208)
2026-10-06 14:45:41,114 [INFO]       Appointed Officer: BIELSTEIN, Jonathan Paul (Director)
2026-10-06 14:45:41,114 [INFO]       Address:          25 Aston Street, Wem, Shrewsbury, Shropshire, United Kingdom, SY4 5AY
2026-10-06 14:45:43,184 [INFO] [ 43/50] Scraping: APEX ARTS C.I.C. (Co #8365398)
2026-10-06 14:45:44,634 [INFO]       Appointed Officer: CALLIS, Jacqueline Joan (Director)
2026-10-06 14:45:44,634 [INFO]       Address:          12 Coach Lane, Redruth, Cornwall, TR15 2TP
2026-10-06 14:45:46,699 [INFO] [ 44/50] Scraping: NATURAL NURTURE COMMUNITY INTEREST COMPANY (Co #8330215)
2026-10-06 14:45:48,213 [INFO]       Appointed Officer: POULTON, Tracey Ruth (Director)
2026-10-06 14:45:48,213 [INFO]       Address:          Myrtle House, High Street, Henfield, West Sussex, BN5 9DA
2026-10-06 14:45:50,297 [INFO] [ 45/50] Scraping: RING A RAINBOW CIC (Co #8332336)
2026-10-06 14:45:51,770 [INFO]       Appointed Officer: GIFFORD, Angela Marie (Director)
2026-10-06 14:45:51,770 [INFO]       Address:          69 Chorley Road, Standish, Wigan, Lancashire, WN1 2SS
2026-10-06 14:45:53,839 [INFO] [ 46/50] Scraping: GLASSBOX MEDIA CIC (Co #8346221)
2026-10-06 14:45:55,071 [INFO]       Appointed Officer: JONES, Sarah (Secretary)
2026-10-06 14:45:55,071 [INFO]       Address:          5 Meadowlands, Kirton, Ipswich, Suffolk, IP10 0PP
2026-10-06 14:45:57,165 [INFO] [ 47/50] Scraping: BLACK COMBE (WHICHAM) COMMUNITY INTEREST COMPANY (Co #9081925)
2026-10-06 14:45:58,672 [INFO]       Appointed Officer: CUMMING, Margaret Montgomery (Director)
2026-10-06 14:45:58,672 [INFO]       Address:          Cross House Main Street, Silecroft, Millom, England, LA18 4NR
2026-10-06 14:46:00,772 [INFO] [ 48/50] Scraping: SHEFFIELD COMMUNITY FOUNDATION CIC (Co #9132342)
2026-10-06 14:46:02,549 [INFO]       Appointed Officer: EVANS, Bryn Anthony (Secretary)
2026-10-06 14:46:02,549 [INFO]       Address:          2a Sussex Road, Chapeltown, Sheffield, South Yorkshire, England, S35 2XQ
2026-10-06 14:46:04,638 [INFO] [ 49/50] Scraping: UNIVERSAL ROOTS COMMUNITY INTEREST COMPANY (Co #9133926)
2026-10-06 14:46:05,903 [INFO]       Appointed Officer: EMMINS, Francoise-Jean Lavern (Director)
2026-10-06 14:46:05,903 [INFO]       Address:          1386 London Road, Leigh On Sea, Essex, SS9 2UJ
2026-10-06 14:46:08,016 [INFO] [ 50/50] Scraping: LEARN TO HOPE CIC (Co #9227401)
2026-10-06 14:46:09,396 [INFO]       Appointed Officer: TAYLOR, Sean (Director)
2026-10-06 14:46:09,396 [INFO]       Address:          No 4 Castle Court 2, Castlegate Way, Dudley, West Midlands, DY1 4RH
2026-10-06 14:46:11,495 [INFO] ================================================================================
2026-10-06 14:46:11,495 [INFO] BATCH FINISHED: Processed 50 companies in 154.1s.
2026-10-06 14:46:11,495 [INFO] Total Cumulative Enriched: 2382 companies.
2026-10-06 14:46:11,495 [INFO] Updated CSV: enriched_uk_companies.csv
2026-10-06 14:46:11,495 [INFO] Updated Log: scraper.log
2026-10-06 14:46:11,495 [INFO] ================================================================================
2026-10-06 20:46:51,675 [INFO] ================================================================================
2026-10-06 20:46:51,675 [INFO] STARTING PRODUCTION UK COMPANIES HOUSE CONTACT SCRAPER
2026-10-06 20:46:51,675 [INFO] ================================================================================
2026-10-06 20:46:51,675 [INFO] Input Dataset:  Companies-House-search-results.csv
2026-10-06 20:46:51,675 [INFO] Output Dataset: enriched_uk_companies.csv
2026-10-06 20:46:51,675 [INFO] Batch Size:     50
2026-10-06 20:46:51,687 [INFO] Already processed in previous runs: 2382 companies
2026-10-06 20:46:51,708 [INFO] Total remaining companies to scrape: 2618
2026-10-06 20:46:51,708 [INFO] Processing next batch of 50 companies...

2026-10-06 20:46:51,708 [INFO] [  1/50] Scraping: SPORTS ACTIVE COACHING COMMUNITIES C.I.C. (Co #9227265)
2026-10-06 20:46:53,300 [INFO]       Appointed Officer: COATES, Heather Jane (Director)
2026-10-06 20:46:53,300 [INFO]       Address:          906a C/O Purley Youth Club, Brighton Road, Purley, England, CR8 2LN
2026-10-06 20:46:57,790 [INFO]    [PHONE]   01302 315235
2026-10-06 20:46:57,790 [INFO]    [EMAIL]   info@activecomm.co.uk
2026-10-06 20:46:57,790 [INFO]    [WEBSITE] https://activecomm.co.uk/home-2/
2026-10-06 20:46:58,791 [INFO] [  2/50] Scraping: TRACK 0 CIC (Co #9240015)
2026-10-06 20:47:00,416 [INFO]       Appointed Officer: YAMIN, Farhana (Director)
2026-10-06 20:47:00,416 [INFO]       Address:          13 Boscastle Road, London, England, NW5 1EE
2026-10-06 20:47:01,673 [INFO] [  3/50] Scraping: NORTH NOTTINGHAMSHIRE C.I.C. (Co #9248744)
2026-10-06 20:47:03,612 [INFO]       Appointed Officer: ARMIGER, David Andrew (Director)
2026-10-06 20:47:03,612 [INFO]       Address:          Queens Buildings, Potter Street, Worksop, England, S80 2AH
2026-10-06 20:47:04,879 [INFO] [  4/50] Scraping: CHESHIRE STREETWISE CIC (Co #9248704)
2026-10-06 20:47:06,601 [INFO]       Appointed Officer: FALCONER DREW-TAYLOR, Margaret-Anne Anne (Director)
2026-10-06 20:47:06,601 [INFO]       Address:          21 Ashton Avenue, Whirley, Macclesfield, Cheshire, SK10 3PY
2026-10-06 20:47:07,859 [INFO] [  5/50] Scraping: KAZIMIER PRODUCTIONS C.I.C. (Co #9285050)
2026-10-06 20:47:09,567 [INFO]       Appointed Officer: LEWIS, Holly Viola (Secretary)
2026-10-06 20:47:09,567 [INFO]       Address:          Trafford House Chester Road, Old Trafford, Manchester, M32 0RS
2026-10-06 20:47:10,858 [INFO] [  6/50] Scraping: THE DELL CAFE C.I.C. (Co #9030581)
2026-10-06 20:47:12,536 [INFO]       Appointed Officer: REASBECK, Stephen Richard (Director)
2026-10-06 20:47:12,537 [INFO]       Address:          4 Leeming Court, Bawtry, Doncaster, England, DN10 6XF
2026-10-06 20:47:13,795 [INFO] [  7/50] Scraping: JENGA TRAINING C.I.C. (Co #9033097)
2026-10-06 20:47:15,540 [INFO]       Appointed Officer: CROSS, Gaynor (Director)
2026-10-06 20:47:15,540 [INFO]       Address:          The Acorn Centre; Jenga Training C.I.C High Street, Grimethorpe, Barnsley, South Yorkshire, England, S72 7BB
2026-10-06 20:47:16,803 [INFO] [  8/50] Scraping: WHAG COMMUNITY ENTERPRISES CIC (Co #9033067)
2026-10-06 20:47:18,582 [INFO]       Appointed Officer: MERLO, Lucy (Secretary)
2026-10-06 20:47:18,582 [INFO]       Address:          185 Drake Street, Rochdale, England, OL11 1EF
2026-10-06 20:47:19,846 [INFO] [  9/50] Scraping: OWF PRESS COMMUNITY INTEREST COMPANY (Co #9048859)
2026-10-06 20:47:21,549 [INFO]       Appointed Officer: KITSEN, Jane (Director)
2026-10-06 20:47:21,549 [INFO]       Address:          Otley Courthouse, Courthouse Street, Otley, West Yorkshire, England, LS21 3AN
2026-10-06 20:47:22,809 [INFO] [ 10/50] Scraping: TRUSTED SPORT FOUNDATION C.I.C. (Co #9064524)
2026-10-06 20:47:24,539 [INFO]       Appointed Officer: HAMAD A HANZAB, Mohammed (Director)
2026-10-06 20:47:24,539 [INFO]       Address:          148 West Green Road, London, N15 5AE
2026-10-06 20:47:25,797 [INFO] [ 11/50] Scraping: THE WARM AGE WOOD COMPANY C.I.C. (Co #9174634)
2026-10-06 20:47:27,582 [INFO]       Appointed Officer: O'CONNOR, Gerardine (Secretary)
2026-10-06 20:47:27,582 [INFO]       Address:          Chapel Cottage 22a, Newgate, Barnard Castle, County Durham, England, DL12 8NG
2026-10-06 20:47:28,849 [INFO] [ 12/50] Scraping: POINT THREE C.I.C. (Co #9206158)
2026-10-06 20:47:30,444 [INFO]       Appointed Officer: WATTS, Carol Denise (Director)
2026-10-06 20:47:30,444 [INFO]       Address:          9 High Street, Wellington, Somerset, TA21 8QT
2026-10-06 20:47:31,720 [INFO] [ 13/50] Scraping: THE ZITO PARTNERSHIP CIC (Co #9216611)
2026-10-06 20:47:33,470 [INFO]       Appointed Officer: BENNETT, Scott Nicholas (Director)
2026-10-06 20:47:33,470 [INFO]       Address:          21 Landerslee Drive, Truro, England, TR1 3GF
2026-10-06 20:47:34,730 [INFO] [ 14/50] Scraping: EYRIE PRESS CIC (Co #9038103)
2026-10-06 20:47:36,485 [INFO]       Appointed Officer: JOHNSON, David Michael (Director)
2026-10-06 20:47:36,485 [INFO]       Address:          March Town Hall, Market Place, March, Cambridgeshire, PE15 9JF
2026-10-06 20:47:37,740 [INFO] [ 15/50] Scraping: LOCAL SCHOOLS NETWORK C.I.C. (Co #9040196)
2026-10-06 20:47:39,463 [INFO]       Appointed Officer: BENN, Melissa (Director)
2026-10-06 20:47:39,463 [INFO]       Address:          Studio 210 134-146 Curtain Road, London, England, EC2A 3AR
2026-10-06 20:47:40,737 [INFO] [ 16/50] Scraping: ATTICO ART CENTRE C.I.C. (Co #9052743)
2026-10-06 20:47:42,330 [INFO]       Appointed Officer: HORN, Narotam (Secretary)
2026-10-06 20:47:42,330 [INFO]       Address:          The Spinney Grange Lane, Letchmore Heath, Watford, England, WD25 8EA
2026-10-06 20:47:43,612 [INFO] [ 17/50] Scraping: INCLUSIVE TRAINING AND SHARING KNOWLEDGE - ITASK CIC (Co #9062456)
2026-10-06 20:47:45,292 [INFO]       Appointed Officer: THOMAS, Richard Raymond (Director)
2026-10-06 20:47:45,292 [INFO]       Address:          Zeidman & Davis Zeidman & Davis, 4 Station Terrace, Caerphilly, Wales, CF83 1HD
2026-10-06 20:47:46,551 [INFO] [ 18/50] Scraping: WORLD ORGANIC INDUSTRY DEVELOPMENT & COOPERATION ORGANIZATION C.I.C. (Co #9071336)
2026-10-06 20:47:48,148 [INFO]       Appointed Officer: CHEN, Chen, President (Director)
2026-10-06 20:47:48,148 [INFO]       Address:          PO Box 4385, 09071336: COMPANIES HOUSE DEFAULT ADDRESS, Cardiff, CF14 8LH
2026-10-06 20:47:49,423 [INFO] [ 19/50] Scraping: CULTURE ACTION LLANDUDNO C.I.C. (Co #9152494)
2026-10-06 20:47:51,178 [INFO]       Appointed Officer: COCKRILL, Sabine Brigitte (Director)
2026-10-06 20:47:51,178 [INFO]       Address:          Mostyn Court, 2 Mostyn Street, Llandudno, Conwy, LL30 2PS
2026-10-06 20:47:52,443 [INFO] [ 20/50] Scraping: 1 LOVE COMMUNITY C.I.C. (Co #9176855)
2026-10-06 20:47:54,183 [INFO]       Appointed Officer: CLEGHORN, Calise Camille (Secretary)
2026-10-06 20:47:54,183 [INFO]       Address:          Robert Day And Company Limited The Old Library, The Walk, Winslow, Buckingham, MK18 3AJ
2026-10-06 20:47:55,444 [INFO] [ 21/50] Scraping: PGS-CREATIVE C.I.C. (Co #9181073)
2026-10-06 20:47:57,192 [INFO]       Appointed Officer: AJOSE, Olushola Oluwaseun (Director)
2026-10-06 20:47:57,192 [INFO]       Address:          Flat 3 Bell House, Hurst Lane, Abbeywood, London, United Kingdom, SE2 0QF
2026-10-06 20:47:58,449 [INFO] [ 22/50] Scraping: BARROW AFC COMMUNITY SPORTS C.I.C. (Co #9214380)
2026-10-06 20:48:00,260 [INFO]       Appointed Officer: CULL, Michael (Director)
2026-10-06 20:48:00,260 [INFO]       Address:          Holker Street Stadium, Wilkie Road, Barrow In Furness, Cumbria, LA14 5UW
2026-10-06 20:48:01,522 [INFO] [ 23/50] Scraping: GAINSBOROUGH COMMUNITY HOTEL C.I.C. (Co #9114881)
2026-10-06 20:48:03,242 [INFO]       Appointed Officer: HARRISON, Peter David (Director)
2026-10-06 20:48:03,243 [INFO]       Address:          Wright Vigar Limited, Britannia House, Marshalls Yard, Gainsborough, Lincolnshire, England, DN21 2NA
2026-10-06 20:48:04,525 [INFO] [ 24/50] Scraping: HOUSE MATCH CIC (Co #9117445)
2026-10-06 20:48:06,238 [INFO]       Appointed Officer: CAMERON, Duncan Russell (Director)
2026-10-06 20:48:06,238 [INFO]       Address:          5 Clayton Court, Duke Street, Chester, CH1 1NE
2026-10-06 20:48:07,512 [INFO] [ 25/50] Scraping: DUDLEY PRE-SCHOOL COMMUNITY INTEREST COMPANY (Co #9123401)
2026-10-06 20:48:09,077 [INFO]       Appointed Officer: WEIGHTMAN, Julie (Director)
2026-10-06 20:48:09,077 [INFO]       Address:          16 Waverton Close, Cramlington, Northumberland, NE23 6PF
2026-10-06 20:48:10,353 [INFO] [ 26/50] Scraping: ACADEMY FOR RECOVERY COACHING C.I.C. (Co #9127524)
2026-10-06 20:48:12,066 [INFO]       Appointed Officer: ANSTISS, Timothy John (Director)
2026-10-06 20:48:12,067 [INFO]       Address:          33 Appledore Avenue, Nottingham, England, NG8 2RL
2026-10-06 20:48:13,336 [INFO] [ 27/50] Scraping: BEAUTIFUL IDEAS COMPANY (NORTH) CIC (Co #9138025)
2026-10-06 20:48:15,067 [INFO]       Appointed Officer: MCGOWAN, Gemma Louise (Secretary)
2026-10-06 20:48:15,067 [INFO]       Address:          19 Devonshire Road, Princes Park, Liverpool, L8 3TX
2026-10-06 20:48:16,806 [INFO] [ 28/50] Scraping: MUSTARD WORKS C.I.C. (Co #9219320)
2026-10-06 20:48:18,392 [INFO]       Appointed Officer: CALVERT, Matthew (Director)
2026-10-06 20:48:18,392 [INFO]       Address:          9 Chapel Close  River Lane, Watersfield, Pulborough, England, RH20 1SA
2026-10-06 20:48:20,597 [INFO] [ 29/50] Scraping: A MOTHER'S PLACE CIC (Co #9235429)
2026-10-06 20:48:22,244 [INFO]       Appointed Officer: ARCHIBALD, Charlotte (Secretary)
2026-10-06 20:48:22,244 [INFO]       Address:          43 Augusta Crescent, Penarth, Wales, CF64 5RL
2026-10-06 20:48:24,452 [INFO] [ 30/50] Scraping: COLLEGE HOUSE AFTER SCHOOL CLUB CIC (Co #9255237)
2026-10-06 20:48:26,232 [INFO]       Appointed Officer: DAVIES, Thomas Hugh Jenkin (Secretary)
2026-10-06 20:48:26,232 [INFO]       Address:          The Lanes Primary School Cator Lane, Beeston, Nottingham, England, NG9 4BB
2026-10-06 20:48:28,437 [INFO] [ 31/50] Scraping: IMAGINE NORTHWEST C.I.C. (Co #9257457)
2026-10-06 20:48:29,993 [INFO]       Appointed Officer: BERESFORD, Eve (Secretary)
2026-10-06 20:48:29,993 [INFO]       Address:          Murley Moss Business Park, Oxenholme Road, Kendal, Cumbria, LA9 7RL
2026-10-06 20:48:32,195 [INFO] [ 32/50] Scraping: WISEDOM CARDS C.I.C. (Co #9257784)
2026-10-06 20:48:33,825 [INFO]       Appointed Officer: YOUNG, Everton Stewart (Director)
2026-10-06 20:48:33,825 [INFO]       Address:          19 Kirkstall Avenue, Tottenham, London, N17 6PH
2026-10-06 20:48:36,024 [INFO] [ 33/50] Scraping: 3RD SECTOR REAL ESTATE CIC (Co #9272267)
2026-10-06 20:48:37,851 [INFO]       Appointed Officer: MILES, Jason Leslie (Director)
2026-10-06 20:48:37,851 [INFO]       Address:          Jubilee Business Centre, 11 Ashford Road, Maidstone, Kent, England, ME14 5DA
2026-10-06 20:48:40,060 [INFO] [ 34/50] Scraping: FERAL STUDIO (SW) CIC (Co #8936225)
2026-10-06 20:48:41,814 [INFO]       Appointed Officer: GEE, Anthony Julian (Director)
2026-10-06 20:48:41,814 [INFO]       Address:          8 Shadwell Court, Shadwell Court, Wincanton, Somerset, England, BA9 9AQ
2026-10-06 20:48:44,039 [INFO] [ 35/50] Scraping: SHOALSTONE POOL C.I.C. (Co #8946499)
2026-10-06 20:48:45,985 [INFO]       Appointed Officer: STOCK, Jessica Mary (Secretary)
2026-10-06 20:48:45,985 [INFO]       Address:          Brixham Town Hall, New Road, Brixham, Devon, TQ5 8TA
2026-10-06 20:48:48,206 [INFO] [ 36/50] Scraping: MYMARC COMMUNITY INTEREST COMPANY (Co #8963595)
2026-10-06 20:48:49,896 [INFO]       Appointed Officer: MILLER, Alice Iliffe (Director)
2026-10-06 20:48:49,896 [INFO]       Address:          70 Cobden Road, Brighton, England, BN2 9TJ
2026-10-06 20:48:52,099 [INFO] [ 37/50] Scraping: AUTISM TRANSPORTERS CIC (Co #8966120)
2026-10-06 20:48:53,706 [INFO]       Appointed Officer: BARON-COHEN, Simon Philip, Prof (Director)
2026-10-06 20:48:53,706 [INFO]       Address:          Douglas House, 18b, Trumpington Road, Cambridge, England, CB2 8AH
2026-10-06 20:48:55,920 [INFO] [ 38/50] Scraping: ELATUS SPORTS C.I.C. (Co #8762308)
2026-10-06 20:48:57,540 [INFO]       Appointed Officer: ABBOTT, Matthew David (Director)
2026-10-06 20:48:57,540 [INFO]       Address:          39 Buttercombe Close, Ogwell, Newton Abbot, England, TQ12 6YD
2026-10-06 20:48:59,739 [INFO] [ 39/50] Scraping: EUXTON PRE-SCHOOL CIC (Co #9454121)
2026-10-06 20:49:01,500 [INFO]       Appointed Officer: FISH, Nicholas (Director)
2026-10-06 20:49:01,500 [INFO]       Address:          Euxton Parish Community Centre Wigan Road, Euxton, Chorley, Lancashire, PR7 6JH
2026-10-06 20:49:03,698 [INFO] [ 40/50] Scraping: REFLECT THERAPEUTIC SERVICES CIC (Co #9481046)
2026-10-06 20:49:05,455 [INFO]       Appointed Officer: HARRIS, Mandy (Director)
2026-10-06 20:49:05,456 [INFO]       Address:          10 Broad O Th Lane, Shevington, Wigan, England, WN6 8EA
2026-10-06 20:49:07,659 [INFO] [ 41/50] Scraping: CHINDI AUTHORS CIC (Co #9481286)
2026-10-06 20:49:09,494 [INFO]       Appointed Officer: CHRISTMAS, Helen (Director)
2026-10-06 20:49:09,494 [INFO]       Address:          5 Davenport Road, Bognor Regis, England, PO22 7JP
2026-10-06 20:49:11,694 [INFO] [ 42/50] Scraping: PHILOSOPHY FOR CHILDREN C.I.C. (Co #9489162)
2026-10-06 20:49:13,414 [INFO]       Appointed Officer: LEIGHT, Catherine Elizabeth (Director)
2026-10-06 20:49:13,415 [INFO]       Address:          9 Glenmore Avenue, Mossley Hill, Liverpool, Merseyside, L18 4QE
2026-10-06 20:49:15,616 [INFO] [ 43/50] Scraping: BROOK FARM EQUESTRIAN CLUB CIC (Co #9490808)
2026-10-06 20:49:17,399 [INFO]       Appointed Officer: SHERRY, Heather (Director)
2026-10-06 20:49:17,399 [INFO]       Address:          Brook Farm, Stapleford Road, Stapleford Abbotts, Essex, RM4 1EJ
2026-10-06 20:49:19,605 [INFO] [ 44/50] Scraping: BOUNCE BACK ARTS CIC (Co #9497125)
2026-10-06 20:49:21,319 [INFO]       Appointed Officer: ATTERBURY, Paul Rowley, Dr (Director)
2026-10-06 20:49:21,320 [INFO]       Address:          5, Railway Cottages, Reforne, Portland, England, DT5 2AR
2026-10-06 20:49:23,523 [INFO] [ 45/50] Scraping: VNS PRODUCTIONS C.I.C. (Co #8953240)
2026-10-06 20:49:25,278 [INFO]       Appointed Officer: SINCLAIR, Vanessa (Director)
2026-10-06 20:49:25,278 [INFO]       Address:          Grosvenor House, 11 St. Pauls Square, Birmingham, England, B3 1RB
2026-10-06 20:49:27,482 [INFO] [ 46/50] Scraping: EASTWOOD HANLEY FC CIC (Co #8971499)
2026-10-06 20:49:29,158 [INFO]       Appointed Officer: WILLIAMS, Chris (Director)
2026-10-06 20:49:29,159 [INFO]       Address:          30 Thirlmere Grove, Stoke-On-Trent, Staffordshire, ST3 5HZ
2026-10-06 20:49:31,358 [INFO] [ 47/50] Scraping: COMING OUT UK CIC (Co #9394738)
2026-10-06 20:49:33,018 [INFO]       Appointed Officer: ELLIS, Brooke Chantelle (Director)
2026-10-06 20:49:33,018 [INFO]       Address:          18 Ashford Close, Ashford, England, TW15 3JU
2026-10-06 20:49:35,224 [INFO] [ 48/50] Scraping: MACCLESFIELD SOUTH PARK CIC (Co #9400050)
2026-10-06 20:49:36,950 [INFO]       Appointed Officer: BENNETT, Joanne Ruth, Dr (Director)
2026-10-06 20:49:36,951 [INFO]       Address:          19 Ivy Lane, Macclesfield, Cheshire, SK11 8NR
2026-10-06 20:49:39,158 [INFO] [ 49/50] Scraping: NEFELI EDUCATION COMMUNITY INTEREST COMPANY (Co #9408873)
2026-10-06 20:49:40,916 [INFO]       Appointed Officer: VETTORI, Giancarlo (Director)
2026-10-06 20:49:40,916 [INFO]       Address:          Rona House 223 - 225 Cranbrook Road Cranbrook Road, Ilford, England, IG1 4TF
2026-10-06 20:49:43,121 [INFO] [ 50/50] Scraping: PLYMOUTH ALBION RUGBY COMMUNITY INTEREST COMPANY (Co #9413087)
2026-10-06 20:49:44,920 [INFO]       Appointed Officer: NORRIS, Kevin Christopher (Director)
2026-10-06 20:49:44,920 [INFO]       Address:          The Brickfields 25 Damerel Close, Devonport, Plymouth, Devon, England, PL1 4NE
2026-10-06 20:49:47,165 [INFO] ================================================================================
2026-10-06 20:49:47,165 [INFO] BATCH FINISHED: Processed 50 companies in 175.5s.
2026-10-06 20:49:47,165 [INFO] Total Cumulative Enriched: 2432 companies.
2026-10-06 20:49:47,165 [INFO] Updated CSV: enriched_uk_companies.csv
2026-10-06 20:49:47,165 [INFO] Updated Log: scraper.log
2026-10-06 20:49:47,165 [INFO] ================================================================================
2026-10-07 04:13:41,885 [INFO] ================================================================================
2026-10-07 04:13:41,886 [INFO] STARTING PRODUCTION UK COMPANIES HOUSE CONTACT SCRAPER
2026-10-07 04:13:41,886 [INFO] ================================================================================
2026-10-07 04:13:41,886 [INFO] Input Dataset:  Companies-House-search-results.csv
2026-10-07 04:13:41,886 [INFO] Output Dataset: enriched_uk_companies.csv
2026-10-07 04:13:41,886 [INFO] Batch Size:     50
2026-10-07 04:13:41,892 [INFO] Already processed in previous runs: 2432 companies
2026-10-07 04:13:41,903 [INFO] Total remaining companies to scrape: 2568
2026-10-07 04:13:41,904 [INFO] Processing next batch of 50 companies...

2026-10-07 04:13:41,904 [INFO] [  1/50] Scraping: SUPPORTIVESTEM COMMUNITY GROWTH CIC (Co #9425104)
2026-10-07 04:13:43,431 [INFO]       Appointed Officer: DELANEY, Michelle (Director)
2026-10-07 04:13:43,432 [INFO]       Address:          1a Pot Green, Ramsbottom, Bury, Lancashire, England, BL0 9RG
2026-10-07 04:13:53,470 [INFO]    [EMAIL]   info@bizstats.co.uk
2026-10-07 04:13:53,470 [INFO]    [WEBSITE] https://www.bizstats.co.uk/ltd/supportivestem-community-growth-cic-09425104/
2026-10-07 04:13:54,471 [INFO] [  2/50] Scraping: TIGER BOE CIC (Co #9291709)
2026-10-07 04:13:55,924 [INFO]       Appointed Officer: MARTINDALE, Catherine (Director)
2026-10-07 04:13:55,924 [INFO]       Address:          7 Clarendon Street, Nottingham, United Kingdom, NG1 5HS
2026-10-07 04:13:59,017 [INFO]    [PHONE]   0115 8378080
2026-10-07 04:13:59,017 [INFO]    [EMAIL]   support@naturaltherapypages.co.uk
2026-10-07 04:13:59,017 [INFO]    [WEBSITE] https://www.naturaltherapypages.co.uk/therapist/tigerboe/16681
2026-10-07 04:14:00,052 [INFO] [  3/50] Scraping: CACTUS SUPPORT CIC (Co #9293086)
2026-10-07 04:14:01,669 [INFO]       Appointed Officer: WEBB, Katie (Director)
2026-10-07 04:14:01,669 [INFO]       Address:          196-198 Edward Road, Balsall Heath, Birmingham, West Midlands, B12 9LX
2026-10-07 04:14:03,036 [INFO] [  4/50] Scraping: FAIR CONNECTIONS (GLOBAL) CIC (Co #9322565)
2026-10-07 04:14:04,610 [INFO]       Appointed Officer: DOHERTY, Sara Louise (Director)
2026-10-07 04:14:04,610 [INFO]       Address:          G23 80-98 Mount Pleasant Street, John Foster Building Ljmu, Liverpool, Merseyside, L3 5UZ
2026-10-07 04:14:05,935 [INFO] [  5/50] Scraping: DOWNSTREAM SOLUTIONS C.I.C. (Co #9322801)
2026-10-07 04:14:07,580 [INFO]       Appointed Officer: NICKSON, Paula Fay (Director)
2026-10-07 04:14:07,580 [INFO]       Address:          10 Corporation Road, Newport, Wales, NP19 0AR
2026-10-07 04:14:08,917 [INFO] [  6/50] Scraping: CULTURAL ARTS CIC (Co #9337520)
2026-10-07 04:14:10,530 [INFO]       Appointed Officer: SANGHA, Gurmeet Singh (Director)
2026-10-07 04:14:10,530 [INFO]       Address:          Bilston Community Association Bilston Community Centre, 1 Prouds Lane, Bilston, West Midlands, England, WV14 6PW
2026-10-07 04:14:11,866 [INFO] [  7/50] Scraping: THE FILM EXCHANGE (NOTTINGHAM) CIC (Co #9339705)
2026-10-07 04:14:13,308 [INFO]       Appointed Officer: PATON, Judith (Director)
2026-10-07 04:14:13,308 [INFO]       Address:          23 Falcon Grove, Sherwood Rise, Nottingham, NG7 7NB
2026-10-07 04:14:14,646 [INFO] [  8/50] Scraping: BIG BLUE DRUM CIC (Co #9339838)
2026-10-07 04:14:16,068 [INFO]       Appointed Officer: COWLEY, Jeanette (Director)
2026-10-07 04:14:16,068 [INFO]       Address:          9 Meeting Street, Exmouth, Devon, EX8 1LN
2026-10-07 04:14:17,402 [INFO] [  9/50] Scraping: INSPIRE SOCIAL CAPITAL PARTNERS CIC (Co #9341381)
2026-10-07 04:14:18,974 [INFO]       Appointed Officer: BLOGG, Timothy Andrew (Secretary)
2026-10-07 04:14:18,975 [INFO]       Address:          Suite 4, East Barton Barns East Barton Road, Great Barton, Bury St. Edmunds, Suffolk, IP31 2QY
2026-10-07 04:14:20,308 [INFO] [ 10/50] Scraping: LO & LO EDUCATION CIC (Co #9341705)
2026-10-07 04:14:21,852 [INFO]       Appointed Officer: GEORGE, Thomas Charles (Director)
2026-10-07 04:14:21,852 [INFO]       Address:          Georgian House, 34 Thoroughfare, Halesworth, England, IP19 8AP
2026-10-07 04:14:23,219 [INFO] [ 11/50] Scraping: BEAMZ CIC (Co #9341455)
2026-10-07 04:14:24,753 [INFO]       Appointed Officer: COATES, Nicholas Richard (Director)
2026-10-07 04:14:24,753 [INFO]       Address:          181 Kathleen Road, Southampton, Hampshire, United Kingdom, SO19 8GX
2026-10-07 04:14:26,072 [INFO] [ 12/50] Scraping: TOOTING BEC LODGE COMMUNITY INTEREST COMPANY (Co #9351579)
2026-10-07 04:14:27,652 [INFO]       Appointed Officer: BURROWS, Sarah (Secretary)
2026-10-07 04:14:27,652 [INFO]       Address:          45 Romberg Road, London, England, SW17 8UB
2026-10-07 04:14:28,978 [INFO] [ 13/50] Scraping: EMPOWERING CHILDREN AND FAMILIES (ECAF) COMMUNITY INTEREST COMPANY (Co #9358953)
2026-10-07 04:14:30,596 [INFO]       Appointed Officer: FRANCIS, Tilda (Secretary)
2026-10-07 04:14:30,596 [INFO]       Address:          38 Mill Street, Bedford, Bedfordshire 38 Mill Street, Bedford, Bedford, Bedfordshire, MK40 3HD
2026-10-07 04:14:31,928 [INFO] [ 14/50] Scraping: TRAILBLAZER APPRENTICESHIP CIC (Co #9364776)
2026-10-07 04:14:33,511 [INFO]       Appointed Officer: MILLS, Jonathan David (Secretary)
2026-10-07 04:14:33,511 [INFO]       Address:          23-25 Foxes Bridge Road, Forest Vale Industrial Estate, Cinderford, England, GL14 2PQ
2026-10-07 04:14:34,857 [INFO] [ 15/50] Scraping: YOUR EDGE C.I.C. (Co #9370537)
2026-10-07 04:14:36,415 [INFO]       Appointed Officer: BROWNE, Sandra Anne (Director)
2026-10-07 04:14:36,415 [INFO]       Address:          Adlam Park Activity Centre Adlam Road, Fazakerley, Liverpool, Merseyside, England, L10 1LG
2026-10-07 04:14:37,755 [INFO] [ 16/50] Scraping: MOOR FORGE COMMUNITY INTEREST COMPANY (Co #9371882)
2026-10-07 04:14:39,259 [INFO]       Appointed Officer: BRYANT, Luke Benjamin Hartwell (Director)
2026-10-07 04:14:39,259 [INFO]       Address:          Moor House Greengill, Gilcrux, Wigton, Cumbria, CA7 2RA
2026-10-07 04:14:40,576 [INFO] [ 17/50] Scraping: GROW BRISTOL CIC (Co #9427403)
2026-10-07 04:14:42,142 [INFO]       Appointed Officer: DAVIDSON, Oscar James Luke (Director)
2026-10-07 04:14:42,143 [INFO]       Address:          15 Lewin Street, Bristol, BS5 9NU
2026-10-07 04:14:43,524 [INFO] [ 18/50] Scraping: HANDMADE CINEMA CIC (Co #9430322)
2026-10-07 04:14:45,104 [INFO]       Appointed Officer: MARSHALL, Catherine (Director)
2026-10-07 04:14:45,104 [INFO]       Address:          26 Tavistock Road, Sheffield, England, S7 1GG
2026-10-07 04:14:46,441 [INFO] [ 19/50] Scraping: NETWORK YOUNG CIC (Co #9437401)
2026-10-07 04:14:47,864 [INFO]       Appointed Officer: MCCOMBE, Duncan (Director)
2026-10-07 04:14:47,864 [INFO]       Address:          1 Maple Road, Bramhall, Stockport, Cheshire, SK7 2DH
2026-10-07 04:14:49,194 [INFO] [ 20/50] Scraping: YOUNG ADULTS ON THE RAME PENINSULA CIC (Co #9308387)
2026-10-07 04:14:50,751 [INFO]       Appointed Officer: GALE, Phoebe (Director)
2026-10-07 04:14:50,751 [INFO]       Address:          Drake Cottage Armada Road, Cawsand, Torpoint, England, PL10 1PQ
2026-10-07 04:14:52,080 [INFO] [ 21/50] Scraping: ARTERIAL CULTURE CIC (Co #9316766)
2026-10-07 04:14:53,684 [INFO]       Appointed Officer: BOWDITCH, Stuart (Director)
2026-10-07 04:14:53,684 [INFO]       Address:          Hadleigh Old Fire Station C/O Alan Hockett, Studio 20, High Street, Hadleigh, Benfleet, Essex, England, SS7 2PA
2026-10-07 04:14:55,006 [INFO] [ 22/50] Scraping: CRICK-FIT CIC (Co #9331201)
2026-10-07 04:14:56,436 [INFO]       Appointed Officer: DUNNING, Gemma (Director)
2026-10-07 04:14:56,436 [INFO]       Address:          Carlton, 38b Heath Road East, Petersfield, Hampshire, GU31 4HR
2026-10-07 04:14:57,757 [INFO] [ 23/50] Scraping: BIOFEEDBACK GLOBAL C.I.C. (Co #9456860)
2026-10-07 04:14:59,186 [INFO]       Appointed Officer: CRITCHLEY, Hugo Dyfrig, Dr (Director)
2026-10-07 04:14:59,187 [INFO]       Address:          4th Floor, Park Gate, 161-163 Preston Road, Brighton, United Kingdom, BN1 6AF
2026-10-07 04:15:00,552 [INFO] [ 24/50] Scraping: FRIENDS OF THE GUILDHALL C.I.C. (Co #9458920)
2026-10-07 04:15:02,336 [INFO]       Appointed Officer: FRY, William James Christopher (Secretary)
2026-10-07 04:15:02,336 [INFO]       Address:          St Ives Guildhall, Street-An-Pol, St Ives, Cornwall, TR26 2DS
2026-10-07 04:15:03,670 [INFO] [ 25/50] Scraping: LA BOUYGUE COMMUNITY INTEREST COMPANY (Co #9500248)
2026-10-07 04:15:05,194 [INFO]       Appointed Officer: CLAYSON, Amanda Jane (Director)
2026-10-07 04:15:05,194 [INFO]       Address:          Murphy Thompson Moore Llp, 3rd Floor 82 King Street, Manchester, England, M2 4WQ
2026-10-07 04:15:06,516 [INFO] [ 26/50] Scraping: MEDWAY CEPN C.I.C. (Co #9504867)
2026-10-07 04:15:08,065 [INFO]       Appointed Officer: HUSSAIN, Tariq, Dr (Director)
2026-10-07 04:15:08,065 [INFO]       Address:          Victoria Court, 17 - 21 Ashford Road, Maidstone, Kent, England, ME14 5DA
2026-10-07 04:15:09,403 [INFO] [ 27/50] Scraping: BRIDGES FOR CHILDREN C.I.C. (Co #9537113)
2026-10-07 04:15:10,842 [INFO]       Appointed Officer: WEERASINGHE, Dilanthi Ramuna (Director)
2026-10-07 04:15:10,843 [INFO]       Address:          3 More London Riverside, London, SE1 2RE
2026-10-07 04:15:12,161 [INFO] [ 28/50] Scraping: GREEN CUBE C.I.C. (Co #9537122)
2026-10-07 04:15:13,760 [INFO]       Appointed Officer: BARNARD, Colin Grahame (Director)
2026-10-07 04:15:13,760 [INFO]       Address:          54 London Road, Teynham, Sittingbourne, Kent, ME9 9QN
2026-10-07 04:15:15,567 [INFO] [ 29/50] Scraping: AUNTIE VAL'S KITCHENS COMMUNITY INTEREST COMPANY (Co #9542202)
2026-10-07 04:15:17,255 [INFO]       Appointed Officer: ANGUS, Ian Ronald, Mr. (Director)
2026-10-07 04:15:17,255 [INFO]       Address:          Unit M Chantry Trading Estate Chantry Lane, Storrington, Pulborough, West Sussex, RH20 4AD
2026-10-07 04:15:19,558 [INFO] [ 30/50] Scraping: EAST DOWN CIC (Co #8809595)
2026-10-07 04:15:21,003 [INFO]       Appointed Officer: GEE, Graham (Director)
2026-10-07 04:15:21,004 [INFO]       Address:          East Down Centre, Dunsford, Exeter, EX6 7AL
2026-10-07 04:15:23,303 [INFO] [ 31/50] Scraping: CABINET OF CURIOSITY C.I.C. (Co #8856926)
2026-10-07 04:15:24,769 [INFO]       Appointed Officer: COLLINGE, Caroline (Director)
2026-10-07 04:15:24,769 [INFO]       Address:          30 Redberry Way, South Shields, Tyne And Wear, NE34 0BQ
2026-10-07 04:15:27,155 [INFO] [ 32/50] Scraping: ART IN COVENTRY CIC (Co #9761681)
2026-10-07 04:15:28,580 [INFO]       Appointed Officer: MALONE, Martin Denis (Director)
2026-10-07 04:15:28,580 [INFO]       Address:          The Enterprise Hub, 5 Whitefriars Street, Coventry, England, CV1 2DS
2026-10-07 04:15:30,882 [INFO] [ 33/50] Scraping: PEACE IN NATURE CIC (Co #9761683)
2026-10-07 04:15:32,448 [INFO]       Appointed Officer: HARDY, Lorraine Ann (Director)
2026-10-07 04:15:32,448 [INFO]       Address:          1 Westgate Corner Willingham Road, Kexby, Gainsborough, Lincolnshire, DN21 5ND
2026-10-07 04:15:34,756 [INFO] [ 34/50] Scraping: 1ST HELP C.I.C. (Co #9764079)
2026-10-07 04:15:36,392 [INFO]       Appointed Officer: DALE-GREAVES, Kelvin Michael (Director)
2026-10-07 04:15:36,392 [INFO]       Address:          209 Rhys Street, Trealaw, Tonypandy, Wales, CF40 2QD
2026-10-07 04:15:38,690 [INFO] [ 35/50] Scraping: MUSIC N BRANDS CIC (Co #9788035)
2026-10-07 04:15:40,256 [INFO]       Appointed Officer: CAMPBELL, Claudine (Director)
2026-10-07 04:15:40,257 [INFO]       Address:          71-75 Shelton Street, London, Greater London, United Kingdom, WC2H 9JQ
2026-10-07 04:15:42,555 [INFO] [ 36/50] Scraping: GIZZAGO C.I.C. (Co #9796602)
2026-10-07 04:15:43,992 [INFO]       Appointed Officer: CURRAN, Louise Michelle (Director)
2026-10-07 04:15:43,992 [INFO]       Address:          35 (Flat 2) Kelvin Grove, Liverpool, Merseyside, L8 3UE
2026-10-07 04:15:46,288 [INFO] [ 37/50] Scraping: BEARSTED EVENTS CIC (Co #9796575)
2026-10-07 04:15:47,982 [INFO]       Appointed Officer: CONNER, Joanne Leigh (Director)
2026-10-07 04:15:47,982 [INFO]       Address:          Milwood House, 36b Albion Place, Maidstone, Kent, United Kingdom, ME14 5DZ
2026-10-07 04:15:50,285 [INFO] [ 38/50] Scraping: ORZU THEATRE C.I.C. (Co #9649473)
2026-10-07 04:15:51,817 [INFO]       Appointed Officer: ZHUZUMOVA, Nazgul (Secretary)
2026-10-07 04:15:51,817 [INFO]       Address:          61 Abbotshall Road, Catford, London, SE6 1SQ
2026-10-07 04:15:54,142 [INFO] [ 39/50] Scraping: THE LIVING ROOM YR YSTAFELL FYW CIC (Co #9649792)
2026-10-07 04:15:55,727 [INFO]       Appointed Officer: BROWN, Julie Anne (Director)
2026-10-07 04:15:55,727 [INFO]       Address:          The Rectory, Church Street, Aberbargoed, Wales, CF81 9FF
2026-10-07 04:15:58,024 [INFO] [ 40/50] Scraping: INTERNATIONAL SCHOOL OF PHILOSOPHY CIC (Co #9659959)
2026-10-07 04:15:59,441 [INFO]       Appointed Officer: FREMANTLE, Samuel Patrick (Director)
2026-10-07 04:15:59,441 [INFO]       Address:          London (Wc2) Office, Bell Yard, London, England, WC2A 2JR
2026-10-07 04:16:01,743 [INFO] [ 41/50] Scraping: HESTIA CAREERS CIC (Co #9657893)
2026-10-07 04:16:03,331 [INFO]       Appointed Officer: MCGOWAN, Gemma Louise (Director)
2026-10-07 04:16:03,331 [INFO]       Address:          Anfield Lodge Stanley Park, Anfield Road, Liverpool, Merseyside, L4 0TD
2026-10-07 04:16:05,628 [INFO] [ 42/50] Scraping: E.L.S.A. EDUCATION, LEARNING, SKILLS & ACHIEVEMENT CIC (Co #9660206)
2026-10-07 04:16:07,196 [INFO]       Appointed Officer: GRIFFIN, Kieran (Director)
2026-10-07 04:16:07,196 [INFO]       Address:          First Floor Offices, 99 Bancroft, Hitchin, Hertfordshire, United Kingdom, SG5 1NQ
2026-10-07 04:16:09,491 [INFO] [ 43/50] Scraping: RECAST MUSIC EDUCATION C.I.C. (Co #9665498)
2026-10-07 04:16:11,063 [INFO]       Appointed Officer: PAYNE, Oliver (Director)
2026-10-07 04:16:11,063 [INFO]       Address:          12 The Grove, Barnham Broom, Norwich, England, NR9 4BS
2026-10-07 04:16:13,366 [INFO] [ 44/50] Scraping: ACE GREATER MANCHESTER COMMUNITY INTEREST COMPANY (Co #9689990)
2026-10-07 04:16:14,920 [INFO]       Appointed Officer: FINDLATER, Bing Mark (Director)
2026-10-07 04:16:14,921 [INFO]       Address:          Coburn House, Chichester St, Rochdale, Lancashire, OL16 2AU
2026-10-07 04:16:17,227 [INFO] [ 45/50] Scraping: PROACTION ALLIANCE CIC (Co #9692217)
2026-10-07 04:16:18,674 [INFO]       Appointed Officer: STONE, Robert David, Dr (Director)
2026-10-07 04:16:18,674 [INFO]       Address:          Pharmacy Chambers, High Street, Wadhurst, East Sussex, TN5 6AP
2026-10-07 04:16:20,987 [INFO] [ 46/50] Scraping: INTAGR8 CIC (Co #9696924)
2026-10-07 04:16:22,552 [INFO]       Appointed Officer: HOWARD, Trevor John (Director)
2026-10-07 04:16:22,553 [INFO]       Address:          The Old School Rooms, Bridge Street, Bideford, North Devon, EX39 2BU
2026-10-07 04:16:24,846 [INFO] [ 47/50] Scraping: FOOD4THOUGHT (NORTH EAST) COMMUNITY INTEREST COMPANY (Co #9696121)
2026-10-07 04:16:26,446 [INFO]       Appointed Officer: YOUNG, Jennifer (Secretary)
2026-10-07 04:16:26,446 [INFO]       Address:          9 Dovedale Road, Sunderland, Tyne And Wear, SR6 8NW
2026-10-07 04:16:28,739 [INFO] [ 48/50] Scraping: EMPOWER PETERBOROUGH COMMUNITY INTEREST COMPANY (Co #9696947)
2026-10-07 04:16:30,303 [INFO]       Appointed Officer: GRAYSON, Alexander John (Director)
2026-10-07 04:16:30,303 [INFO]       Address:          10 Queen Street Place, London, United Kingdom, EC4R 1BE
2026-10-07 04:16:32,607 [INFO] [ 49/50] Scraping: ROMA CAFE AND ADVICE CENTRE COMMUNITY INTEREST COMPANY (Co #9698245)
2026-10-07 04:16:34,189 [INFO]       Appointed Officer: POKUTOVA, Aneta (Director)
2026-10-07 04:16:34,189 [INFO]       Address:          Unit 1 Nowell Approach, Harehills, Leeds, England, LS9 6HH
2026-10-07 04:16:36,486 [INFO] [ 50/50] Scraping: TEIGNMOUTH TOURING THEATRE COMPANY CIC (Co #9725769)
2026-10-07 04:16:38,098 [INFO]       Appointed Officer: DOCKRAY, Lydia (Director)
2026-10-07 04:16:38,098 [INFO]       Address:          2 Shute Court, Shute Hill, Bishopsteignton, Devon, TQ14 9QL
2026-10-07 04:16:40,414 [INFO] ================================================================================
2026-10-07 04:16:40,414 [INFO] BATCH FINISHED: Processed 50 companies in 178.5s.
2026-10-07 04:16:40,414 [INFO] Total Cumulative Enriched: 2482 companies.
2026-10-07 04:16:40,414 [INFO] Updated CSV: enriched_uk_companies.csv
2026-10-07 04:16:40,414 [INFO] Updated Log: scraper.log
2026-10-07 04:16:40,414 [INFO] ================================================================================
2026-10-07 15:03:29,590 [INFO] ================================================================================
2026-10-07 15:03:29,591 [INFO] STARTING PRODUCTION UK COMPANIES HOUSE CONTACT SCRAPER
2026-10-07 15:03:29,591 [INFO] ================================================================================
2026-10-07 15:03:29,591 [INFO] Input Dataset:  Companies-House-search-results.csv
2026-10-07 15:03:29,591 [INFO] Output Dataset: enriched_uk_companies.csv
2026-10-07 15:03:29,591 [INFO] Batch Size:     50
2026-10-07 15:03:29,603 [INFO] Already processed in previous runs: 2482 companies
2026-10-07 15:03:29,624 [INFO] Total remaining companies to scrape: 2518
2026-10-07 15:03:29,624 [INFO] Processing next batch of 50 companies...

2026-10-07 15:03:29,624 [INFO] [  1/50] Scraping: NEIGHBOURHOOD CONSTRUCTION C.I.C. (Co #9675083)
2026-10-07 15:03:30,856 [INFO]       Appointed Officer: LEWIS, Simon James (Director)
2026-10-07 15:03:30,856 [INFO]       Address:          15 York Road, Montpelier, Bristol, BS6 5QB
2026-10-07 15:03:33,173 [INFO]    [EMAIL]   info@neighbourhoodconstruction.org
2026-10-07 15:03:33,174 [INFO]    [WEBSITE] https://www.neighbourhoodconstruction.org/
2026-10-07 15:03:34,174 [INFO] [  2/50] Scraping: DOGS FOR DEVELOPMENT CIC (Co #9703110)
2026-10-07 15:03:35,246 [INFO]       Appointed Officer: BATE, Natalia Anne (Director)
2026-10-07 15:03:35,247 [INFO]       Address:          22 Dungannon Drive, Thorpe Bay, Southend-On-Sea, England, SS1 3NQ
2026-10-07 15:03:36,323 [INFO] [  3/50] Scraping: GIVEN TO LIVE COMMUNITY INTEREST COMPANY (Co #9721387)
2026-10-07 15:03:37,353 [INFO]       Appointed Officer: PUGH, Tom (Director)
2026-10-07 15:03:37,353 [INFO]       Address:          Hamilton House, 80 Stokes Croft, Bristol, Avon, England, BS1 3QY
2026-10-07 15:03:38,424 [INFO] [  4/50] Scraping: KHUDZA MITIMA COMMUNITY INTEREST COMPANY (Co #9734456)
2026-10-07 15:03:39,514 [INFO]       Appointed Officer: WATSON, Jessica Claire (Director)
2026-10-07 15:03:39,514 [INFO]       Address:          11 Bayswater Square, Stafford, England, ST18 0YH
2026-10-07 15:03:40,595 [INFO] [  5/50] Scraping: CAMOUFLAGE CREW C.I.C. (Co #9734840)
2026-10-07 15:03:41,673 [INFO]       Appointed Officer: CUNNINGHAM, Lynne Michelle (Director)
2026-10-07 15:03:41,673 [INFO]       Address:          Lower Grange Community Centre Chaffinch Road, Lower Grange, Bradford, West Yorkshire, BD8 0RF
2026-10-07 15:03:42,786 [INFO] [  6/50] Scraping: THE CARIBBEAN DISABLED SPORT ASSOCIATION COMMUNITY INTEREST COMPANY (Co #9732334)
2026-10-07 15:03:43,934 [INFO]       Appointed Officer: SMITH, Christopher Dennis (Secretary)
2026-10-07 15:03:43,934 [INFO]       Address:          46 Dryleaze Court, Wotton Under Edge, Gloucestershire, GL12 7BL
2026-10-07 15:03:45,006 [INFO] [  7/50] Scraping: COMMUNITY STUFF C.I.C. (Co #9740592)
2026-10-07 15:03:46,272 [INFO]       Appointed Officer: HACKNEY-RING, Clare Amanda (Director)
2026-10-07 15:03:46,272 [INFO]       Address:          67 Latimer Road, Eastbourne, East Sussex, BN22 7DS
2026-10-07 15:03:47,357 [INFO] [  8/50] Scraping: PHOENIX COMMUNITY RADIO HARLOW LIMITED C.I.C. (Co #9772243)
2026-10-07 15:03:48,441 [INFO]       Appointed Officer: RICHARDSON, Andrew James (Director)
2026-10-07 15:03:48,441 [INFO]       Address:          10 Bevan Close, Finedon Road Industrial Estate, Wellingborough, England, NN8 4BL
2026-10-07 15:03:49,561 [INFO] [  9/50] Scraping: SALAD CITY COMMUNITY INTEREST COMPANY (Co #9783374)
2026-10-07 15:03:50,656 [INFO]       Appointed Officer: BOWER, Cynthia (Director)
2026-10-07 15:03:50,656 [INFO]       Address:          3 Cambridge Road, Birmingham, England, B13 9UE
2026-10-07 15:03:51,753 [INFO] [ 10/50] Scraping: EMPIRICAL SCIENCE EDUCATION CIC (Co #9790103)
2026-10-07 15:03:52,867 [INFO]       Appointed Officer: ROLLASON, Andrew John, Dr (Director)
2026-10-07 15:03:52,867 [INFO]       Address:          12 Darley Abbey Mills, Darley Abbey, Derby, Derbyshire, DE22 1DZ
2026-10-07 15:03:53,962 [INFO] [ 11/50] Scraping: UPTODAY CIC (Co #9793027)
2026-10-07 15:03:55,272 [INFO]       Appointed Officer: LOACH, Andrew Robert (Director)
2026-10-07 15:03:55,272 [INFO]       Address:          14 Gayton Parkway, Wirral, United Kingdom, CH60 3SS
2026-10-07 15:03:56,342 [INFO] [ 12/50] Scraping: MARCH WOOD PROJECT COMMUNITY INTEREST COMPANY (Co #9587355)
2026-10-07 15:03:57,507 [INFO]       Appointed Officer: LITTLE, Karen (Director)
2026-10-07 15:03:57,507 [INFO]       Address:          17 Flaxpond Road, Ashford, Kent, TN23 5PR
2026-10-07 15:03:58,579 [INFO] [ 13/50] Scraping: EYP SOLUTIONS CIC (Co #9594024)
2026-10-07 15:03:59,771 [INFO]       Appointed Officer: ENGLISH, Deborah Mary (Director)
2026-10-07 15:03:59,771 [INFO]       Address:          Millennium House, High Street, Studley, Warwickshire, B80 7HJ
2026-10-07 15:04:00,851 [INFO] [ 14/50] Scraping: THE GRATITUDE PROGRAMME COMMUNITY INTEREST COMPANY (Co #9626958)
2026-10-07 15:04:02,025 [INFO]       Appointed Officer: BURTON, Sarah Louise (Director)
2026-10-07 15:04:02,025 [INFO]       Address:          13 High Street East, Glossop, England, SK13 8DA
2026-10-07 15:04:03,099 [INFO] [ 15/50] Scraping: SCULPTURE AND ART FOUNDATION C.I.C. (Co #9626684)
2026-10-07 15:04:04,173 [INFO]       Appointed Officer: WALKER, Kathryn Louise (Director)
2026-10-07 15:04:04,174 [INFO]       Address:          4 The Creative Quarter, Shrewsbury Business Park, Shrewsbury, Shropshire, SY2 6LG
2026-10-07 15:04:05,252 [INFO] [ 16/50] Scraping: WEST MIDLANDS ANTI SLAVERY NETWORK COMMUNITY INTEREST COMPANY (Co #9631123)
2026-10-07 15:04:06,393 [INFO]       Appointed Officer: ALEXANDER, Chanelle Maria (Director)
2026-10-07 15:04:06,393 [INFO]       Address:          2 Snow Hill Landmark, West Midlands Anti Slavery Network, 2 Snow Hill, Birmingham, England, B4 6GA
2026-10-07 15:04:07,471 [INFO] [ 17/50] Scraping: CHELTENHAM SCIENCE GROUP C.I.C. (Co #9649454)
2026-10-07 15:04:08,598 [INFO]       Appointed Officer: COOKE, Rachel Brigid, Dr (Director)
2026-10-07 15:04:08,598 [INFO]       Address:          4 Brantwood Road, Droitwich, England, WR9 7RR
2026-10-07 15:04:09,677 [INFO] [ 18/50] Scraping: THE MUSIC HUB PLUS CIC (Co #9569673)
2026-10-07 15:04:10,874 [INFO]       Appointed Officer: ALDRIDGE, Peter Storm (Director)
2026-10-07 15:04:10,874 [INFO]       Address:          KAY JOHNSON GEE CORPORATE RECOVERY LIMITED, 1 City Road East, Manchester, M15 4PN
2026-10-07 15:04:11,950 [INFO] [ 19/50] Scraping: COLCHESTER PRESENTS CIC (Co #9808821)
2026-10-07 15:04:13,097 [INFO]       Appointed Officer: FISHER, Anthony Gwilym (Director)
2026-10-07 15:04:13,097 [INFO]       Address:          St Martin's House, 63 West Stockwell Street, Colchester, Essex, CO1 1HE
2026-10-07 15:04:14,174 [INFO] [ 20/50] Scraping: C.H.A.O.S RETREAT CIC (Co #9810440)
2026-10-07 15:04:15,204 [INFO]       Appointed Officer: CLARK, Gordon John (Director)
2026-10-07 15:04:15,204 [INFO]       Address:          36 Trowell Grove, Trowell, Nottingham, NG9 3QH
2026-10-07 15:04:16,314 [INFO] [ 21/50] Scraping: THE PATIENT LIAISON SOCIAL PRACTICE COMMUNITY INTEREST COMPANY (Co #9813958)
2026-10-07 15:04:17,567 [INFO]       Appointed Officer: BENTLEY, Lois Rasa (Director)
2026-10-07 15:04:17,567 [INFO]       Address:          Office 1, Unity Business Centre, 26 Roundhay Road, Leeds, England, LS7 1AB
2026-10-07 15:04:18,650 [INFO] [ 22/50] Scraping: ASHFORD ARTS CENTRE COMMUNITY INTEREST COMPANY (Co #9816515)
2026-10-07 15:04:19,789 [INFO]       Appointed Officer: MERRICK, Rhonda (Director)
2026-10-07 15:04:19,789 [INFO]       Address:          39-48 Marsham Street 39-48 Marsham Street, Suite 118, Katfm, Maidstone, Kent, England, ME14 1HH
2026-10-07 15:04:20,955 [INFO] [ 23/50] Scraping: UCAN TRUST CIC (Co #9838294)
2026-10-07 15:04:22,160 [INFO]       Appointed Officer: SWIFT, Veronica (Secretary)
2026-10-07 15:04:22,160 [INFO]       Address:          2f Kent Road, Southport, England, PR8 4BJ
2026-10-07 15:04:23,236 [INFO] [ 24/50] Scraping: THE BOUNDARIES OBSERVATORY C.I.C. (Co #9561400)
2026-10-07 15:04:24,405 [INFO]       Appointed Officer: KEARNEY, Nicholas Alfred, Dr (Director)
2026-10-07 15:04:24,405 [INFO]       Address:          Redhill House, Red Hill, Camerton, Somerset, BA2 0NY
2026-10-07 15:04:25,483 [INFO] [ 25/50] Scraping: CAFE SUNLIGHT C.I.C. (Co #7870189)
2026-10-07 15:04:26,578 [INFO]       Appointed Officer: CLARK, Paul Gordon (Director)
2026-10-07 15:04:26,578 [INFO]       Address:          Sunlight Centre, 105 Richmond Road, Gillingham, Kent, ME7 1LX
2026-10-07 15:04:27,659 [INFO] [ 26/50] Scraping: HAMLETS COMMUNITY DEVELOPMENT INITIATIVES CIC (Co #7914525)
2026-10-07 15:04:28,759 [INFO]       Appointed Officer: AHMED, Shamim Imran (Director)
2026-10-07 15:04:28,759 [INFO]       Address:          Unit 2 Business Development Centre, 7-15 Greatorex Street, London, E1 5NF
2026-10-07 15:04:29,839 [INFO] [ 27/50] Scraping: MIENTERPRISE UMBRELLA COMMUNITY INTEREST COMPANY (Co #7506754)
2026-10-07 15:04:31,013 [INFO]       Appointed Officer: BARBER, Steven (Director)
2026-10-07 15:04:31,013 [INFO]       Address:          The Coach House Grange Court, Pinsley Road, Leominster, Herefordshire, HR6 8NL
2026-10-07 15:04:32,593 [INFO] [ 28/50] Scraping: COMMUNITY HERITAGE C.I.C. (Co #7522028)
2026-10-07 15:04:33,717 [INFO]       Appointed Officer: LAIRD, Douglas (Director)
2026-10-07 15:04:33,717 [INFO]       Address:          31 Mersey Road, Cheltenham, Gloucestershire, England, GL52 5NY
2026-10-07 15:04:35,784 [INFO] [ 29/50] Scraping: INDEPENDENT HOME SOLUTIONS CIC (Co #7542132)
2026-10-07 15:04:36,973 [INFO]       Appointed Officer: GOODALL, Alison Denise (Director)
2026-10-07 15:04:36,973 [INFO]       Address:          1 Stirrup Way, Crawley, England, RH10 7RH
2026-10-07 15:04:39,035 [INFO] [ 30/50] Scraping: WINTERBOURNE FLOOD PROTECTION CIC (Co #7545187)
2026-10-07 15:04:40,160 [INFO]       Appointed Officer: ANDREWES, Edward Henry Duff (Director)
2026-10-07 15:04:40,160 [INFO]       Address:          The Courtyard Shoreham Road, Upper Beeding, Steyning, West Sussex, BN44 3TN
2026-10-07 15:04:42,283 [INFO] [ 31/50] Scraping: NORTH SOMERSET COMMUNITY PARTNERSHIP COMMUNITY INTEREST COMPANY (Co #7569496)
2026-10-07 15:04:43,527 [INFO]       Appointed Officer: DANKS, Nicholas John (Director)
2026-10-07 15:04:43,527 [INFO]       Address:          2 Glass Wharf, Pricewaterhousecoopers Llp, Bristol, England, BS2 0FR
2026-10-07 15:04:45,604 [INFO] [ 32/50] Scraping: GRACE EYRE HOUSING C.I.C. (Co #7581137)
2026-10-07 15:04:46,720 [INFO]       Appointed Officer: BLAND, Christopher (Secretary)
2026-10-07 15:04:46,720 [INFO]       Address:          36 Montefiore Road, Hove, BN3 6EP
2026-10-07 15:04:48,793 [INFO] [ 33/50] Scraping: REDCAR AND CLEVELAND REAL OPPORTUNITY CENTRE COMMUNITY INTEREST COMPANY (Co #7594009)
2026-10-07 15:04:50,116 [INFO]       Appointed Officer: RCVDA (Secretary)
2026-10-07 15:04:50,116 [INFO]       Address:          The Palace Hub C/O Rcvda, 28-29 The Esplanade, Redcar, North Yorkshire, England, TS10 3AE
2026-10-07 15:04:52,180 [INFO] [ 34/50] Scraping: DEVON PRIMARY CARE COUNSELLING SERVICE CIC (Co #7156488)
2026-10-07 15:04:53,338 [INFO]       Appointed Officer: KNOTT, Luan Marie (Director)
2026-10-07 15:04:53,338 [INFO]       Address:          47-49 Imperial Road, Exmouth, Devon, EX8 1DQ
2026-10-07 15:04:55,404 [INFO] [ 35/50] Scraping: ISTAG- INVEST SOMALIA TRANSFORMATION ACTION GROUP CIC (Co #8287250)
2026-10-07 15:04:56,504 [INFO]       Appointed Officer: ISMAIL, Abdi Osman (Director)
2026-10-07 15:04:56,504 [INFO]       Address:          247 Broomhall Street, Sheffield, South Yorkshire, S3 7SP
2026-10-07 15:04:58,570 [INFO] [ 36/50] Scraping: MARLBOROUGH PRODUCTIONS C.I.C. (Co #8293523)
2026-10-07 15:04:59,737 [INFO]       Appointed Officer: BLACKWELL, Louise Carla (Director)
2026-10-07 15:04:59,737 [INFO]       Address:          6 Park Street, Brighton, England, BN2 0BS
2026-10-07 15:05:01,834 [INFO] [ 37/50] Scraping: SPORT WELLSWAY COMMUNITY INTEREST COMPANY (Co #8293101)
2026-10-07 15:05:03,390 [INFO]       Appointed Officer: ARLIDGE, Andrea Jane (Director)
2026-10-07 15:05:03,390 [INFO]       Address:          Wellsway School Chandag Road, Keynsham, Bristol, Bath & North East Somerset, BS31 1PH
2026-10-07 15:05:05,458 [INFO] [ 38/50] Scraping: CREATING ACCESS COMMUNITY INTEREST COMPANY (Co #8309178)
2026-10-07 15:05:06,460 [INFO]       Appointed Officer: COYLE, Mark (Director)
2026-10-07 15:05:06,460 [INFO]       Address:          Doddington & Rollo Community Association Charlotte Despard Avenue, Battersea, London, SW11 5JE
2026-10-07 15:05:08,577 [INFO] [ 39/50] Scraping: LIFEMOT COMMUNITY INTEREST COMPANY (Co #8011938)
2026-10-07 15:05:09,793 [INFO]       Appointed Officer: COOTE, Andy (Director)
2026-10-07 15:05:09,794 [INFO]       Address:          21 Vicarage Close, Budock Water, Falmouth, Cornwall, England, TR11 5DB
2026-10-07 15:05:11,861 [INFO] [ 40/50] Scraping: PONTEFRACT FAMILY CENTRE TRADING COMPANY CIC (Co #8043155)
2026-10-07 15:05:12,844 [INFO]       Appointed Officer: HUGHES, David Frederick (Director)
2026-10-07 15:05:12,845 [INFO]       Address:          4 Harropwell Lane, Pontefract, West Yorkshire, WF8 1QY
2026-10-07 15:05:14,929 [INFO] [ 41/50] Scraping: MY HEALTHY LIFESTYLE COMMUNITY INTEREST COMPANY (Co #8047433)
2026-10-07 15:05:16,341 [INFO]       Appointed Officer: THEODORE, Janet Ann (Director)
2026-10-07 15:05:16,341 [INFO]       Address:          The Incuba, 1 Brewers Hill Road, Dunstable, Bedfordshire, LU6 1AA
2026-10-07 15:05:18,422 [INFO] [ 42/50] Scraping: ERLESTOKE HOUSE COMMUNITY INTEREST COMPANY (Co #8056944)
2026-10-07 15:05:19,502 [INFO]       Appointed Officer: ANGELL, Michael John (Director)
2026-10-07 15:05:19,502 [INFO]       Address:          Hmp Erlestoke Westbury Road, Erlestoke, Devizes, Wiltshire, SN10 5TU
2026-10-07 15:05:21,581 [INFO] [ 43/50] Scraping: URBAN SOCIAL ENTERPRISE, C.I.C. (Co #8061101)
2026-10-07 15:05:22,617 [INFO]       Appointed Officer: BOFFO, Paola (Director)
2026-10-07 15:05:22,617 [INFO]       Address:          13a Ridge Road, London, N8 9LE
2026-10-07 15:05:24,694 [INFO] [ 44/50] Scraping: MOTHERS AID MMH SUPPORT C.I.C. (Co #8062980)
2026-10-07 15:05:25,809 [INFO]       Appointed Officer: BROTEN NOBLE, Julianne (Director)
2026-10-07 15:05:25,809 [INFO]       Address:          184-186 Westcombe Hill, London, SE3 7DH
2026-10-07 15:05:27,877 [INFO] [ 45/50] Scraping: ECONOMIC CHANGE COMMUNITY INTEREST COMPANY (Co #8171695)
2026-10-07 15:05:29,000 [INFO]       Appointed Officer: BLACK, Heather Joanne (Director)
2026-10-07 15:05:29,000 [INFO]       Address:          Wilson Field Limited The Manor House, 260 Ecclesall Road South, Sheffield, S11 9PS
2026-10-07 15:05:31,103 [INFO] [ 46/50] Scraping: KIRKLEES FILMMAKERS CIC (Co #8206248)
2026-10-07 15:05:32,205 [INFO]       Appointed Officer: SHAH, Rabeha (Secretary)
2026-10-07 15:05:32,205 [INFO]       Address:          Valley Mills Unit 2, Field Lane, Batley, England, WF17 5AE
2026-10-07 15:05:34,269 [INFO] [ 47/50] Scraping: ICOCO FOUNDATION COMMUNITY INTEREST COMPANY (Co #8245448)
2026-10-07 15:05:35,331 [INFO]       Appointed Officer: CANTLE, Edward Francis (Director)
2026-10-07 15:05:35,331 [INFO]       Address:          76 Bridgford Road, West Bridgford, Nottingham, England, NG2 6AX
2026-10-07 15:05:37,397 [INFO] [ 48/50] Scraping: MUSIC ARTS PROJECT C.I.C. (Co #8243851)
2026-10-07 15:05:38,519 [INFO]       Appointed Officer: DART, Antony Stephen (Director)
2026-10-07 15:05:38,519 [INFO]       Address:          Sycamore, Wayland House High Street, Watton, Thetford, Norfolk, England, IP25 6AR
2026-10-07 15:05:40,624 [INFO] [ 49/50] Scraping: PEAK ORGANICS CIC (Co #8246307)
2026-10-07 15:05:41,856 [INFO]       Appointed Officer: JOY-MATTHEWS, Jennifer, Dr (Director)
2026-10-07 15:05:41,856 [INFO]       Address:          3 Unity Villas, Dale Road North, Darley Dale, Derbyshire, DE4 2HX
2026-10-07 15:05:43,918 [INFO] [ 50/50] Scraping: NORTH WEST HEALTHY LIVING NETWORK CIC (Co #7260809)
2026-10-07 15:05:45,013 [INFO]       Appointed Officer: MULLA, Abdul (Secretary)
2026-10-07 15:05:45,013 [INFO]       Address:          Abdul Mulla, Bangor Street Community Centre, Norwich Street, Blackburn, Lancashire, BB1 6NZ
2026-10-07 15:05:47,125 [INFO] ================================================================================
2026-10-07 15:05:47,125 [INFO] BATCH FINISHED: Processed 50 companies in 137.5s.
2026-10-07 15:05:47,126 [INFO] Total Cumulative Enriched: 2532 companies.
2026-10-07 15:05:47,126 [INFO] Updated CSV: enriched_uk_companies.csv
2026-10-07 15:05:47,126 [INFO] Updated Log: scraper.log
2026-10-07 15:05:47,126 [INFO] ================================================================================
2026-10-07 20:59:05,691 [INFO] ================================================================================
2026-10-07 20:59:05,691 [INFO] STARTING PRODUCTION UK COMPANIES HOUSE CONTACT SCRAPER
2026-10-07 20:59:05,691 [INFO] ================================================================================
2026-10-07 20:59:05,691 [INFO] Input Dataset:  Companies-House-search-results.csv
2026-10-07 20:59:05,691 [INFO] Output Dataset: enriched_uk_companies.csv
2026-10-07 20:59:05,691 [INFO] Batch Size:     50
2026-10-07 20:59:05,702 [INFO] Already processed in previous runs: 2532 companies
2026-10-07 20:59:05,721 [INFO] Total remaining companies to scrape: 2468
2026-10-07 20:59:05,721 [INFO] Processing next batch of 50 companies...

2026-10-07 20:59:05,721 [INFO] [  1/50] Scraping: NEST NETWORKING COMMUNITY INTEREST COMPANY (Co #7295794)
2026-10-07 20:59:07,453 [INFO]       Appointed Officer: DENSLOW, Nicholas Charles (Director)
2026-10-07 20:59:07,453 [INFO]       Address:          321 Bradford Street, Digbeth, Birmingham, B5 6ET
2026-10-07 20:59:08,952 [INFO]    [EMAIL]   info@bizseek.co.uk
2026-10-07 20:59:08,953 [INFO]    [WEBSITE] https://www.bizseek.co.uk/nest-networking-community-interest
2026-10-07 20:59:09,953 [INFO] [  2/50] Scraping: SPOT ON MARKETING & COMMUNICATIONS C.I.C. (Co #7325591)
2026-10-07 20:59:11,449 [INFO]       Appointed Officer: EDWARDS, Sally Ann (Director)
2026-10-07 20:59:11,449 [INFO]       Address:          112 Tanworth Lane, Shirley, Solihull, West Midlands, B90 4DF
2026-10-07 20:59:12,811 [INFO] [  3/50] Scraping: OLMEC CO-OPERATIVE C.I.C. (Co #7367336)
2026-10-07 20:59:14,459 [INFO]       Appointed Officer: SALIU, Rasheed Babatunde (Director)
2026-10-07 20:59:14,459 [INFO]       Address:          The People's Place 80-92 High Street, Stratford, London, England, E15 2NE
2026-10-07 20:59:15,866 [INFO] [  4/50] Scraping: REDDITCH TOWN CENTRE PARTNERSHIP CIC (Co #8159064)
2026-10-07 20:59:17,490 [INFO]       Appointed Officer: CURTIS, Nigel John (Director)
2026-10-07 20:59:17,490 [INFO]       Address:          4 Clews Road, Redditch, Worcestershire, B98 7ST
2026-10-07 20:59:18,824 [INFO] [  5/50] Scraping: LITTLE BUSY BODIES PRE-SCHOOL CIC (Co #7495044)
2026-10-07 20:59:20,471 [INFO]       Appointed Officer: ROWBOTTOM, Patricia Anne (Director)
2026-10-07 20:59:20,471 [INFO]       Address:          Little Busy Bodies Pre School Stanville Junior + Infant School, Stanville Road Sheldon, Birmingham, West Midlands, B26 3YN
2026-10-07 20:59:21,789 [INFO] [  6/50] Scraping: SERAC COMMUNITY C.I.C. (Co #7756602)
2026-10-07 20:59:23,339 [INFO]       Appointed Officer: L'HOSTE, Raphael Paul (Director)
2026-10-07 20:59:23,339 [INFO]       Address:          Serac House, 132 Gloucester Road, Cheltenham, Gloucestershire, GL51 8NB
2026-10-07 20:59:24,677 [INFO] [  7/50] Scraping: KINGDOM PERFORMANCE MINISTRIES CIC (Co #7756726)
2026-10-07 20:59:26,301 [INFO]       Appointed Officer: PHILLIPS, Nicola (Secretary)
2026-10-07 20:59:26,301 [INFO]       Address:          Reconciliation Centre, Avenue Hill, Leeds, West Yorkshire, LS8 4EX
2026-10-07 20:59:27,617 [INFO] [  8/50] Scraping: GINGER MOO TOO CIC (Co #7815224)
2026-10-07 20:59:29,233 [INFO]       Appointed Officer: WITTON, Antony Robert (Director)
2026-10-07 20:59:29,234 [INFO]       Address:          3 Laurel Close, Furnace Green, Crawley, West Sussex, RH10 6QE
2026-10-07 20:59:30,551 [INFO] [  9/50] Scraping: DOTEVERYONE TRADING CIC (Co #7847386)
2026-10-07 20:59:32,228 [INFO]       Appointed Officer: LANE-FOX, Martha, Baroness (Director)
2026-10-07 20:59:32,228 [INFO]       Address:          The Courtyard Shoreham Road, Upper Beeding, Steyning, West Sussex, United Kingdom, BN44 3TN
2026-10-07 20:59:33,562 [INFO] [ 10/50] Scraping: THE TOP BANANA PROJECT C.I.C. (Co #7859484)
2026-10-07 20:59:35,344 [INFO]       Appointed Officer: STOW, Melanie Jane Elizabeth (Director)
2026-10-07 20:59:35,344 [INFO]       Address:          Bridge End, 1 Old Bridge Road, Southsea, Hampshire, PO4 0PY
2026-10-07 20:59:36,681 [INFO] [ 11/50] Scraping: OC3 C.I.C. (Co #3683630)
2026-10-07 20:59:38,354 [INFO]       Appointed Officer: BLACKMAN, Stuart (Director)
2026-10-07 20:59:38,354 [INFO]       Address:          4 The Sandringhams, Whaddon, Salisbury, England, SP5 3SP
2026-10-07 20:59:39,674 [INFO] [ 12/50] Scraping: GODDARD CONSULTANTS COACHING PRACTICE CIC (Co #6082283)
2026-10-07 20:59:41,293 [INFO]       Appointed Officer: GOTT, Sue Gillian (Director)
2026-10-07 20:59:41,293 [INFO]       Address:          Derwent House, 141-145 Dale Road, Matlock, Derbyshire, England, DE4 3LU
2026-10-07 20:59:42,645 [INFO] [ 13/50] Scraping: TREC TRAINING & CONSULTANCY CIC (Co #6177065)
2026-10-07 20:59:44,292 [INFO]       Appointed Officer: HART, Kathryn Jane (Director)
2026-10-07 20:59:44,292 [INFO]       Address:          Highfields Centre 1st Floor, 96 Melbourne Road, Leicester, England, LE2 0DS
2026-10-07 20:59:45,609 [INFO] [ 14/50] Scraping: JAIKARA C.I.C. (Co #6071924)
2026-10-07 20:59:47,359 [INFO]       Appointed Officer: EDGCUMBE, Ruth (Director)
2026-10-07 20:59:47,359 [INFO]       Address:          Studio 211 Sunbeam Studios, Sunbeam Street, Wolverhampton, West Midlands, United Kingdom, WV2 4PF
2026-10-07 20:59:48,678 [INFO] [ 15/50] Scraping: TRI-A-SPORT COMMUNITY INTEREST COMPANY (Co #5978492)
2026-10-07 20:59:50,247 [INFO]       Appointed Officer: EDWARDS, Simon Jeremy (Secretary)
2026-10-07 20:59:50,248 [INFO]       Address:          95 St Williams Way, Norwich, Norfolk, NR7 0AL
2026-10-07 20:59:51,565 [INFO] [ 16/50] Scraping: CORNWALL LIFE RECYCLE COMMUNITY INTEREST COMPANY (Co #6955137)
2026-10-07 20:59:53,226 [INFO]       Appointed Officer: COBB, Helen Clare (Director)
2026-10-07 20:59:53,226 [INFO]       Address:          47 Collygree Parc, Goldsithney, Penzance, Cornwall, TR20 9LY
2026-10-07 20:59:54,566 [INFO] [ 17/50] Scraping: 7AGES COMMUNITY INTEREST COMPANY (Co #6954055)
2026-10-07 20:59:56,204 [INFO]       Appointed Officer: DUNCAN, Adam (Secretary)
2026-10-07 20:59:56,204 [INFO]       Address:          7 Bell Yard, London, England, WC2A 2JR
2026-10-07 20:59:57,604 [INFO] [ 18/50] Scraping: MIDLANDS CAREERS COMMUNITY INTEREST COMPANY (Co #5974917)
2026-10-07 20:59:59,245 [INFO]       Appointed Officer: BRYANT, Gail Maria (Secretary)
2026-10-07 20:59:59,245 [INFO]       Address:          7 Dodgewell Close, Blackwell, Alfreton, England, DE55 5BH
2026-10-07 21:00:00,580 [INFO] [ 19/50] Scraping: WAVELENGTH ARTS COMMUNITY INTEREST COMPANY (Co #6000863)
2026-10-07 21:00:04,171 [INFO]       Appointed Officer: MORTON, Tracy (Secretary)
2026-10-07 21:00:04,171 [INFO]       Address:          The Old Garage Workshops, Little South Street, Louth, Lincolnshire, England, LN11 9JR
2026-10-07 21:00:05,557 [INFO] [ 20/50] Scraping: THE SMART KID COACH CIC (Co #11735356)
2026-10-07 21:00:07,174 [INFO]       Appointed Officer: ADEKEYE, Margaret Olubunmi (Director)
2026-10-07 21:00:07,174 [INFO]       Address:          36a Goodmayes Road, Ilford, Essex, IG3 9UR
2026-10-07 21:00:08,492 [INFO] [ 21/50] Scraping: LEE FORUM CIC (Co #10563483)
2026-10-07 21:00:09,985 [INFO]       Appointed Officer: MAYERS, Marcus Tristan (Director)
2026-10-07 21:00:09,985 [INFO]       Address:          Lee Green Community Centre 3 Leegate, Lee, London, Greater London, SE12 8SS
2026-10-07 21:00:11,315 [INFO] [ 22/50] Scraping: THE MUSIC SPOT HUB COMMUNITY INTEREST COMPANY (Co #14641831)
2026-10-07 21:00:12,758 [INFO]       Appointed Officer: TAYLOR, Leanne Claire (Director)
2026-10-07 21:00:12,758 [INFO]       Address:          Unit 4-5 110 Whitby Street South, Hartlepool, England, TS24 7LP
2026-10-07 21:00:14,112 [INFO] [ 23/50] Scraping: VOICE FOR THE VOICELESS ANGELS C.I.C. (Co #14636828)
2026-10-07 21:00:15,588 [INFO]       Appointed Officer: BARDI, Beata (Director)
2026-10-07 21:00:15,588 [INFO]       Address:          124 Apseleys Mead, Bradley Stoke, Bristol, England, BS32 0BG
2026-10-07 21:00:16,909 [INFO] [ 24/50] Scraping: BLUEBELL WOOD SUPPORT CIC (Co #14797672)
2026-10-07 21:00:18,407 [INFO]       Appointed Officer: BOROVYTSKA, Anzhelika (Secretary)
2026-10-07 21:00:18,407 [INFO]       Address:          81 Bond Street, New Rossington, Doncaster, England, DN11 0XB
2026-10-07 21:00:19,770 [INFO] [ 25/50] Scraping: HOARDING HQ NORTHWEST CIC (Co #14213332)
2026-10-07 21:00:21,372 [INFO]       Appointed Officer: FARAGHER, Stephen James (Director)
2026-10-07 21:00:21,373 [INFO]       Address:          1 York Road, Crosby, Liverpool, England, L23 5TS
2026-10-07 21:00:22,693 [INFO] [ 26/50] Scraping: HEALTHYHERITAGEUK C.I.C. (Co #14637330)
2026-10-07 21:00:24,259 [INFO]       Appointed Officer: MOYO, Lindi Muchaneta (Director)
2026-10-07 21:00:24,259 [INFO]       Address:          61 Rivets Close, Aylesbury, England, HP21 8JP
2026-10-07 21:00:25,579 [INFO] [ 27/50] Scraping: EVERGREEN WILDERNESS & CONSULTANCY CIC (Co #14640255)
2026-10-07 21:00:27,047 [INFO]       Appointed Officer: SIMPER, Gemma Louise (Director)
2026-10-07 21:00:27,047 [INFO]       Address:          12 Jermyn Road, King's Lynn, England, PE30 4AE
2026-10-07 21:00:28,854 [INFO] [ 28/50] Scraping: PALLET RECORDS CIC (Co #14235681)
2026-10-07 21:00:30,350 [INFO]       Appointed Officer: DURANT, David William (Director)
2026-10-07 21:00:30,351 [INFO]       Address:          56a Winner Street, Paignton, England, TQ3 3BQ
2026-10-07 21:00:32,647 [INFO] [ 29/50] Scraping: SUPPORT AND EMPOWER WOMEN CIC (Co #15085516)
2026-10-07 21:00:34,159 [INFO]       Appointed Officer: AFRIYIE, Gabriel (Director)
2026-10-07 21:00:34,159 [INFO]       Address:          1 Hickory Close, London, England, N9 7PY
2026-10-07 21:00:36,453 [INFO] [ 30/50] Scraping: 2B3 CIC (Co #14640260)
2026-10-07 21:00:37,996 [INFO]       Appointed Officer: SKEETE, Jurome Patrick (Director)
2026-10-07 21:00:37,996 [INFO]       Address:          85 Great Portland Street, London, England, W1W 7LT
2026-10-07 21:00:40,290 [INFO] [ 31/50] Scraping: SUNLUN CALLING NE COMMUNITY INTEREST COMPANY (Co #14508671)
2026-10-07 21:00:41,763 [INFO]       Appointed Officer: LEE, Leesa (Director)
2026-10-07 21:00:41,763 [INFO]       Address:          47 West Sunniside, Sunderland, England, SR1 1BA
2026-10-07 21:00:44,072 [INFO] [ 32/50] Scraping: SUNFLOWER DIRECT AID UA C.I.C. (Co #14479465)
2026-10-07 21:00:45,748 [INFO]       Appointed Officer: CARPENTER, John Christopher (Director)
2026-10-07 21:00:45,748 [INFO]       Address:          Suite 8, Riverside Business Centre Foundry Lane, Milford, Belper, England, DE56 0RN
2026-10-07 21:00:48,049 [INFO] [ 33/50] Scraping: KENT COMMUNITY SKILLS ENTERPRISE CIC (Co #14120061)
2026-10-07 21:00:49,611 [INFO]       Appointed Officer: OMAGHOMI, Jemide Festus (Director)
2026-10-07 21:00:49,611 [INFO]       Address:          76 High Street, Chatham, England, ME4 4DS
2026-10-07 21:00:51,925 [INFO] [ 34/50] Scraping: THE PENALTY BOX SOCIAL BAR CIC (Co #13494145)
2026-10-07 21:00:54,189 [INFO]       Appointed Officer: GIBSON, Adam (Director)
2026-10-07 21:00:54,189 [INFO]       Address:          12 Cort Crescent, Leicester, England, LE3 1QZ
2026-10-07 21:00:56,485 [INFO] [ 35/50] Scraping: RAINBOWS HQ CIC (Co #14637231)
2026-10-07 21:00:58,012 [INFO]       Appointed Officer: ROBERTS, Lee Wayne (Secretary)
2026-10-07 21:00:58,012 [INFO]       Address:          25 Clipstone Road West, Forest Town, Mansfield, England, NG19 0EF
2026-10-07 21:01:00,311 [INFO] [ 36/50] Scraping: GRASSROOTZ FC C.I.C. (Co #14523540)
2026-10-07 21:01:01,758 [INFO]       Appointed Officer: OSBOURNE, Greg Floyd (Director)
2026-10-07 21:01:01,759 [INFO]       Address:          41 Frant Road, Thornton Heath, England, CR7 7JZ
2026-10-07 21:01:04,054 [INFO] [ 37/50] Scraping: RECYCLE MOBILITY CENTRE C.I.C. (Co #SC380301)
2026-10-07 21:01:05,710 [INFO]       Appointed Officer: WILLIAMSON, Elaine (Secretary)
2026-10-07 21:01:05,710 [INFO]       Address:          12 Swinton Place, Flat 4/1 Cardonald, Glasgow, G52 2EA
2026-10-07 21:01:08,004 [INFO] [ 38/50] Scraping: LAMENTALLY SOUND CIC (Co #SC638581)
2026-10-07 21:01:09,700 [INFO]       Appointed Officer: CLUBB, Lesley Ann (Director)
2026-10-07 21:01:09,700 [INFO]       Address:          47 Ochilview Drive, High Valleyfield, Dunfermline, Scotland, KY12 8UD
2026-10-07 21:01:11,998 [INFO] [ 39/50] Scraping: PROSPECT NORTH CIC (Co #SC702985)
2026-10-07 21:01:13,633 [INFO]       Appointed Officer: BRUCE, Fergus Andrew Maclean (Director)
2026-10-07 21:01:13,633 [INFO]       Address:          Suite 2/2 Atlantic Chambers, 1a Cadogan Street, Glasgow, Scotland, G2 6QE
2026-10-07 21:01:15,925 [INFO] [ 40/50] Scraping: MOYEN C.I.C. (Co #SC688197)
2026-10-07 21:01:17,525 [INFO]       Appointed Officer: BOYLE, James Anthony (Director)
2026-10-07 21:01:17,526 [INFO]       Address:          6 Ashgrove Road, Ardrossan, Scotland, KA22 7HP
2026-10-07 21:01:19,816 [INFO] [ 41/50] Scraping: THE AFRICAN EXPERIENCE CIC (Co #SC733890)
2026-10-07 21:01:21,526 [INFO]       Appointed Officer: FLYNN, John Joseph (Director)
2026-10-07 21:01:21,526 [INFO]       Address:          17 Tulloch Hill, Perth, Scotland, PH1 2PN
2026-10-07 21:01:23,817 [INFO] [ 42/50] Scraping: BIOPHILIA CIC (Co #SC724297)
2026-10-07 21:01:25,309 [INFO]       Appointed Officer: BARRABLE, Alexia, Dr (Director)
2026-10-07 21:01:25,309 [INFO]       Address:          5 Kirkaldy Court, St. Andrews, Scotland, KY16 8HJ
2026-10-07 21:01:27,602 [INFO] [ 43/50] Scraping: SENSORY HAIR C.I.C. (Co #8939043)
2026-10-07 21:01:29,085 [INFO]       Appointed Officer: LEACH, Jennie Mary (Director)
2026-10-07 21:01:29,085 [INFO]       Address:          80 Gower House Ruston Road, Burntwood, England, WS7 3RU
2026-10-07 21:01:31,397 [INFO] [ 44/50] Scraping: SNACKS ON THE WAY C.I.C. (Co #SC758188)
2026-10-07 21:01:32,857 [INFO]       Appointed Officer: SCOTT, Kimberly Denholm (Director)
2026-10-07 21:01:32,857 [INFO]       Address:          63 Nelson Street, Glasgow, Scotland, G5 8DZ
2026-10-07 21:01:35,167 [INFO] [ 45/50] Scraping: FISHING IN SUPPORT OF HOPE (FISH) C.I.C. (Co #NI688316)
2026-10-07 21:01:36,767 [INFO]       Appointed Officer: CAMPBELL, Thomas (Director)
2026-10-07 21:01:36,768 [INFO]       Address:          36 Cashel Hill Park, Londonderry, Northern Ireland, BT48 8LS
2026-10-07 21:01:39,075 [INFO] [ 46/50] Scraping: THE ANY BODY CAN COOK COMMUNITY INTEREST COMPANY (Co #9608596)
2026-10-07 21:01:40,685 [INFO]       Appointed Officer: HEALEY, Matthew John (Secretary)
2026-10-07 21:01:40,685 [INFO]       Address:          50 Bath Road, Warminster, Wiltshire, England, BA12 7RY
2026-10-07 21:01:42,976 [INFO] [ 47/50] Scraping: PAKISTANI CHRISTIAN CONCERN INTERNATIONAL (PCCI) CIC (Co #14169537)
2026-10-07 21:01:44,524 [INFO]       Appointed Officer: PETER, Stephen Asif (Director)
2026-10-07 21:01:44,524 [INFO]       Address:          202 Deykin Avenue, Birmingham, England, B6 7BH
2026-10-07 21:01:46,820 [INFO] [ 48/50] Scraping: THE PEOPLES MOVEMENT NETWORK CIC (Co #14558206)
2026-10-07 21:01:48,311 [INFO]       Appointed Officer: FAWCETT, Sian (Director)
2026-10-07 21:01:48,311 [INFO]       Address:          17 Stanton Street, Stretford, Manchester, England, M32 0JS
2026-10-07 21:01:50,615 [INFO] [ 49/50] Scraping: PORTLAND UNDERWATER CURIOSITY PARK CIC (Co #11626862)
2026-10-07 21:01:52,262 [INFO]       Appointed Officer: LUCKHURST, Adam John (Director)
2026-10-07 21:01:52,262 [INFO]       Address:          Admiralty Buildings, Castletown, Portland, Dorset, United Kingdom, DT5 1BB
2026-10-07 21:01:54,555 [INFO] [ 50/50] Scraping: SCARBOROUGH BLUES CLUB CIC (Co #8771938)
2026-10-07 21:01:56,212 [INFO]       Appointed Officer: HORSLEY, Julian Mark (Director)
2026-10-07 21:01:56,212 [INFO]       Address:          15 Pavilion View 5 Westbourne Road, Scarborough, North Yorkshire, England, YO11 2SP
2026-10-07 21:01:58,545 [INFO] ================================================================================
2026-10-07 21:01:58,545 [INFO] BATCH FINISHED: Processed 50 companies in 172.8s.
2026-10-07 21:01:58,545 [INFO] Total Cumulative Enriched: 2582 companies.
2026-10-07 21:01:58,545 [INFO] Updated CSV: enriched_uk_companies.csv
2026-10-07 21:01:58,545 [INFO] Updated Log: scraper.log
2026-10-07 21:01:58,546 [INFO] ================================================================================
2026-10-08 04:25:48,749 [INFO] ================================================================================
2026-10-08 04:25:48,749 [INFO] STARTING PRODUCTION UK COMPANIES HOUSE CONTACT SCRAPER
2026-10-08 04:25:48,749 [INFO] ================================================================================
2026-10-08 04:25:48,749 [INFO] Input Dataset:  Companies-House-search-results.csv
2026-10-08 04:25:48,749 [INFO] Output Dataset: enriched_uk_companies.csv
2026-10-08 04:25:48,749 [INFO] Batch Size:     50
2026-10-08 04:25:48,761 [INFO] Already processed in previous runs: 2582 companies
2026-10-08 04:25:48,784 [INFO] Total remaining companies to scrape: 2418
2026-10-08 04:25:48,784 [INFO] Processing next batch of 50 companies...

2026-10-08 04:25:48,784 [INFO] [  1/50] Scraping: THE RACIAL LIBERATION MOVEMENT COMMUNITY INTEREST COMPANY (Co #14168377)
2026-10-08 04:25:49,930 [INFO]       Appointed Officer: ROPER, Natalie Eve Doris (Director)
2026-10-08 04:25:49,930 [INFO]       Address:          5a Trinity Rise, Trinity Rise, London, England, SW2 2QP
2026-10-08 04:25:52,265 [INFO]    [PHONE]   +4407804590220
2026-10-08 04:25:52,265 [INFO]    [EMAIL]   NatalieEve@theracialliberationmovement.org.uk
2026-10-08 04:25:52,265 [INFO]    [WEBSITE] https://www.embracehumanity.org.uk/
2026-10-08 04:25:53,265 [INFO] [  2/50] Scraping: SOMERVILLE ENTERPRISES CIC (Co #SC428269)
2026-10-08 04:25:54,357 [INFO]       Appointed Officer: RAMSAIDH, David Scott (Director)
2026-10-08 04:25:54,357 [INFO]       Address:          Kindrogan Somerville School, Enochdhu, Blairgowrie, Scotland, PH10 7PF
2026-10-08 04:25:55,456 [INFO] [  3/50] Scraping: REBEL DYKES HISTORY PROJECT CIC (Co #SC626178)
2026-10-08 04:25:56,462 [INFO]       Appointed Officer: FAHEY, Siobhan (Director)
2026-10-08 04:25:56,462 [INFO]       Address:          2/1 9 Coplaw Court, Glasgow, Scotland, G42 7JY
2026-10-08 04:25:57,579 [INFO] [  4/50] Scraping: DRONE SAR (UK) COMMUNITY INTEREST COMPANY (Co #13237261)
2026-10-08 04:25:58,526 [INFO]       Appointed Officer: MCDOWALL, Robert Andrew Stuart (Director)
2026-10-08 04:25:58,526 [INFO]       Address:          168 Lee Lane, Horwich, Bolton, England, BL6 7AF
2026-10-08 04:25:59,622 [INFO] [  5/50] Scraping: C.E.GA.R INTERNATIONAL C.I.C. (Co #12638272)
2026-10-08 04:26:00,706 [INFO]       Appointed Officer: MCCUTCHEON, Robert (Director)
2026-10-08 04:26:00,706 [INFO]       Address:          39 Typhoon Way, Brockworth, Gloucester, England, GL3 4BQ
2026-10-08 04:26:01,781 [INFO] [  6/50] Scraping: CLAYTON (WEST SUSSEX) FIBRE BROADBAND CIC (Co #13973524)
2026-10-08 04:26:02,791 [INFO]       Appointed Officer: BOLTON, Jeremy Peter (Director)
2026-10-08 04:26:02,791 [INFO]       Address:          Garden Cottage Underhill Lane, Clayton, Hassocks, England, BN6 9PJ
2026-10-08 04:26:03,918 [INFO] [  7/50] Scraping: PEOPLE FIRST SUPPORT C.I.C. (Co #8586020)
2026-10-08 04:26:04,998 [INFO]       Appointed Officer: DAVIES, Julie Christine (Director)
2026-10-08 04:26:04,998 [INFO]       Address:          1-3 Heath Street Heath Street, Golborne, Warrington, England, WA3 3BN
2026-10-08 04:26:06,073 [INFO] [  8/50] Scraping: PERFORMERS TOGETHER CIC (Co #8013871)
2026-10-08 04:26:07,196 [INFO]       Appointed Officer: NAPIER, Katherine Mary, Dr (Director)
2026-10-08 04:26:07,196 [INFO]       Address:          27 Alfred Road, Farnham, Surrey, GU9 8ND
2026-10-08 04:26:08,311 [INFO] [  9/50] Scraping: TECHED OFF CIC (Co #14410181)
2026-10-08 04:26:09,400 [INFO]       Appointed Officer: WILSON, Miranda Jayone (Director)
2026-10-08 04:26:09,400 [INFO]       Address:          68 Weymouth Road, Frome, England, BA11 1HJ
2026-10-08 04:26:10,494 [INFO] [ 10/50] Scraping: ROCKAWAY COMMUNITY ARTS C.I.C. (Co #14914833)
2026-10-08 04:26:11,533 [INFO]       Appointed Officer: DIWELL, Michelle Anne (Director)
2026-10-08 04:26:11,533 [INFO]       Address:          Rockaway House Rockaway Park, Eastcourt Road, Temple Cloud, United Kingdom, BS39 5BU
2026-10-08 04:26:12,703 [INFO] [ 11/50] Scraping: PLYMOUTH COMMUNITY CLIMATE CENTRE CIC (Co #14052602)
2026-10-08 04:26:13,747 [INFO]       Appointed Officer: DE KONING, Lucas (Director)
2026-10-08 04:26:13,747 [INFO]       Address:          18a 18a Admiralty Street, Stonehouse, Plymouth, England, PL1 3RX
2026-10-08 04:26:14,823 [INFO] [ 12/50] Scraping: ONE OF A KIND CHORLEY CIC (Co #15520833)
2026-10-08 04:26:15,775 [INFO]       Appointed Officer: MACLACHLAN, Joanne Emma (Director)
2026-10-08 04:26:15,776 [INFO]       Address:          2 Dunnock Close, Euxton, Lancashire, United Kingdom, PR7 6QZ
2026-10-08 04:26:16,857 [INFO] [ 13/50] Scraping: INSIDE OUT RJ CIC (Co #13628626)
2026-10-08 04:26:17,852 [INFO]       Appointed Officer: BURRIDGE, Catherine Jane (Director)
2026-10-08 04:26:17,852 [INFO]       Address:          1-3 Gloucester Road, Bishopston, Bristol, England, BS7 8AA
2026-10-08 04:26:18,933 [INFO] [ 14/50] Scraping: HEY MAMA C.I.C. (Co #12276257)
2026-10-08 04:26:20,077 [INFO]       Appointed Officer: DENNEMONT, Pauline Annette (Director)
2026-10-08 04:26:20,077 [INFO]       Address:          6 Albert Avenue, Idle, Bradford, England, BD10 9QJ
2026-10-08 04:26:21,158 [INFO] [ 15/50] Scraping: KINGFISHERS MENTAL HEALTH CIC (Co #13844260)
2026-10-08 04:26:22,093 [INFO]       Appointed Officer: PATTERSON, Tony Clive (Director)
2026-10-08 04:26:22,094 [INFO]       Address:          The Plough, The Broadway, Croydon, England, CR0 4QR
2026-10-08 04:26:23,193 [INFO] [ 16/50] Scraping: ALUM ROCK B8 CIC (Co #14183842)
2026-10-08 04:26:24,283 [INFO]       Appointed Officer: RAFIQ, Waheed (Secretary)
2026-10-08 04:26:24,283 [INFO]       Address:          67 Alderson Road, Birmingham, England, B8 3BP
2026-10-08 04:26:25,362 [INFO] [ 17/50] Scraping: GLOBAL CLIMATE BUDDIES CIC (Co #13942958)
2026-10-08 04:26:26,333 [INFO]       Appointed Officer: ERWOOD, Michael Charles (Director)
2026-10-08 04:26:26,333 [INFO]       Address:          8 Milton Manor Drive, Little Milton, Oxford, England, OX44 7PT
2026-10-08 04:26:27,424 [INFO] [ 18/50] Scraping: MEN'S RADIO STATION (LONDON) C.I.C. (Co #13071877)
2026-10-08 04:26:28,588 [INFO]       Appointed Officer: HORNER, Penelope Diane (Director)
2026-10-08 04:26:28,588 [INFO]       Address:          16b Jermyn Street, Westminster, London, SW1Y 6ST
2026-10-08 04:26:29,662 [INFO] [ 19/50] Scraping: HIGHWAYS AND BYWAYS COMMUNITY DEVELOPMENT C.I.C. (Co #13530787)
2026-10-08 04:26:30,659 [INFO]       Appointed Officer: BOON, Rudolph (Director)
2026-10-08 04:26:30,660 [INFO]       Address:          29a Lakeland Court Chester Street, Wolverhampton, England, WV6 0PY
2026-10-08 04:26:31,748 [INFO] [ 20/50] Scraping: EXCLUDEDUK CIC (Co #12635856)
2026-10-08 04:26:32,814 [INFO]       Appointed Officer: ROBERTSON, Katharine Ana (Secretary)
2026-10-08 04:26:32,814 [INFO]       Address:          Allia Future Business Centre, London Road, Peterborough, England, PE2 8AN
2026-10-08 04:26:33,903 [INFO] [ 21/50] Scraping: LINCS AND NOTTS CHILL UK C.I.C. (Co #14215553)
2026-10-08 04:26:34,862 [INFO]       Appointed Officer: WILSON, Matthew Andrew (Director)
2026-10-08 04:26:34,862 [INFO]       Address:          Chestnut Cottage, Main Road, Hawksworth, Notts, United Kingdom, NG13 9DD
2026-10-08 04:26:35,945 [INFO] [ 22/50] Scraping: SEEDS CONSERVATION CIC (Co #12303922)
2026-10-08 04:26:36,989 [INFO]       Appointed Officer: CRAMP, David (Director)
2026-10-08 04:26:36,989 [INFO]       Address:          5 Woodside Churnet View Road, Oakamoor, Staffordshire, ST10 3AE
2026-10-08 04:26:38,066 [INFO] [ 23/50] Scraping: WELCOME IN THE WILD CIC (Co #13475504)
2026-10-08 04:26:39,102 [INFO]       Appointed Officer: KENNY GOUGH, Helen (Director)
2026-10-08 04:26:39,102 [INFO]       Address:          The Dairy The Dairy, Plas Llangoedmor, Llangoedmor, Ceredigion, United Kingdom, SA43 2LB
2026-10-08 04:26:40,287 [INFO] [ 24/50] Scraping: STROUD NATURE COMMUNITY INTEREST COMPANY (Co #6818320)
2026-10-08 04:26:41,375 [INFO]       Appointed Officer: LEAD, Peter Leonard (Director)
2026-10-08 04:26:41,375 [INFO]       Address:          21 The Hill Merrywalks, Stroud, England, GL5 4EP
2026-10-08 04:26:42,457 [INFO] [ 25/50] Scraping: SHIELD CONNECTION CIC (Co #14741020)
2026-10-08 04:26:43,412 [INFO]       Appointed Officer: NUR, Khadija Omar Sheikh (Director)
2026-10-08 04:26:43,412 [INFO]       Address:          3 Hope Close, Brentford, England, TW8 0LP
2026-10-08 04:26:44,495 [INFO] [ 26/50] Scraping: THE SQUARE SHOP CIC (Co #12416397)
2026-10-08 04:26:45,490 [INFO]       Appointed Officer: LOFTHOUSE, Steve (Director)
2026-10-08 04:26:45,490 [INFO]       Address:          Hillside Forge, Northlew, Okehampton, England, EX20 3NR
2026-10-08 04:26:46,574 [INFO] [ 27/50] Scraping: OMNIFIC CREATIVE CIC (Co #14072398)
2026-10-08 04:26:47,664 [INFO]       Appointed Officer: BIRKINSHAW, Nathan Jay (Director)
2026-10-08 04:26:47,664 [INFO]       Address:          4 Woodstreet Wood Street, Wakefield, England, WF1 2ED
2026-10-08 04:26:49,258 [INFO] [ 28/50] Scraping: GENETICS MADE SIMPLE CIC (Co #11425764)
2026-10-08 04:26:50,317 [INFO]       Appointed Officer: BAYLEY, Clare Louise, Dr (Director)
2026-10-08 04:26:50,317 [INFO]       Address:          Longmires 200a Stockport Road, Timperley, Altrincham, England, WA15 7UA
2026-10-08 04:26:52,377 [INFO] [ 29/50] Scraping: THE BRAIDING PROJECT C.I.C. (Co #14883597)
2026-10-08 04:26:53,333 [INFO]       Appointed Officer: FORBES-JOHN, Jennifer Ruth (Director)
2026-10-08 04:26:53,333 [INFO]       Address:          36 Falmouth Road, Chelmsford, England, CM1 6HZ
2026-10-08 04:26:55,397 [INFO] [ 30/50] Scraping: ABCOLLECTABLES CIC (Co #13307774)
2026-10-08 04:26:56,450 [INFO]       Appointed Officer: TENIOLA, Natalie (Secretary)
2026-10-08 04:26:56,450 [INFO]       Address:          26 Salisbury Street, Manchester, England, M14 4ND
2026-10-08 04:26:58,518 [INFO] [ 31/50] Scraping: HOT YOGA HEALTH NEWPORT COMMUNITY INTEREST COMPANY (Co #9972991)
2026-10-08 04:26:59,606 [INFO]       Appointed Officer: LATHAM, Geoffrey Alan (Director)
2026-10-08 04:26:59,606 [INFO]       Address:          Wellbeing House, North St, Newport, Wales, NP20 1HX
2026-10-08 04:27:01,683 [INFO] [ 32/50] Scraping: BUILD-A-PLANE COMMUNITY INTEREST COMPANY (Co #14399792)
2026-10-08 04:27:02,720 [INFO]       Appointed Officer: CHARMAN, Kenneth Albert (Director)
2026-10-08 04:27:02,720 [INFO]       Address:          Rodsworthy House, Ash Mill, South Molton, England, EX36 4QD
2026-10-08 04:27:04,789 [INFO] [ 33/50] Scraping: FERN COMMS CIC (Co #13830641)
2026-10-08 04:27:05,785 [INFO]       Appointed Officer: JUMEAUX, Sybille Anouk (Director)
2026-10-08 04:27:05,785 [INFO]       Address:          43 Milecastle Court, Newcastle Upon Tyne, United Kingdom, NE5 2PA
2026-10-08 04:27:07,853 [INFO] [ 34/50] Scraping: AFRICAN CULTURAL GROUP UK CIC (Co #15359616)
2026-10-08 04:27:08,909 [INFO]       Appointed Officer: IFEGWU-UKA, Collins (Director)
2026-10-08 04:27:08,909 [INFO]       Address:          27 Stainton Drive, Heelands, Milton Keynes, England, MK13 7QW
2026-10-08 04:27:10,980 [INFO] [ 35/50] Scraping: DEMENTIA SUPPORT SERVICES C.I.C. (Co #12449959)
2026-10-08 04:27:11,983 [INFO]       Appointed Officer: DOHERTY, Lisa (Director)
2026-10-08 04:27:11,983 [INFO]       Address:          251 Dover Road, Folkestone, England, CT19 6NT
2026-10-08 04:27:14,045 [INFO] [ 36/50] Scraping: BLACK ARTS MATTER C.I.C. (Co #12905269)
2026-10-08 04:27:15,051 [INFO]       Appointed Officer: BELL, Avni-Joy (Director)
2026-10-08 04:27:15,051 [INFO]       Address:          Flat 501 Caledonian Point 34 Norman Road, London, England, SE10 9QX
2026-10-08 04:27:17,116 [INFO] [ 37/50] Scraping: SERENITY HOME SUPPORT GROUP CIC (Co #14229848)
2026-10-08 04:27:18,154 [INFO]       Appointed Officer: BYFIELD, Melinda Veronica (Director)
2026-10-08 04:27:18,154 [INFO]       Address:          1 Penge Grove, Birmingham, England, B44 9HY
2026-10-08 04:27:20,313 [INFO] [ 38/50] Scraping: WUTA CIC (Co #14607513)
2026-10-08 04:27:21,384 [INFO]       Appointed Officer: KROST, Claire Victoria (Director)
2026-10-08 04:27:21,384 [INFO]       Address:          31 Guildford Road, Rustington, Littlehampton, England, BN16 3JB
2026-10-08 04:27:23,473 [INFO] [ 39/50] Scraping: SOUL BODY TREATMENT C.I.C. (Co #14916954)
2026-10-08 04:27:24,506 [INFO]       Appointed Officer: GOLAB, Iwona (Director)
2026-10-08 04:27:24,506 [INFO]       Address:          12 Fernmoor Drive, Irthlingborough, Wellingborough, England, NN9 5TL
2026-10-08 04:27:26,569 [INFO] [ 40/50] Scraping: SORTIFIED CIC (Co #7641753)
2026-10-08 04:27:27,638 [INFO]       Appointed Officer: COLLINS, Gillian Ruth (Director)
2026-10-08 04:27:27,638 [INFO]       Address:          10 Brackley Close, Bourne, Lincolnshire, England, PE10 9PW
2026-10-08 04:27:29,697 [INFO] [ 41/50] Scraping: SPORT WORKS (NORTH) C.I.C. (Co #8079771)
2026-10-08 04:27:30,800 [INFO]       Appointed Officer: BRERETON, Gillian Marie Crann (Director)
2026-10-08 04:27:30,801 [INFO]       Address:          Mill Beck, Crook, Kendal, Cumbria, LA8 8LD
2026-10-08 04:27:32,867 [INFO] [ 42/50] Scraping: UKI CENTRE C.I.C. (Co #11756698)
2026-10-08 04:27:33,962 [INFO]       Appointed Officer: CLARK, David (Secretary)
2026-10-08 04:27:33,962 [INFO]       Address:          30 Esprit Close, Wymondham, Norfolk, NR18 9LY
2026-10-08 04:27:36,035 [INFO] [ 43/50] Scraping: THINK 2 SPEAK CIC (Co #9662223)
2026-10-08 04:27:37,066 [INFO]       Appointed Officer: JORDAN, Elizabeth Jane (Director)
2026-10-08 04:27:37,066 [INFO]       Address:          22 Regent Street, Nottingham, NG1 5BQ
2026-10-08 04:27:39,130 [INFO] [ 44/50] Scraping: THE CIRCLE COMMUNITY CLUB C.I.C. (Co #14757615)
2026-10-08 04:27:40,086 [INFO]       Appointed Officer: EL KURDI, Abdul Hadi (Director)
2026-10-08 04:27:40,086 [INFO]       Address:          Former St. John The Evangelist, Burnley Road, Bacup, England, OL13 8AB
2026-10-08 04:27:42,159 [INFO] [ 45/50] Scraping: IMO STATE UNITE ASSO. MILTON KEYNES & ENVIRONS CIC (Co #14756433)
2026-10-08 04:27:43,261 [INFO]       Appointed Officer: EGEJURU EGEJURU, Luke Nwabueze (Director)
2026-10-08 04:27:43,261 [INFO]       Address:          9 Polmartin Court, Fishermead, Milton Keynes, England, MK6 2JL
2026-10-08 04:27:45,322 [INFO] [ 46/50] Scraping: GOBAITH CIC (Co #14343924)
2026-10-08 04:27:46,294 [INFO]       Appointed Officer: HARDIE, Michael Robert (Director)
2026-10-08 04:27:46,294 [INFO]       Address:          Aros Farm Ffordd Pentre Bach, Nercwys, Mold, United Kingdom, CH7 4EG
2026-10-08 04:27:48,356 [INFO] [ 47/50] Scraping: THE ANNEXE WELLBEING CENTRE COMMUNITY INTEREST COMPANY (Co #14421810)
2026-10-08 04:27:49,423 [INFO]       Appointed Officer: CAPSALIS, George (Director)
2026-10-08 04:27:49,423 [INFO]       Address:          Stable View, Burnt Farm Ride, Enfield, England, EN2 9DY
2026-10-08 04:27:51,521 [INFO] [ 48/50] Scraping: PLACEMAKERS CIC (Co #14347997)
2026-10-08 04:27:52,479 [INFO]       Appointed Officer: SMITH, Tyler Benjamin (Director)
2026-10-08 04:27:52,479 [INFO]       Address:          64 Lubbock Road, Chislehurst, England, BR7 5JX
2026-10-08 04:27:54,564 [INFO] [ 49/50] Scraping: SUSSEX WILLS CIC (Co #12698002)
2026-10-08 04:27:55,674 [INFO]       Appointed Officer: CHANCELLOR, Radford Charles (Director)
2026-10-08 04:27:55,674 [INFO]       Address:          Gemini House, Old Shoreham Road, Hove, England, BN3 7BD
2026-10-08 04:27:57,737 [INFO] [ 50/50] Scraping: THE BORGIA INITIATIVE FOR THE DEVELOPMENT OF YOUTH AQUATIC SPORTS CIC (Co #14238957)
2026-10-08 04:27:58,795 [INFO]       Appointed Officer: BORGIA, Lorna (Director)
2026-10-08 04:27:58,795 [INFO]       Address:          Langhurst Manor East Pook Hill, Chiddingfold, Godalming, England, GU8 4XR
2026-10-08 04:28:00,909 [INFO] ================================================================================
2026-10-08 04:28:00,909 [INFO] BATCH FINISHED: Processed 50 companies in 132.1s.
2026-10-08 04:28:00,909 [INFO] Total Cumulative Enriched: 2632 companies.
2026-10-08 04:28:00,909 [INFO] Updated CSV: enriched_uk_companies.csv
2026-10-08 04:28:00,909 [INFO] Updated Log: scraper.log
2026-10-08 04:28:00,909 [INFO] ================================================================================
2026-10-08 15:11:47,337 [INFO] ================================================================================
2026-10-08 15:11:47,337 [INFO] STARTING PRODUCTION UK COMPANIES HOUSE CONTACT SCRAPER
2026-10-08 15:11:47,337 [INFO] ================================================================================
2026-10-08 15:11:47,338 [INFO] Input Dataset:  Companies-House-search-results.csv
2026-10-08 15:11:47,338 [INFO] Output Dataset: enriched_uk_companies.csv
2026-10-08 15:11:47,338 [INFO] Batch Size:     50
2026-10-08 15:11:47,349 [INFO] Already processed in previous runs: 2632 companies
2026-10-08 15:11:47,366 [INFO] Total remaining companies to scrape: 2368
2026-10-08 15:11:47,366 [INFO] Processing next batch of 50 companies...

2026-10-08 15:11:47,367 [INFO] [  1/50] Scraping: DISCOVER SCIENCE CIC (Co #13594813)
2026-10-08 15:11:49,035 [INFO]       Appointed Officer: DWYER, Adrian (Director)
2026-10-08 15:11:49,035 [INFO]       Address:          Avon House, 4 Bridge Street, Christchurch, England, BH23 1DX
2026-10-08 15:11:50,461 [INFO]    [EMAIL]   info@historicengland.org.uk
2026-10-08 15:11:50,461 [INFO]    [WEBSITE] https://historicengland.org.uk/campaigns/100-places/science-discovery/
2026-10-08 15:11:51,461 [INFO] [  2/50] Scraping: HEW DEVELOPMENT IN THE COMMUNITY CIC (Co #14246499)
2026-10-08 15:11:52,989 [INFO]       Appointed Officer: RANI, Uzma (Director)
2026-10-08 15:11:52,989 [INFO]       Address:          Parkins Accountants Moor Park House, Bawtry Road, Wickersley, Rotherham, South Yorkshire, United Kingdom, S66 2BL
2026-10-08 15:11:54,096 [INFO] [  3/50] Scraping: THE FOOD SOLIDARITY NETWORK CIC (Co #13305028)
2026-10-08 15:11:55,520 [INFO]       Appointed Officer: HARRISON, Mariel Ann (Director)
2026-10-08 15:11:55,520 [INFO]       Address:          Trill Farm Garden Great Trill Farm, Pudleylake Road, Musbury, Devon, United Kingdom, EX13 8TU
2026-10-08 15:11:56,653 [INFO] [  4/50] Scraping: OPEN MUSICALITY CIC (Co #12024516)
2026-10-08 15:11:57,964 [INFO]       Appointed Officer: JACKSON, Shirley (Secretary)
2026-10-08 15:11:57,964 [INFO]       Address:          27b Daleham Drive, Hillingdon, Uxbridge, UB8 3HW
2026-10-08 15:11:59,056 [INFO] [  5/50] Scraping: INTERBEES COMMUNITY INTEREST COMPANY (Co #13554475)
2026-10-08 15:12:00,428 [INFO]       Appointed Officer: VEEVERS, Sarah Lindsey (Director)
2026-10-08 15:12:00,428 [INFO]       Address:          Coach House Blakemore Farm, Harberton, Totnes, England, TQ9 6GH
2026-10-08 15:12:01,500 [INFO] [  6/50] Scraping: LEARN BETTER CIC (Co #14231217)
2026-10-08 15:12:02,944 [INFO]       Appointed Officer: CENGIZ, Mustafa (Director)
2026-10-08 15:12:02,944 [INFO]       Address:          Flat 15 Broadberry Court, 17 Alston Road, London, England, N18 2LL
2026-10-08 15:12:04,062 [INFO] [  7/50] Scraping: BEKONNECTED CIC (Co #12971314)
2026-10-08 15:12:05,316 [INFO]       Appointed Officer: ORCHARD, Charmaine Bianca (Director)
2026-10-08 15:12:05,317 [INFO]       Address:          15 Berkeley Grove, Greenbank, Bristol, England, BS5 6LT
2026-10-08 15:12:06,427 [INFO] [  8/50] Scraping: AFDP GLOBAL CIC (Co #11387434)
2026-10-08 15:12:07,839 [INFO]       Appointed Officer: HIJAZIN, Paul (Director)
2026-10-08 15:12:07,840 [INFO]       Address:          C/O Goldwins, 75 Maygrove Road, London, England, NW6 2EG
2026-10-08 15:12:08,945 [INFO] [  9/50] Scraping: CRADLE FOR NATURE COMMUNITY INTEREST COMPANY (Co #14815698)
2026-10-08 15:12:10,292 [INFO]       Appointed Officer: HAIGH, Tamsin Olivia (Director)
2026-10-08 15:12:10,292 [INFO]       Address:          11 Dunraven Place, Academy House, Bridgend, Wales, CF31 1JF
2026-10-08 15:12:11,466 [INFO] [ 10/50] Scraping: ADAPTIVE ADVENTURERS CIC (Co #14756200)
2026-10-08 15:12:12,782 [INFO]       Appointed Officer: APPLEBY, Katherine Suzanne (Director)
2026-10-08 15:12:12,782 [INFO]       Address:          13 Natland Road, Kendal, England, LA9 7LR
2026-10-08 15:12:14,000 [INFO] [ 11/50] Scraping: SILVER LINING BIRMINGHAM CIC (Co #14755308)
2026-10-08 15:12:15,385 [INFO]       Appointed Officer: IKHLAQ, Saqlain (Director)
2026-10-08 15:12:15,385 [INFO]       Address:          38 Meriden Street, Birmingham, England, B5 5LS
2026-10-08 15:12:16,463 [INFO] [ 12/50] Scraping: PERIMENOPAUSE SUPPORT UK CIC (Co #13927984)
2026-10-08 15:12:17,860 [INFO]       Appointed Officer: FORTH, Elaine Bernadette (Director)
2026-10-08 15:12:17,861 [INFO]       Address:          5 Barford Close, Redcar, England, TS10 4RD
2026-10-08 15:12:18,953 [INFO] [ 13/50] Scraping: MUSLIM MINORITIES MONITOR (MARSAD) CIC (Co #14235637)
2026-10-08 15:12:20,466 [INFO]       Appointed Officer: ALSHAIKH, Mohammed, Mr. (Director)
2026-10-08 15:12:20,466 [INFO]       Address:          85 Great Portland Street, London, England, W1W 7LT
2026-10-08 15:12:21,545 [INFO] [ 14/50] Scraping: NEWFIELDS HOUSING CIC (Co #14141839)
2026-10-08 15:12:22,848 [INFO]       Appointed Officer: KLUVITSE, Cecile Dzifa, Dr (Director)
2026-10-08 15:12:22,848 [INFO]       Address:          56 Hawkins Drive, Chafford Hundred, Grays, England, RM16 6GG
2026-10-08 15:12:23,941 [INFO] [ 15/50] Scraping: SHINE PUBLIC HEALTH C.I.C. (Co #SC654042)
2026-10-08 15:12:25,304 [INFO]       Appointed Officer: HAYMAN, Martin Paul (Director)
2026-10-08 15:12:25,304 [INFO]       Address:          9 Somnerfield Crescent, Haddington, Scotland, EH41 3RS
2026-10-08 15:12:26,389 [INFO] [ 16/50] Scraping: HILL CITY CIC (Co #SC430446)
2026-10-08 15:12:27,741 [INFO]       Appointed Officer: LAI, Erwin Anak Harry (Director)
2026-10-08 15:12:27,741 [INFO]       Address:          47 Buchanan Park, Ceres, Cupar, Fife, KY15 5NW
2026-10-08 15:12:28,858 [INFO] [ 17/50] Scraping: PLAY PALS WELLBEING CIC (Co #14828982)
2026-10-08 15:12:30,160 [INFO]       Appointed Officer: O'DRISCOLL, David (Director)
2026-10-08 15:12:30,161 [INFO]       Address:          3 Geoffrey Street, Neath, Wales, SA11 1HU
2026-10-08 15:12:31,258 [INFO] [ 18/50] Scraping: COLLABORATIVE FUTURE C.I.C. (Co #12606735)
2026-10-08 15:12:32,642 [INFO]       Appointed Officer: BLAIR, Shanice Loren (Director)
2026-10-08 15:12:32,642 [INFO]       Address:          16 Commerce Square, Nottingham, England, NG1 1HS
2026-10-08 15:12:33,742 [INFO] [ 19/50] Scraping: THE STUDENT LOTTERY CIC (Co #11036333)
2026-10-08 15:12:35,258 [INFO]       Appointed Officer: JANICKYJ, Adam (Director)
2026-10-08 15:12:35,258 [INFO]       Address:          2 Harcourt Drive, Harcourt Drive, Sutton Coldfield, England, B74 4LJ
2026-10-08 15:12:36,349 [INFO] [ 20/50] Scraping: ELDEN PATH MULTILINKS LIMITED C.I.C. (Co #12841197)
2026-10-08 15:12:37,856 [INFO]       Appointed Officer: ODHESA, Joshua (Director)
2026-10-08 15:12:37,856 [INFO]       Address:          19 Gildredge Road, Eastbourne, England, BN21 4RU
2026-10-08 15:12:38,937 [INFO] [ 21/50] Scraping: ENDEV RESOURCES CIC (Co #13952084)
2026-10-08 15:12:40,294 [INFO]       Appointed Officer: HLALAKUHLE, Conciliah (Director)
2026-10-08 15:12:40,294 [INFO]       Address:          13 Round Hill, Stone, Aylesbury, Buckinghamshire, HP17 8RE
2026-10-08 15:12:41,363 [INFO] [ 22/50] Scraping: WELL VERSED INK CIC (Co #9900222)
2026-10-08 15:12:42,752 [INFO]       Appointed Officer: AGBOWU, Justine Diana (Director)
2026-10-08 15:12:42,752 [INFO]       Address:          71 High Street, Croydon, England, CR0 1QE
2026-10-08 15:12:43,858 [INFO] [ 23/50] Scraping: VOICE ABLED CIC (Co #14612620)
2026-10-08 15:12:45,153 [INFO]       Appointed Officer: HAILI, Hodan Mohamoud (Director)
2026-10-08 15:12:45,153 [INFO]       Address:          3rd Floor 3rd Floor, 86-90 Paul Street, London, England, EC2A 4NE
2026-10-08 15:12:46,236 [INFO] [ 24/50] Scraping: THE REEVES ACADEMY CIC (Co #14370794)
2026-10-08 15:12:47,487 [INFO]       Appointed Officer: REEVES, Craig Michael (Director)
2026-10-08 15:12:47,487 [INFO]       Address:          103 Melbury Road, Nottingham, England, NG8 4AU
2026-10-08 15:12:48,585 [INFO] [ 25/50] Scraping: IGNITE CHANGE CIC (Co #14813793)
2026-10-08 15:12:49,908 [INFO]       Appointed Officer: DELL, Luke Kwame (Director)
2026-10-08 15:12:49,908 [INFO]       Address:          39 Station Road, Great Wyrley, Walsall, England, WS6 6LH
2026-10-08 15:12:51,011 [INFO] [ 26/50] Scraping: CHEESEMANS LANE FIBRE CIC (Co #14027551)
2026-10-08 15:12:52,449 [INFO]       Appointed Officer: DAWKINS, Roger Antony (Director)
2026-10-08 15:12:52,449 [INFO]       Address:          Byway West Ashling Road, Hambrook, Chichester, England, PO18 8UF
2026-10-08 15:12:53,533 [INFO] [ 27/50] Scraping: LEEDS DISABLED PEOPLE'S ORGANISATION COMMUNITY INTEREST COMPANY (Co #11900452)
2026-10-08 15:12:54,943 [INFO]       Appointed Officer: BOODOO, Anzir (Secretary)
2026-10-08 15:12:54,943 [INFO]       Address:          Studio B, Union 105 105 Chapeltown Road, Leeds, LS7 3HN
2026-10-08 15:12:56,540 [INFO] [ 28/50] Scraping: FIGHTING FOR MENTAL HEALTH C.I.C. (Co #14604265)
2026-10-08 15:12:58,010 [INFO]       Appointed Officer: DOVER, Jamie Alan (Director)
2026-10-08 15:12:58,010 [INFO]       Address:          118 North End Avenue, Portsmouth, England, PO2 8NH
2026-10-08 15:13:00,083 [INFO] [ 29/50] Scraping: KB HOLISTIC & WELLBEING CIC (Co #14111466)
2026-10-08 15:13:01,517 [INFO]       Appointed Officer: BEGUM, Jamila (Director)
2026-10-08 15:13:01,517 [INFO]       Address:          131 Picton Road, Wavertree, Liverpool, England, L15 4LG
2026-10-08 15:13:03,581 [INFO] [ 30/50] Scraping: FOUNDATIONS AT RED BRICK CIC (Co #14616254)
2026-10-08 15:13:05,099 [INFO]       Appointed Officer: DAY, Christopher (Director)
2026-10-08 15:13:05,099 [INFO]       Address:          70 Stanhope Street, Liverpool, England, L8 5RF
2026-10-08 15:13:07,183 [INFO] [ 31/50] Scraping: KIBBUTZ FOSTER VILLAGE CIC (Co #13384670)
2026-10-08 15:13:08,456 [INFO]       Appointed Officer: SIMEONOVA, Zina Fidanova (Director)
2026-10-08 15:13:08,456 [INFO]       Address:          104 Park Grange Rise, Sheffield, England, S2 3SZ
2026-10-08 15:13:10,554 [INFO] [ 32/50] Scraping: DARKROOM THEATRE COMPANY CIC (Co #14162583)
2026-10-08 15:13:11,825 [INFO]       Appointed Officer: HODGKIN, Cerys Siobhan (Director)
2026-10-08 15:13:11,825 [INFO]       Address:          Wyvern Theatre, Theatre Square, Swindon, England, SN1 1QN
2026-10-08 15:13:13,938 [INFO] [ 33/50] Scraping: BOHEMIA ARTS & MUSIC CIC (Co #11899242)
2026-10-08 15:13:15,378 [INFO]       Appointed Officer: DOBELL, Simon (Director)
2026-10-08 15:13:15,378 [INFO]       Address:          7 Eden Court Vale Road, Hawkhurst, Cranbrook, Kent, England, TN18 4DH
2026-10-08 15:13:17,450 [INFO] [ 34/50] Scraping: FAMILY 1ST FITNESS CIC (Co #12058408)
2026-10-08 15:13:18,826 [INFO]       Appointed Officer: FLETCHER, Gina Marie (Director)
2026-10-08 15:13:18,826 [INFO]       Address:          Woodlands Hennel Lane, Lostock Hall, Preston, Lancashire, England, PR5 5UL
2026-10-08 15:13:20,924 [INFO] [ 35/50] Scraping: AS ONE YOUTH PROJECT CIC (Co #13461439)
2026-10-08 15:13:22,421 [INFO]       Appointed Officer: MCKENZIE, Amoy Tashame (Director)
2026-10-08 15:13:22,421 [INFO]       Address:          124 Canberra Road, London, England, SE7 8PG
2026-10-08 15:13:24,540 [INFO] [ 36/50] Scraping: ROOTS IN PORT TALBOT CIC (Co #14658568)
2026-10-08 15:13:25,901 [INFO]       Appointed Officer: CLEMENT, Carl (Director)
2026-10-08 15:13:25,901 [INFO]       Address:          35 Abbey Road, Port Talbot, Wales, SA13 1HB
2026-10-08 15:13:28,008 [INFO] [ 37/50] Scraping: JOLLY GOODH CIC (Co #14774819)
2026-10-08 15:13:29,319 [INFO]       Appointed Officer: JOLLY, Rosemary Elizabeth (Director)
2026-10-08 15:13:29,320 [INFO]       Address:          Maudes Rayle Bottoms, Illogan, Redruth, England, TR16 4QT
2026-10-08 15:13:31,460 [INFO] [ 38/50] Scraping: STARGAZERS DAY CARE CIC (Co #14784335)
2026-10-08 15:13:32,788 [INFO]       Appointed Officer: SMITH, Alicia Leigh Elizabeth (Director)
2026-10-08 15:13:32,788 [INFO]       Address:          2 Ruscar Close, Liverpool, England, L26 7ZG
2026-10-08 15:13:34,866 [INFO] [ 39/50] Scraping: CONTACT JANE C.I.C. (Co #14713230)
2026-10-08 15:13:36,423 [INFO]       Appointed Officer: HAWORTH, Catherine Anna (Director)
2026-10-08 15:13:36,423 [INFO]       Address:          10 Tupton Road, Clay Cross, Chesterfield, England, S45 9FL
2026-10-08 15:13:38,574 [INFO] [ 40/50] Scraping: THE STEPS PROJECT COMMUNITY INTEREST COMPANY (Co #14774844)
2026-10-08 15:13:39,909 [INFO]       Appointed Officer: COLLEY, Jason Joseph (Director)
2026-10-08 15:13:39,909 [INFO]       Address:          P.O.Box 5 The Beechwood Centre, 40 Lower Gravel Road, Bromley, Kent, BR2 8GP
2026-10-08 15:13:42,003 [INFO] [ 41/50] Scraping: LUCK UP CIC (Co #14771432)
2026-10-08 15:13:43,402 [INFO]       Appointed Officer: DUIGNAN, John Kevin (Director)
2026-10-08 15:13:43,402 [INFO]       Address:          30 Eastern Road, Sutton Coldfield, England, B73 5NU
2026-10-08 15:13:45,464 [INFO] [ 42/50] Scraping: TRANSITIONAL PLUS CARE COMMUNITY INTEREST COMPANY (Co #7145290)
2026-10-08 15:13:46,800 [INFO]       Appointed Officer: ANTWI-BROWN, Mark Stephen (Director)
2026-10-08 15:13:46,800 [INFO]       Address:          Suite 202, Queens Dock Business Centre, Norfolk Street, Liverpool, England, L1 0BG
2026-10-08 15:13:48,862 [INFO] [ 43/50] Scraping: SONSHIP MINISTRIES C.I.C. (Co #12545607)
2026-10-08 15:13:50,185 [INFO]       Appointed Officer: ROBB, Raymond Richard (Director)
2026-10-08 15:13:50,186 [INFO]       Address:          5 Devonshire Road, Croydon, England, CR0 2JW
2026-10-08 15:13:52,276 [INFO] [ 44/50] Scraping: THE ART ROOM CREATIVES COMMUNITY INTEREST COMPANY (Co #14740676)
2026-10-08 15:13:53,552 [INFO]       Appointed Officer: COOK, Kerry Anne (Director)
2026-10-08 15:13:53,552 [INFO]       Address:          41 Ski View, Sunderland, England, SR3 1NP
2026-10-08 15:13:55,634 [INFO] [ 45/50] Scraping: THE OAK LAB NETWORK CIC (Co #14248255)
2026-10-08 15:13:56,925 [INFO]       Appointed Officer: CUVILLIER, Gaetan (Director)
2026-10-08 15:13:56,925 [INFO]       Address:          562 Salisbury House, 31 London Wall, London, United Kingdom, EC2M 5QQ
2026-10-08 15:13:59,010 [INFO] [ 46/50] Scraping: THE HISTORY MAKERS C.I.C. (Co #14283201)
2026-10-08 15:14:00,504 [INFO]       Appointed Officer: CARROLL, Jacqueline Lesley (Director)
2026-10-08 15:14:00,504 [INFO]       Address:          St. Wilfreds Enterprise Centre, Birchvale Close, Manchester, England, M15 5BJ
2026-10-08 15:14:02,604 [INFO] [ 47/50] Scraping: THORNLEY WOODLANDS CAFE CIC (Co #12177527)
2026-10-08 15:14:04,108 [INFO]       Appointed Officer: CLYNE, Kay Margaret (Director)
2026-10-08 15:14:04,108 [INFO]       Address:          Thornley Visitors Center, Lockhaugh Road, Rowlands Gill, United Kingdom, NE39 1AU
2026-10-08 15:14:06,210 [INFO] [ 48/50] Scraping: SOCIAL KNOW HOW COMMUNITY INTEREST COMPANY (Co #9976084)
2026-10-08 15:14:07,505 [INFO]       Appointed Officer: BALL, Helen Jane (Director)
2026-10-08 15:14:07,505 [INFO]       Address:          Lister Steps, The Old Library, Liverpool, England, L13 7EB
2026-10-08 15:14:09,622 [INFO] [ 49/50] Scraping: SPRINTERS GLOBAL CIC (Co #10193055)
2026-10-08 15:14:10,961 [INFO]       Appointed Officer: AKHTAR ASLAM, Mevish (Director)
2026-10-08 15:14:10,961 [INFO]       Address:          7 Bell Yard, London, England, WC2A 2JR
2026-10-08 15:14:13,061 [INFO] [ 50/50] Scraping: NORFOLK COUNTY COMMUNITY INTEREST COMPANY (Co #6747919)
2026-10-08 15:14:14,533 [INFO]       Appointed Officer: WARNER, Richard Anthony (Secretary)
2026-10-08 15:14:14,533 [INFO]       Address:          St. Michaels House, Market Place, Reepham, Norfolk, NR10 4JJ
2026-10-08 15:14:16,670 [INFO] ================================================================================
2026-10-08 15:14:16,670 [INFO] BATCH FINISHED: Processed 50 companies in 149.3s.
2026-10-08 15:14:16,670 [INFO] Total Cumulative Enriched: 2682 companies.
2026-10-08 15:14:16,670 [INFO] Updated CSV: enriched_uk_companies.csv
2026-10-08 15:14:16,671 [INFO] Updated Log: scraper.log
2026-10-08 15:14:16,671 [INFO] ================================================================================
2026-10-08 21:01:05,498 [INFO] ================================================================================
2026-10-08 21:01:05,498 [INFO] STARTING PRODUCTION UK COMPANIES HOUSE CONTACT SCRAPER
2026-10-08 21:01:05,499 [INFO] ================================================================================
2026-10-08 21:01:05,499 [INFO] Input Dataset:  Companies-House-search-results.csv
2026-10-08 21:01:05,499 [INFO] Output Dataset: enriched_uk_companies.csv
2026-10-08 21:01:05,499 [INFO] Batch Size:     50
2026-10-08 21:01:05,512 [INFO] Already processed in previous runs: 2682 companies
2026-10-08 21:01:05,533 [INFO] Total remaining companies to scrape: 2318
2026-10-08 21:01:05,533 [INFO] Processing next batch of 50 companies...

2026-10-08 21:01:05,533 [INFO] [  1/50] Scraping: EVERYONE LIVERPOOL CIC (Co #14774948)
2026-10-08 21:01:06,696 [INFO]       Appointed Officer: CARROLL, Caitlin (Director)
2026-10-08 21:01:06,696 [INFO]       Address:          Salisbury Lodge 22b Woolton Street, Liverpool, England, L25 5JA
2026-10-08 21:01:08,734 [INFO]    [EMAIL]   contact@heyexplorer.com
2026-10-08 21:01:08,734 [INFO]    [WEBSITE] https://heyexplorer.com/what-is-liverpool-known-and-famous-for/
2026-10-08 21:01:09,735 [INFO] [  2/50] Scraping: HARINGEY HAWKS BASKETBALL CLUB CIC (Co #14780581)
2026-10-08 21:01:10,745 [INFO]       Appointed Officer: BATIMBA, Franck Stephane (Director)
2026-10-08 21:01:10,745 [INFO]       Address:          22 James Lee Square, Enfield, England, EN3 6GR
2026-10-08 21:01:13,838 [INFO]    [EMAIL]   haringeyhawks@hotmail.co.uk
2026-10-08 21:01:13,838 [INFO]    [WEBSITE] https://sportsclubfinders.co.uk/haringey-hawks-basketball-club
2026-10-08 21:01:14,839 [INFO] [  3/50] Scraping: MANCHESTER PROGRESSIVE EDUCATION CHILDREN'S COMMUNITY C.I.C. (Co #8545735)
2026-10-08 21:01:16,023 [INFO]       Appointed Officer: PENEDO, Susana Lopez (Director)
2026-10-08 21:01:16,023 [INFO]       Address:          127a Egerton Road South, Manchester, England, M21 0XD
2026-10-08 21:01:17,354 [INFO] [  4/50] Scraping: MEDIEVAL SNAIL MAKERSPACE CIC (Co #14910296)
2026-10-08 21:01:18,408 [INFO]       Appointed Officer: FERN, Daniel Bryce (Director)
2026-10-08 21:01:18,408 [INFO]       Address:          17 East End, Sedgefield, Stockton-On-Tees, England, TS21 3AU
2026-10-08 21:01:19,667 [INFO] [  5/50] Scraping: RZZT CIC (Co #10951485)
2026-10-08 21:01:20,759 [INFO]       Appointed Officer: OLBRYCHT-PALMER, Mozart Anthony (Secretary)
2026-10-08 21:01:20,759 [INFO]       Address:          International House 776-778 Barking Road, Barking, London, E13 9PJ
2026-10-08 21:01:21,982 [INFO] [  6/50] Scraping: SEFTON PARK DAY CENTRE COMMUNITY INTEREST COMPANY (Co #9116739)
2026-10-08 21:01:23,086 [INFO]       Appointed Officer: LAWLER, Garry Angus (Secretary)
2026-10-08 21:01:23,087 [INFO]       Address:          4 Sefton Grove, Aigburth, Liverpool, Merseyside, L17 8XB
2026-10-08 21:01:24,333 [INFO] [  7/50] Scraping: NORTHUMBERLAND FAIR & EVENTS GROUP CIC (Co #14775534)
2026-10-08 21:01:25,348 [INFO]       Appointed Officer: BEYNON, John Ace (Director)
2026-10-08 21:01:25,348 [INFO]       Address:          9 Edward Street, Morpeth, United Kingdom, NE61 1UR
2026-10-08 21:01:26,572 [INFO] [  8/50] Scraping: VENTURE SEED CIC (Co #14774892)
2026-10-08 21:01:27,570 [INFO]       Appointed Officer: CHARAMBA, Bruce (Director)
2026-10-08 21:01:27,570 [INFO]       Address:          11 Foxall Street, Middleton, Manchester, England, M24 4PZ
2026-10-08 21:01:28,789 [INFO] [  9/50] Scraping: BODHIAN ART CIC (Co #14832259)
2026-10-08 21:01:29,848 [INFO]       Appointed Officer: BECKFORD, Rochelle (Director)
2026-10-08 21:01:29,848 [INFO]       Address:          293 Battersea Park Road, London, England, SW11 4LX
2026-10-08 21:01:31,063 [INFO] [ 10/50] Scraping: INCLUSIVE IT FOR MUSLIM WOMEN C.I.C. (Co #14829467)
2026-10-08 21:01:32,067 [INFO]       Appointed Officer: ALIKHAN, Ayesshah (Director)
2026-10-08 21:01:32,067 [INFO]       Address:          44-45 Beaufort Court, Admirals Way, London, United Kingdom, E14 9XL
2026-10-08 21:01:33,286 [INFO] [ 11/50] Scraping: A HERO'S SHADOW COMMUNITY INTEREST COMPANY (Co #SC660690)
2026-10-08 21:01:34,289 [INFO]       Appointed Officer: WALTON, Ashley Adam (Director)
2026-10-08 21:01:34,289 [INFO]       Address:          100 Whittret Knowe, Forth, Lanark, Scotland, ML11 8EG
2026-10-08 21:01:35,555 [INFO] [ 12/50] Scraping: MERSEY HUB GROUP CIC (Co #14276763)
2026-10-08 21:01:36,545 [INFO]       Appointed Officer: SQUIRES, Susanne (Secretary)
2026-10-08 21:01:36,545 [INFO]       Address:          Unit 7, 1st Floor, Cross House, Sutton Road, St. Helens, Merseyside, England, WA9 3YH
2026-10-08 21:01:37,758 [INFO] [ 13/50] Scraping: UNLIMITED ISLAND CIC (Co #14788110)
2026-10-08 21:01:38,757 [INFO]       Appointed Officer: WALKER, Claire Jennifer (Director)
2026-10-08 21:01:38,757 [INFO]       Address:          39a Osborne Road, Ryde, England, PO33 2TH
2026-10-08 21:01:39,953 [INFO] [ 14/50] Scraping: DB-EXCEL CIC (Co #14276588)
2026-10-08 21:01:41,064 [INFO]       Appointed Officer: DIOMANDE, Soul Abdul (Director)
2026-10-08 21:01:41,065 [INFO]       Address:          65a Clancarty Road, London, England, SW6 3BB
2026-10-08 21:01:42,283 [INFO] [ 15/50] Scraping: THE HAPPY BUNNY PROJECT CIC (Co #14618501)
2026-10-08 21:01:43,424 [INFO]       Appointed Officer: PORIETE, Ieva (Director)
2026-10-08 21:01:43,424 [INFO]       Address:          6b Market Street, Windsor, England, SL4 1PB
2026-10-08 21:01:44,640 [INFO] [ 16/50] Scraping: GRASSROOTS RECOVERY SERVICES C.I.C. (Co #14794976)
2026-10-08 21:01:45,652 [INFO]       Appointed Officer: HARRIS, Selina Hazel (Director)
2026-10-08 21:01:45,652 [INFO]       Address:          15 Whitelaw Place, Cramlington, United Kingdom, NE23 6HU
2026-10-08 21:01:46,904 [INFO] [ 17/50] Scraping: CAREST COMMUNITY CIC (Co #14801665)
2026-10-08 21:01:48,045 [INFO]       Appointed Officer: DANIELL, Patricia Arit (Director)
2026-10-08 21:01:48,045 [INFO]       Address:          3 Lisford Street, London, England, SE15 5GB
2026-10-08 21:01:49,268 [INFO] [ 18/50] Scraping: THE YOUTH PROJECT (NORTH ) C.I.C. (Co #14534556)
2026-10-08 21:01:50,292 [INFO]       Appointed Officer: SHAW, Lauren Elizabeth (Director)
2026-10-08 21:01:50,292 [INFO]       Address:          1b Hailsham Avenue, Newcastle Upon Tyne, United Kingdom, NE12 8HJ
2026-10-08 21:01:51,545 [INFO] [ 19/50] Scraping: BIG IDEAS NOTTS CIC (Co #13362937)
2026-10-08 21:01:52,693 [INFO]       Appointed Officer: ASPINALL, Olivia (Director)
2026-10-08 21:01:52,693 [INFO]       Address:          4 Cross Street, Beeston, Nottingham, England, NG9 2NX
2026-10-08 21:01:53,914 [INFO] [ 20/50] Scraping: WOMEN AHEAD OF THEIR TIME COMMUNITY INTEREST COMPANY (Co #11913446)
2026-10-08 21:01:55,021 [INFO]       Appointed Officer: DA LUZ BATALHA, Iris Cristina, Dr (Director)
2026-10-08 21:01:55,021 [INFO]       Address:          167-169 Great Portland Street, London, England, W1W 5PF
2026-10-08 21:01:56,243 [INFO] [ 21/50] Scraping: ARQUITECT PRODUCTIONS CIC (Co #14204875)
2026-10-08 21:01:57,353 [INFO]       Appointed Officer: KESHVANI, Rosemin (Director)
2026-10-08 21:01:57,353 [INFO]       Address:          49 Connaught Gardens, London, England, N10 3LG
2026-10-08 21:01:58,590 [INFO] [ 22/50] Scraping: MAGIC MINIS CIC (Co #14872457)
2026-10-08 21:01:59,616 [INFO]       Appointed Officer: COOLING, Gladys Nellie (Director)
2026-10-08 21:01:59,617 [INFO]       Address:          19 Broadview, Broadclyst, Exeter, England, EX5 3HA
2026-10-08 21:02:00,836 [INFO] [ 23/50] Scraping: LEIGH MINERS AFT CIC (Co #14893774)
2026-10-08 21:02:02,053 [INFO]       Appointed Officer: HIGHAM, James Christopher (Director)
2026-10-08 21:02:02,054 [INFO]       Address:          49 Common Lane, Leigh, England, WN7 4QP
2026-10-08 21:02:03,261 [INFO] [ 24/50] Scraping: THE POTTY PAINTING STUDIO CIC (Co #13606884)
2026-10-08 21:02:04,268 [INFO]       Appointed Officer: HOLMES, Barbara Mary (Director)
2026-10-08 21:02:04,268 [INFO]       Address:          Shop 2 Central House, High Street, Ongar, Essex, United Kingdom, CM5 9AA
2026-10-08 21:02:05,504 [INFO] [ 25/50] Scraping: WONDER-FULLY ME CIC (Co #14816467)
2026-10-08 21:02:06,510 [INFO]       Appointed Officer: AGHATISE, Oghogho Sophie (Director)
2026-10-08 21:02:06,510 [INFO]       Address:          Room 28 Quantum Offices, 202-212 Mount View, High Street Road, Ilford, United Kingdom, IG1 1QB
2026-10-08 21:02:07,734 [INFO] [ 26/50] Scraping: THIS IS BRICK BOX CIC (Co #7336078)
2026-10-08 21:02:08,854 [INFO]       Appointed Officer: FREEMAN, Rosalind Joy (Director)
2026-10-08 21:02:08,854 [INFO]       Address:          Assem Assembly C/O Brick Box Cic, 20 North Parade, Bradford, West Yorkshire, England, BD1 3HT
2026-10-08 21:02:10,092 [INFO] [ 27/50] Scraping: VICTORIOUS WOMAN CIC (Co #14816974)
2026-10-08 21:02:11,106 [INFO]       Appointed Officer: QUIALA, Amelia Juelma Almada (Director)
2026-10-08 21:02:11,106 [INFO]       Address:          62 Holmbridge Gardens, Enfield, England, EN3 7EZ
2026-10-08 21:02:12,341 [INFO] [ 28/50] Scraping: DARTMOUTH VISITOR CENTRE C.I.C. (Co #5199339)
2026-10-08 21:02:13,564 [INFO]       Appointed Officer: YARDY, Gerald Gawaine, Cllr (Director)
2026-10-08 21:02:13,565 [INFO]       Address:          The Engine House, Mayors Avenue, Dartmouth, United Kingdom, TQ6 9YY
2026-10-08 21:02:15,757 [INFO] [ 29/50] Scraping: GREATER MANCHESTER FENCING C.I.C. (Co #12057589)
2026-10-08 21:02:16,919 [INFO]       Appointed Officer: COHEN, Mary Beatrix, Dr (Director)
2026-10-08 21:02:16,919 [INFO]       Address:          26 Osborne Mill Waddington Street, Oldham, Greater Manchester, England, OL9 6QH
2026-10-08 21:02:19,109 [INFO] [ 30/50] Scraping: DYNAMICS MUSIC UK C.I.C. (Co #13895598)
2026-10-08 21:02:20,149 [INFO]       Appointed Officer: WINN, Deanna Naomi (Director)
2026-10-08 21:02:20,149 [INFO]       Address:          44 Whitehaven, Luton, England, LU3 4BY
2026-10-08 21:02:22,348 [INFO] [ 31/50] Scraping: OZO CARE CIC (Co #14819565)
2026-10-08 21:02:23,399 [INFO]       Appointed Officer: ENDOZO, Hannah (Director)
2026-10-08 21:02:23,399 [INFO]       Address:          85 Great Portland Street, London, England, W1W 7LT
2026-10-08 21:02:25,611 [INFO] [ 32/50] Scraping: VETERAN SUPPORT U.K. C.I.C. (Co #13795861)
2026-10-08 21:02:26,614 [INFO]       Appointed Officer: RATHMELL, Jon (Director)
2026-10-08 21:02:26,614 [INFO]       Address:          32 Mallowdale, Nunthorpe, Middlesbrough, England, TS7 0QQ
2026-10-08 21:02:28,813 [INFO] [ 33/50] Scraping: CENTRE FOR INDIVIDUAL AND FAMILY IDENTITY CIC (Co #15053783)
2026-10-08 21:02:29,828 [INFO]       Appointed Officer: DORNER, Hanspeter, Dr (Director)
2026-10-08 21:02:29,828 [INFO]       Address:          5 Brayford Square, London, United Kingdom, E1 0SG
2026-10-08 21:02:32,037 [INFO] [ 34/50] Scraping: COMMUNITY ACUPUNCTURE UK CIC (Co #15773413)
2026-10-08 21:02:33,027 [INFO]       Appointed Officer: LIVESEY, John Robert, Dr (Director)
2026-10-08 21:02:33,027 [INFO]       Address:          14 Parkes Way, Blackburn, England, BB2 4FH
2026-10-08 21:02:35,230 [INFO] [ 35/50] Scraping: TALK ABOUT SEND CIC (Co #13595089)
2026-10-08 21:02:36,321 [INFO]       Appointed Officer: BINGHAM, Kirsty Jane (Director)
2026-10-08 21:02:36,321 [INFO]       Address:          Suite 1 Invicta Business Centre, Monument Way, Orbital Park, Ashford, Kent, United Kingdom, TN24 0HB
2026-10-08 21:02:38,512 [INFO] [ 36/50] Scraping: THE CREED AND CULTURE PROJECT C.I.C. (Co #13487970)
2026-10-08 21:02:39,521 [INFO]       Appointed Officer: MARTIN, Luke, Dr (Director)
2026-10-08 21:02:39,521 [INFO]       Address:          12 Brocas Street, Eton, Windsor, England, SL4 6BW
2026-10-08 21:02:41,746 [INFO] [ 37/50] Scraping: SUGRAH C.I.C. (Co #12042869)
2026-10-08 21:02:42,780 [INFO]       Appointed Officer: RAZA, Mariam (Director)
2026-10-08 21:02:42,780 [INFO]       Address:          276 King Street, Brynmawr, Ebbw Vale, Wales, NP23 4DQ
2026-10-08 21:02:44,966 [INFO] [ 38/50] Scraping: STONEHOUSE MARKET CIC (Co #13575824)
2026-10-08 21:02:46,070 [INFO]       Appointed Officer: EASTON, Chris (Director)
2026-10-08 21:02:46,070 [INFO]       Address:          68 Park Road, Stonehouse, England, GL10 2DE
2026-10-08 21:02:48,289 [INFO] [ 39/50] Scraping: RENAISSANCE HOUSE LONDON CIC (Co #12946488)
2026-10-08 21:02:49,309 [INFO]       Appointed Officer: GARR, Godfried Kodzo (Director)
2026-10-08 21:02:49,309 [INFO]       Address:          18 Avenue Gardens, London, England, SE25 4EB
2026-10-08 21:02:51,556 [INFO] [ 40/50] Scraping: TREEHOUSE AMERSHAM CIC (Co #12387617)
2026-10-08 21:02:52,691 [INFO]       Appointed Officer: AULT, Rachel Ashley (Director)
2026-10-08 21:02:52,691 [INFO]       Address:          Piccadilly Business Centre, Blackett Street, Manchester, England, M12 6AE
2026-10-08 21:02:54,908 [INFO] [ 41/50] Scraping: THE CHOCOLATE POETRY CLUB CIC (Co #11335104)
2026-10-08 21:02:55,939 [INFO]       Appointed Officer: BEARD, Paul David (Director)
2026-10-08 21:02:55,939 [INFO]       Address:          6 Kirkstall Gardens, London, England, SW2 4HS
2026-10-08 21:02:58,126 [INFO] [ 42/50] Scraping: CREATIVE OUTREACH CIC (Co #14819073)
2026-10-08 21:02:59,136 [INFO]       Appointed Officer: BIRBAL, Lawrence Corey Hugh (Director)
2026-10-08 21:02:59,136 [INFO]       Address:          86-90 Paul Street, London, England, EC2A 4NE
2026-10-08 21:03:01,353 [INFO] [ 43/50] Scraping: NYACALM C.I.C. (Co #14812411)
2026-10-08 21:03:02,405 [INFO]       Appointed Officer: BELBODA, Joanna Maria Amanda (Director)
2026-10-08 21:03:02,405 [INFO]       Address:          Bradford Court 123-131 Bradford Street, Birmingham, England, B12 0NS
2026-10-08 21:03:04,591 [INFO] [ 44/50] Scraping: REBOUND WELL CIC (Co #13527659)
2026-10-08 21:03:05,659 [INFO]       Appointed Officer: BROWNE, Rosinda Sciolasta (Director)
2026-10-08 21:03:05,659 [INFO]       Address:          201 Rutland Avenue, High Wycombe, England, HP12 3LL
2026-10-08 21:03:07,866 [INFO] [ 45/50] Scraping: M.A.P.P. LEARNING CIC (Co #13687503)
2026-10-08 21:03:08,949 [INFO]       Appointed Officer: CUFFIE, Danelle Nicola (Director)
2026-10-08 21:03:08,949 [INFO]       Address:          167-169 Great Portland Street, London, England, W1W 5PF
2026-10-08 21:03:11,148 [INFO] [ 46/50] Scraping: MORTAR & PESTLE ARTS CIC (Co #14940015)
2026-10-08 21:03:12,138 [INFO]       Appointed Officer: MARSH, Arisha-Jane (Director)
2026-10-08 21:03:12,138 [INFO]       Address:          106 Cherry Tree Lane, Stockport, England, SK2 7PR
2026-10-08 21:03:14,352 [INFO] [ 47/50] Scraping: COMMUNITY RESEARCH AND EMPOWERMENT COLLECTIVE CIC (Co #NI691498)
2026-10-08 21:03:15,456 [INFO]       Appointed Officer: HEALY, Kathleen St. John (Director)
2026-10-08 21:03:15,456 [INFO]       Address:          Rathmore Centre, Blighs Lane, Derry, Northern Ireland, BT48 0LZ
2026-10-08 21:03:17,648 [INFO] [ 48/50] Scraping: GENLINK C.I.C. (Co #12280433)
2026-10-08 21:03:18,680 [INFO]       Appointed Officer: CLARKE, Navel Foster (Director)
2026-10-08 21:03:18,680 [INFO]       Address:          20a St. Stephens Avenue, London, United Kingdom, W12 8JH
2026-10-08 21:03:20,973 [INFO] [ 49/50] Scraping: DIOSIRIS CIC (Co #SC760214)
2026-10-08 21:03:21,983 [INFO]       Appointed Officer: VISTERNICEANU, Mihai (Director)
2026-10-08 21:03:21,984 [INFO]       Address:          2/3 48 West George Street, Clyde Offices, 2nd Floor, Glasgow, Scotland, G2 1BP
2026-10-08 21:03:24,332 [INFO] [ 50/50] Scraping: THE TREELINE TIO CIC (Co #SC761810)
2026-10-08 21:03:25,378 [INFO]       Appointed Officer: ANDERSON, Gillian Rowana (Director)
2026-10-08 21:03:25,378 [INFO]       Address:          32 Strathview Terrace, Balfron, Glasgow, Scotland, G63 0PU
2026-10-08 21:03:27,628 [INFO] ================================================================================
2026-10-08 21:03:27,628 [INFO] BATCH FINISHED: Processed 50 companies in 142.1s.
2026-10-08 21:03:27,628 [INFO] Total Cumulative Enriched: 2732 companies.
2026-10-08 21:03:27,629 [INFO] Updated CSV: enriched_uk_companies.csv
2026-10-08 21:03:27,629 [INFO] Updated Log: scraper.log
2026-10-08 21:03:27,629 [INFO] ================================================================================
2026-10-09 04:29:50,302 [INFO] ================================================================================
2026-10-09 04:29:50,302 [INFO] STARTING PRODUCTION UK COMPANIES HOUSE CONTACT SCRAPER
2026-10-09 04:29:50,302 [INFO] ================================================================================
2026-10-09 04:29:50,302 [INFO] Input Dataset:  Companies-House-search-results.csv
2026-10-09 04:29:50,302 [INFO] Output Dataset: enriched_uk_companies.csv
2026-10-09 04:29:50,302 [INFO] Batch Size:     50
2026-10-09 04:29:50,310 [INFO] Already processed in previous runs: 2732 companies
2026-10-09 04:29:50,324 [INFO] Total remaining companies to scrape: 2268
2026-10-09 04:29:50,324 [INFO] Processing next batch of 50 companies...

2026-10-09 04:29:50,324 [INFO] [  1/50] Scraping: FREE LENS COLLECTIVE CIC (Co #SC697074)
2026-10-09 04:29:51,788 [INFO]       Appointed Officer: ALAZRAQ, Mohammed Qassim Dawoud (Director)
2026-10-09 04:29:51,788 [INFO]       Address:          18 Silverfir Street, Glasgow, Scotland, G5 0JZ
2026-10-09 04:29:53,408 [INFO]    [EMAIL]   info@mapquest.com
2026-10-09 04:29:53,408 [INFO]    [WEBSITE] https://www.mapquest.com/gb/scotland/free-lens-collective-509673885
2026-10-09 04:29:54,409 [INFO] [  2/50] Scraping: CRAWFORD INTERNATIONAL SOCIETY CIC (Co #SC696789)
2026-10-09 04:29:55,680 [INFO]       Appointed Officer: HOUISON CRAUFURD, Simon Douglas (Director)
2026-10-09 04:29:55,680 [INFO]       Address:          Craufurdland Castle, Craufurdland Estate, Kilmarnock, United Kingdom, KA3 6BS
2026-10-09 04:29:56,891 [INFO] [  3/50] Scraping: BRIDGWATER BUSWAYS COMMUNITY TRANSPORT CIC (Co #14168695)
2026-10-09 04:29:58,135 [INFO]       Appointed Officer: FREEMAN, Jason Scott (Director)
2026-10-09 04:29:58,135 [INFO]       Address:          38 Queenswood Road, Bridgwater, England, TA6 7ND
2026-10-09 04:29:59,304 [INFO] [  4/50] Scraping: AQUA REHAB CIC (Co #15509738)
2026-10-09 04:30:00,716 [INFO]       Appointed Officer: ANDREWS, Paul James (Director)
2026-10-09 04:30:00,716 [INFO]       Address:          148 Crab Lane, Stafford, England, ST16 1SP
2026-10-09 04:30:01,796 [INFO] [  5/50] Scraping: BREN'S OPEN ARMS C.I.C. (Co #14689564)
2026-10-09 04:30:03,382 [INFO]       Appointed Officer: RAWLINSON, Gail Elaine (Director)
2026-10-09 04:30:03,382 [INFO]       Address:          Ab & D Centre, 3 Burnley Road, Bacup, United Kingdom, OL13 8AB
2026-10-09 04:30:04,518 [INFO] [  6/50] Scraping: THRIVE ECOPOETRY CIC (Co #14246623)
2026-10-09 04:30:05,795 [INFO]       Appointed Officer: JONES, Emilie Lauren (Director)
2026-10-09 04:30:05,795 [INFO]       Address:          2 Alpine Rise, Coventry, England, CV3 6NT
2026-10-09 04:30:07,017 [INFO] [  7/50] Scraping: OUTDOOR MUMS CIC (Co #12611862)
2026-10-09 04:30:08,292 [INFO]       Appointed Officer: HEATHER, Emily Christine (Director)
2026-10-09 04:30:08,292 [INFO]       Address:          13 Great Rea Road, Brixham, England, TQ5 9SW
2026-10-09 04:30:09,431 [INFO] [  8/50] Scraping: WELLBEING WITHIN COMMUNITY CIC (Co #14553174)
2026-10-09 04:30:10,784 [INFO]       Appointed Officer: GRUNDY, Elaine Hamilton (Director)
2026-10-09 04:30:10,784 [INFO]       Address:          6, 64 Craneswater Avenue, Southsea, England, PO4 0PD
2026-10-09 04:30:11,858 [INFO] [  9/50] Scraping: HEROES IN NEED CIC (Co #14711220)
2026-10-09 04:30:13,124 [INFO]       Appointed Officer: JAGELMAN, Christopher Thomas (Director)
2026-10-09 04:30:13,124 [INFO]       Address:          39a Cranmer Street, Long Eaton, Nottingham, England, NG10 1NJ
2026-10-09 04:30:14,218 [INFO] [ 10/50] Scraping: INSPIRECASTLE CIC (Co #14191320)
2026-10-09 04:30:15,554 [INFO]       Appointed Officer: ARMSTRONG, Daniel (Director)
2026-10-09 04:30:15,555 [INFO]       Address:          Freedom Works 1st Floor Astral Towers, Betts Way, Crawley, West Sussex, England, RH10 9XA
2026-10-09 04:30:16,639 [INFO] [ 11/50] Scraping: STAFFORDSHIRE WARGAMING GUILD CIC (Co #13973536)
2026-10-09 04:30:17,954 [INFO]       Appointed Officer: BRANDSOM, Harriet Jefferies (Director)
2026-10-09 04:30:17,954 [INFO]       Address:          132 Lichfield Road, Stone, England, ST15 8PY
2026-10-09 04:30:19,062 [INFO] [ 12/50] Scraping: EVOLVE ACTIVE CIC (Co #14013778)
2026-10-09 04:30:20,436 [INFO]       Appointed Officer: BULMER, Gary (Director)
2026-10-09 04:30:20,436 [INFO]       Address:          Strelley Community Club, Helston Drive, Strelley, Nottinghamshire, United Kingdom, NG8 6JZ
2026-10-09 04:30:21,524 [INFO] [ 13/50] Scraping: IMANUELLE FUTURE EDUCATION COMMUNITY INTEREST COMPANY (Co #8561087)
2026-10-09 04:30:22,947 [INFO]       Appointed Officer: REID, Brian (Director)
2026-10-09 04:30:22,947 [INFO]       Address:          20 Hodgson Tower Guildford Drive, Birmingham, England, B19 2LY
2026-10-09 04:30:24,307 [INFO] [ 14/50] Scraping: HOPE AND VISION SERVICES CIC (Co #14887766)
2026-10-09 04:30:25,552 [INFO]       Appointed Officer: ATTWOOD, Tony (Director)
2026-10-09 04:30:25,552 [INFO]       Address:          The Coach House Bear Lane, Hare Hatch, Reading, Berkshire, United Kingdom, RG10 9XR
2026-10-09 04:30:26,639 [INFO] [ 15/50] Scraping: FLORALKIND CIC (Co #13857484)
2026-10-09 04:30:28,018 [INFO]       Appointed Officer: REILLY, Annie (Director)
2026-10-09 04:30:28,018 [INFO]       Address:          30 Torridon Road, London, England, SE6 1AQ
2026-10-09 04:30:29,091 [INFO] [ 16/50] Scraping: LOCAL COMMUNITY COOKS CIC (Co #14710922)
2026-10-09 04:30:30,319 [INFO]       Appointed Officer: ANYANWU, Okechukwu Jason (Director)
2026-10-09 04:30:30,320 [INFO]       Address:          63c Chase Side, Enfield, England, EN2 6NQ
2026-10-09 04:30:31,395 [INFO] [ 17/50] Scraping: JARVIS EMPLOYMENT & TRAINING PROJECTS C.I.C. (Co #7162243)
2026-10-09 04:30:32,802 [INFO]       Appointed Officer: ASHDON BUSINESS SERVICES LIMITED (Secretary)
2026-10-09 04:30:32,802 [INFO]       Address:          3rd Floor 86-90 Paul Street, London, England, EC2A 4NE
2026-10-09 04:30:34,142 [INFO] [ 18/50] Scraping: LEDA MOTIVATION CIC (Co #14719975)
2026-10-09 04:30:35,394 [INFO]       Appointed Officer: LEIGH, Daniel William (Director)
2026-10-09 04:30:35,394 [INFO]       Address:          10 Radley Close, Bolton, England, BL1 5ND
2026-10-09 04:30:36,494 [INFO] [ 19/50] Scraping: GUISELEY GAZELLES CIC (Co #14298066)
2026-10-09 04:30:37,799 [INFO]       Appointed Officer: BOLTON, Helen Lucy (Director)
2026-10-09 04:30:37,799 [INFO]       Address:          17 Edwin Avenue, Guiseley, Leeds, England, LS20 8QJ
2026-10-09 04:30:38,883 [INFO] [ 20/50] Scraping: CONSOLLIFY C.I.C. (Co #8576776)
2026-10-09 04:30:40,134 [INFO]       Appointed Officer: MUKAHANANA, Frank Netsai (Director)
2026-10-09 04:30:40,134 [INFO]       Address:          Wealth Harbour Services, 40 Occam Road, Surrey Research Park, Guildford, Surrey, England, GU2 7YG
2026-10-09 04:30:41,233 [INFO] [ 21/50] Scraping: GYMNASTICS FOR ALL CIC (Co #12381603)
2026-10-09 04:30:42,746 [INFO]       Appointed Officer: PHEASEY, Jacqueline (Secretary)
2026-10-09 04:30:42,746 [INFO]       Address:          Sunaco House Bletcheley Road, Heaton Mersey, Stockport, United Kingdom, SK4 3EF
2026-10-09 04:30:43,814 [INFO] [ 22/50] Scraping: AT ONE VOICE C.I.C. (Co #14200800)
2026-10-09 04:30:45,154 [INFO]       Appointed Officer: WILSON, Alexandra Jane, Rev (Secretary)
2026-10-09 04:30:45,154 [INFO]       Address:          14 Craig Y Pandy, Tregarth, Gwynedd, LL57 4RA
2026-10-09 04:30:46,228 [INFO] [ 23/50] Scraping: EARTHX-UK CIC (Co #13969093)
2026-10-09 04:30:47,474 [INFO]       Appointed Officer: RASHID, Muhammed Harunur (Director)
2026-10-09 04:30:47,474 [INFO]       Address:          55 Stewart Street, London, Greater London, United Kingdom, E14 3JH
2026-10-09 04:30:48,565 [INFO] [ 24/50] Scraping: ALPACA DREAMS CIC (Co #14437549)
2026-10-09 04:30:49,827 [INFO]       Appointed Officer: FURNESS-JONES, Nikki Dawn (Director)
2026-10-09 04:30:49,827 [INFO]       Address:          20 Glynstell Road, Porthcawl, Wales, CF36 3NN
2026-10-09 04:30:50,919 [INFO] [ 25/50] Scraping: ARISE ADVOCACY ALLIANCE CIC (Co #14201043)
2026-10-09 04:30:52,309 [INFO]       Appointed Officer: LEWIN, David Wilburn, Reverend (Secretary)
2026-10-09 04:30:52,309 [INFO]       Address:          90 Dunstable Road, Luton, Bedfordshire, LU1 1EH
2026-10-09 04:30:53,381 [INFO] [ 26/50] Scraping: THE INNER PEACE COLLECTIVE C.I.C. (Co #13710204)
2026-10-09 04:30:54,625 [INFO]       Appointed Officer: FREDERICK, Hutaff Angelo (Director)
2026-10-09 04:30:54,625 [INFO]       Address:          205 Chevening Road, London, England, NW6 6DT
2026-10-09 04:30:55,718 [INFO] [ 27/50] Scraping: REBUILD TOGETHER CIC (Co #14689568)
2026-10-09 04:30:56,992 [INFO]       Appointed Officer: ADJEI-DENSU, Aaron Kwaku (Director)
2026-10-09 04:30:56,992 [INFO]       Address:          20-22 Wenlock Road, London, England, N1 7GU
2026-10-09 04:30:59,125 [INFO] [ 28/50] Scraping: OUTWOOD SOCIAL CIC (Co #14687695)
2026-10-09 04:31:00,417 [INFO]       Appointed Officer: DANBY, Leanne (Director)
2026-10-09 04:31:00,417 [INFO]       Address:          4 The Creative Quarter, Shrewsbury Business Park, Shrewsbury, Shropshire, United Kingdom, SY2 6LG
2026-10-09 04:31:02,500 [INFO] [ 29/50] Scraping: INQUISITIVE EXPLORING & LEARNING CIC (Co #14021394)
2026-10-09 04:31:03,834 [INFO]       Appointed Officer: SHAH, Syeda (Director)
2026-10-09 04:31:03,834 [INFO]       Address:          85 Great Portland Street, First Floor, London, United Kingdom, W1W 7LT
2026-10-09 04:31:05,916 [INFO] [ 30/50] Scraping: HEALTH COACH KITCHEN C.I.C. (Co #14689605)
2026-10-09 04:31:07,267 [INFO]       Appointed Officer: DENG, Akon (Director)
2026-10-09 04:31:07,268 [INFO]       Address:          Unit 82a James Carter Road, Mildenhall, Bury St. Edmunds, England, IP28 7DE
2026-10-09 04:31:09,335 [INFO] [ 31/50] Scraping: LUCENT EMPLOYABILITY TRAINING C.I.C. (Co #14687380)
2026-10-09 04:31:10,654 [INFO]       Appointed Officer: HAQ, Umar Murtaza (Director)
2026-10-09 04:31:10,655 [INFO]       Address:          Suite 6 Millbrook Business Centre, Floats Road , Manchester, United Kingdom, M23 9YJ
2026-10-09 04:31:12,722 [INFO] [ 32/50] Scraping: INVICTA ACADEMY C.I.C. (Co #12716495)
2026-10-09 04:31:14,100 [INFO]       Appointed Officer: NYAFLI, Pearl (Director)
2026-10-09 04:31:14,100 [INFO]       Address:          12 Old Bexley Lane, Bexley, England, DA5 2BN
2026-10-09 04:31:16,173 [INFO] [ 33/50] Scraping: ART IS THE CURE CIC (Co #13921817)
2026-10-09 04:31:17,459 [INFO]       Appointed Officer: SIMMONS, Richard Alan (Director)
2026-10-09 04:31:17,459 [INFO]       Address:          34 Canius House 1 Scarbrook Road, Croydon, England, CR0 1FQ
2026-10-09 04:31:19,531 [INFO] [ 34/50] Scraping: DEVON WHEELS 2 WORK C.I.C (Co #5927572)
2026-10-09 04:31:21,028 [INFO]       Appointed Officer: JOWETT, Richard Ian (Secretary)
2026-10-09 04:31:21,028 [INFO]       Address:          Youldon Moor Cottage, Chilsworthy, Holsworthy, Devon, England, EX22 7JL
2026-10-09 04:31:23,091 [INFO] [ 35/50] Scraping: HEAL SOCIAL COMMUNITY INTEREST COMPANY (Co #15455394)
2026-10-09 04:31:24,419 [INFO]       Appointed Officer: AHMED, Syed Muhammad (Director)
2026-10-09 04:31:24,419 [INFO]       Address:          Flat 3 Tintern Apartments, 13 Green Street, London, England, NW10 6FP
2026-10-09 04:31:26,487 [INFO] [ 36/50] Scraping: WILD WANDERERS WOMEN CIC (Co #13554456)
2026-10-09 04:31:27,776 [INFO]       Appointed Officer: WOODHALL, Emma Kate (Director)
2026-10-09 04:31:27,776 [INFO]       Address:          23 23 Ferversham Terrace, Ferryhill, Durham, England, DL16 0BW
2026-10-09 04:31:29,842 [INFO] [ 37/50] Scraping: JOYWORK COFFEE CLUB CIC (Co #14731065)
2026-10-09 04:31:31,117 [INFO]       Appointed Officer: SWIFT, Liam Andrew (Director)
2026-10-09 04:31:31,117 [INFO]       Address:          C-View, Church View, Doncaster, United Kingdom, DN1 1AF
2026-10-09 04:31:33,199 [INFO] [ 38/50] Scraping: RAGING BRUM CREATES CIC (Co #12843685)
2026-10-09 04:31:34,560 [INFO]       Appointed Officer: DUFFY, Marverine Angela (Director)
2026-10-09 04:31:34,560 [INFO]       Address:          Altus Business Consulting, 88-89 High Street, Wordsley, Stourbridge, United Kingdom, DY8 5SB
2026-10-09 04:31:36,649 [INFO] [ 39/50] Scraping: RIPPLE FOUNDATION C.I.C. (Co #10327489)
2026-10-09 04:31:38,040 [INFO]       Appointed Officer: SHANNON, Tony William, Dr (Director)
2026-10-09 04:31:38,040 [INFO]       Address:          PO Box 4385, 10327489 - COMPANIES HOUSE DEFAULT ADDRESS, Cardiff, CF14 8LH
2026-10-09 04:31:40,114 [INFO] [ 40/50] Scraping: PEN GALLERY COMMUNITY INTEREST COMPANY (Co #13048820)
2026-10-09 04:31:41,447 [INFO]       Appointed Officer: ROWLAND, Emma Louise (Director)
2026-10-09 04:31:41,447 [INFO]       Address:          Flat 20 Stoke Prior, 25 Poole Road, Bournemouth, England, BH4 9DF
2026-10-09 04:31:43,541 [INFO] [ 41/50] Scraping: MAMA T'S DANCE HOUSE CIC (Co #13202048)
2026-10-09 04:31:44,942 [INFO]       Appointed Officer: BURRILL, Christopher Nicholas (Director)
2026-10-09 04:31:44,942 [INFO]       Address:          90 York Road, Hull, England, HU6 9QT
2026-10-09 04:31:47,003 [INFO] [ 42/50] Scraping: HEADSETS FOR THE HOUSEBOUND CIC (Co #14105054)
2026-10-09 04:31:48,345 [INFO]       Appointed Officer: PETERS, Cass Wolfbat (Director)
2026-10-09 04:31:48,345 [INFO]       Address:          The Old Fire Station, Church Road, Swanscombe, England, DA10 0HF
2026-10-09 04:31:50,405 [INFO] [ 43/50] Scraping: METRE SQUARED ARTS CENTRE CIC (Co #14370793)
2026-10-09 04:31:51,675 [INFO]       Appointed Officer: HARSHAW, Conrad James Surtees (Director)
2026-10-09 04:31:51,675 [INFO]       Address:          9 Beaumont Avenue, London, England, W14 9LP
2026-10-09 04:31:53,749 [INFO] [ 44/50] Scraping: ROCK OF AGES HOUSING COMMUNITY INTEREST COMPANY (Co #14220788)
2026-10-09 04:31:55,087 [INFO]       Appointed Officer: AKPASUBI UWEZELE, Henrientta (Director)
2026-10-09 04:31:55,087 [INFO]       Address:          Unit 55,Cariocca Business Park 2 Sawley Road, Miles Platting, Manchester, England, M40 8BB
2026-10-09 04:31:57,162 [INFO] [ 45/50] Scraping: ROLL-CAMERA-ACTION WORKSHOPS (RCAM UK) CIC (Co #14465055)
2026-10-09 04:31:58,473 [INFO]       Appointed Officer: OMO, Kanayo (Secretary)
2026-10-09 04:31:58,473 [INFO]       Address:          18 Harbour House Coldharbour Lane, Rainham, Essex, United Kingdom, RM13 9YA
2026-10-09 04:32:00,558 [INFO] [ 46/50] Scraping: STAMFORD VETERANS ASSOCIATION CIC (Co #14731206)
2026-10-09 04:32:01,875 [INFO]       Appointed Officer: FRANCIS, Tony (Director)
2026-10-09 04:32:01,875 [INFO]       Address:          Carlton House Gwash Way, Ryhall Road, Stamford, England, PE9 1XP
2026-10-09 04:32:03,954 [INFO] [ 47/50] Scraping: LITTLE HOBBITS FOREST SCHOOL MEITHRIN CIC (Co #14064783)
2026-10-09 04:32:05,160 [INFO]       Appointed Officer: BLAKEMOORE-IRVING, Michelle Jane (Director)
2026-10-09 04:32:05,160 [INFO]       Address:          25 Grosvenor Road, Wrexham, Wales, LL11 1BT
2026-10-09 04:32:07,227 [INFO] [ 48/50] Scraping: CREATE ON THE ESTATE CIC (Co #14359089)
2026-10-09 04:32:08,637 [INFO]       Appointed Officer: CONDE TKATCHENKO, Maria Isabel (Director)
2026-10-09 04:32:08,637 [INFO]       Address:          Flat 16 Penmayne House, Kennings Way, London, England, SE11 4EQ
2026-10-09 04:32:10,710 [INFO] [ 49/50] Scraping: BAGGYFIBRE CIC (Co #13091598)
2026-10-09 04:32:12,162 [INFO]       Appointed Officer: BINNS, John Brendon Harold (Director)
2026-10-09 04:32:12,162 [INFO]       Address:          Hearn House Westwood, Bishops Lydeard, Taunton, England, TA4 3HQ
2026-10-09 04:32:14,226 [INFO] [ 50/50] Scraping: EMBRACING AUTISM COMMUNITY INTEREST COMPANY (Co #14217393)
2026-10-09 04:32:15,610 [INFO]       Appointed Officer: JONES, Edward (Director)
2026-10-09 04:32:15,610 [INFO]       Address:          43 Thingwall Road, Liverpool, England, L15 8GE
2026-10-09 04:32:17,713 [INFO] ================================================================================
2026-10-09 04:32:17,714 [INFO] BATCH FINISHED: Processed 50 companies in 147.4s.
2026-10-09 04:32:17,714 [INFO] Total Cumulative Enriched: 2782 companies.
2026-10-09 04:32:17,714 [INFO] Updated CSV: enriched_uk_companies.csv
2026-10-09 04:32:17,714 [INFO] Updated Log: scraper.log
2026-10-09 04:32:17,714 [INFO] ================================================================================
2026-10-09 14:57:14,275 [INFO] ================================================================================
2026-10-09 14:57:14,275 [INFO] STARTING PRODUCTION UK COMPANIES HOUSE CONTACT SCRAPER
2026-10-09 14:57:14,275 [INFO] ================================================================================
2026-10-09 14:57:14,275 [INFO] Input Dataset:  Companies-House-search-results.csv
2026-10-09 14:57:14,275 [INFO] Output Dataset: enriched_uk_companies.csv
2026-10-09 14:57:14,275 [INFO] Batch Size:     50
2026-10-09 14:57:14,288 [INFO] Already processed in previous runs: 2782 companies
2026-10-09 14:57:14,309 [INFO] Total remaining companies to scrape: 2218
2026-10-09 14:57:14,309 [INFO] Processing next batch of 50 companies...

2026-10-09 14:57:14,310 [INFO] [  1/50] Scraping: GROWING YOUNG MINDS TRUST CIC (Co #11873559)
2026-10-09 14:57:15,913 [INFO]       Appointed Officer: ALEXANDER, Patsy (Director)
2026-10-09 14:57:15,913 [INFO]       Address:          42 Wellington Avenue, Sidcup, Kent, England, DA15 9HE
2026-10-09 14:57:17,262 [INFO]    [EMAIL]   contact@gbrbusiness.com
2026-10-09 14:57:17,263 [INFO]    [WEBSITE] https://www.gbrbusiness.com/company/Growing-Young-Minds-Trust-Cic
2026-10-09 14:57:18,263 [INFO] [  2/50] Scraping: MAKE A CHANGE MEDIA CIC (Co #14689551)
2026-10-09 14:57:19,879 [INFO]       Appointed Officer: BOBB, Georgina Anne (Director)
2026-10-09 14:57:19,879 [INFO]       Address:          124 City Road, London, England, United Kingdom, EC1V 2NX
2026-10-09 14:57:21,172 [INFO] [  3/50] Scraping: GREEN SKY FITNESS CIC (Co #8355795)
2026-10-09 14:57:22,886 [INFO]       Appointed Officer: CARTWRIGHT, Tracey Anne (Secretary)
2026-10-09 14:57:22,886 [INFO]       Address:          Unit 14c Queensway House, Queensway, Middlesbrough, England, TS3 8BQ
2026-10-09 14:57:24,155 [INFO] [  4/50] Scraping: GOOD FOOD BARNSLEY CIC (Co #12690402)
2026-10-09 14:57:25,887 [INFO]       Appointed Officer: BATTY, Gareth John (Director)
2026-10-09 14:57:25,887 [INFO]       Address:          Unit 14 Mitchell Road, Wombwell, Barnsley, England, S73 8HA
2026-10-09 14:57:27,148 [INFO] [  5/50] Scraping: FRIENDS OF CAMBUSNETHAN PRIORY CIC (Co #SC531130)
2026-10-09 14:57:28,976 [INFO]       Appointed Officer: SMITH, Graham Richard (Director)
2026-10-09 14:57:28,976 [INFO]       Address:          35 Pather Street, Wishaw, ML2 8BJ
2026-10-09 14:57:30,229 [INFO] [  6/50] Scraping: MIND FULL THERAPY COMMUNITY INTEREST COMPANY (Co #SC666663)
2026-10-09 14:57:31,846 [INFO]       Appointed Officer: FREW, John Henderson (Director)
2026-10-09 14:57:31,846 [INFO]       Address:          24 Fairway View, Prestwick, Scotland, KA9 2SZ
2026-10-09 14:57:33,138 [INFO] [  7/50] Scraping: GHANA WELFARE ASSOCIATION CIC (Co #SC667585)
2026-10-09 14:57:34,898 [INFO]       Appointed Officer: GOZO, Mabel (Secretary)
2026-10-09 14:57:34,898 [INFO]       Address:          Church Of Pentecost, 1123, Cathcart Road, Glasgow, Lanarkshire, Scotland, G42 9BD
2026-10-09 14:57:36,177 [INFO] [  8/50] Scraping: WALLINGFORD PRIDE CIC (Co #14680147)
2026-10-09 14:57:37,837 [INFO]       Appointed Officer: ROWLAND, Amy (Director)
2026-10-09 14:57:37,837 [INFO]       Address:          Amy Rowland Earth Trust, Little Wittenham, Abingdon, England, OX14 4QZ
2026-10-09 14:57:39,089 [INFO] [  9/50] Scraping: SALFORD COMMUNITY MEDIA CIC (Co #14689576)
2026-10-09 14:57:40,836 [INFO]       Appointed Officer: DAVISON, Carl Morgan (Director)
2026-10-09 14:57:40,836 [INFO]       Address:          Helping Hands Princes Park Garden Centre, Liverpool Road, Irlam, Salford, Greater Manchester, United Kingdom, M44 6BR
2026-10-09 14:57:42,101 [INFO] [ 10/50] Scraping: MARVELAND ENTERPRISES C.I.C. (Co #14167386)
2026-10-09 14:57:43,750 [INFO]       Appointed Officer: BARRETT, Eleanor Ruth (Director)
2026-10-09 14:57:43,750 [INFO]       Address:          8 Sunset Ave 8, Sunset Ave, Leeds, West Yorkshire, United Kingdom, LS6 4LW
2026-10-09 14:57:45,038 [INFO] [ 11/50] Scraping: HOLY NATION CIC (Co #14149693)
2026-10-09 14:57:46,754 [INFO]       Appointed Officer: ELDIN-DALZIEL, Shahinda (Director)
2026-10-09 14:57:46,754 [INFO]       Address:          124 City Road, London, England, EC1V 2NX
2026-10-09 14:57:48,008 [INFO] [ 12/50] Scraping: HELP FOR HOPE CIC (Co #14675276)
2026-10-09 14:57:49,669 [INFO]       Appointed Officer: SALEEM, Tamaanah (Director)
2026-10-09 14:57:49,669 [INFO]       Address:          8 Curtis Way, Burton-On-Trent, England, DE14 2HQ
2026-10-09 14:57:50,918 [INFO] [ 13/50] Scraping: BEE FAB ACADEMY CIC (Co #14162384)
2026-10-09 14:57:52,569 [INFO]       Appointed Officer: BARNES-MONAGHAN, Jaqui (Director)
2026-10-09 14:57:52,569 [INFO]       Address:          2 Ty Gwyn, Trawsfynydd, Blaenau Ffestiniog, Wales, LL41 4RW
2026-10-09 14:57:53,832 [INFO] [ 14/50] Scraping: FARM-ABLE C.I.C. (Co #15219933)
2026-10-09 14:57:55,432 [INFO]       Appointed Officer: GROARKE, Zoey Fiona (Director)
2026-10-09 14:57:55,432 [INFO]       Address:          1 Bilney Lane, Felthorpe, Norwich, Norfolk, United Kingdom, NR10 4ED
2026-10-09 14:57:56,694 [INFO] [ 15/50] Scraping: FAIR DO'S / SIOPA TEG CIC (Co #8688145)
2026-10-09 14:57:58,487 [INFO]       Appointed Officer: SCHULTZ, Stella Margaret (Secretary)
2026-10-09 14:57:58,487 [INFO]       Address:          49 St Michael's Road, 49 St. Michaels Road, Cardiff, Wales, CF5 2AN
2026-10-09 14:57:59,744 [INFO] [ 16/50] Scraping: NDY CARE CIC (Co #14675212)
2026-10-09 14:58:01,419 [INFO]       Appointed Officer: RICHARDS, Andy (Director)
2026-10-09 14:58:01,419 [INFO]       Address:          105 Maskell Road, London, England, SW17 0LF
2026-10-09 14:58:02,678 [INFO] [ 17/50] Scraping: MEETUP GROUP CIC (Co #14667115)
2026-10-09 14:58:04,516 [INFO]       Appointed Officer: CISSE, Mahamadou Lamine (Director)
2026-10-09 14:58:04,516 [INFO]       Address:          29 Brownhill Crescent, Leeds, England, LS9 6EB
2026-10-09 14:58:05,769 [INFO] [ 18/50] Scraping: LONDON HOMELESS WELFARE TEAM COMMUNITY INTEREST COMPANY (Co #13670832)
2026-10-09 14:58:07,338 [INFO]       Appointed Officer: RATHOUR, Jorawar Singh (Director)
2026-10-09 14:58:07,338 [INFO]       Address:          97 Inderwick Road, London, England, N8 9LA
2026-10-09 14:58:08,597 [INFO] [ 19/50] Scraping: EXCELLENCE PROJECT CIC (Co #15073429)
2026-10-09 14:58:10,371 [INFO]       Appointed Officer: PERRY, Vanessa Jane (Director)
2026-10-09 14:58:10,371 [INFO]       Address:          35 Memoir Grove, New Rossington, Doncaster, England, DN11 0RU
2026-10-09 14:58:11,634 [INFO] [ 20/50] Scraping: THE NUTRITION HUT COMMUNITY INTEREST COMPANY (Co #15006009)
2026-10-09 14:58:13,234 [INFO]       Appointed Officer: ROUTLEDGE, David Alan (Director)
2026-10-09 14:58:13,235 [INFO]       Address:          3 Culloden Mews, Cravengate, Richmond, England, DL10 4XL
2026-10-09 14:58:14,498 [INFO] [ 21/50] Scraping: AFRICA F STONE (AFS) CIC (Co #13518048)
2026-10-09 14:58:16,091 [INFO]       Appointed Officer: YOMBO DJEMA, Molisho (Director)
2026-10-09 14:58:16,091 [INFO]       Address:          15 Hungerdown, London, England, E4 6QJ
2026-10-09 14:58:17,348 [INFO] [ 22/50] Scraping: TORBAY HEALTHWATCH CIC (Co #11216828)
2026-10-09 14:58:19,080 [INFO]       Appointed Officer: DIXON, Kevin, Dr (Director)
2026-10-09 14:58:19,080 [INFO]       Address:          22 Union Street, Newton Abbot, Devon, TQ12 2JS
2026-10-09 14:58:20,341 [INFO] [ 23/50] Scraping: L1FE SK1LLS C.I.C. (Co #14664932)
2026-10-09 14:58:22,162 [INFO]       Appointed Officer: HUSSAIN, Maria (Director)
2026-10-09 14:58:22,162 [INFO]       Address:          33 Havelock Place, Stoke-On-Trent, England, ST1 4PS
2026-10-09 14:58:23,465 [INFO] [ 24/50] Scraping: CARE SPRING CIC (Co #14664721)
2026-10-09 14:58:25,150 [INFO]       Appointed Officer: GOLDBERG, Eluzer (Director)
2026-10-09 14:58:25,150 [INFO]       Address:          83 Ducie Street, Manchester, England, M1 2JQ
2026-10-09 14:58:26,416 [INFO] [ 25/50] Scraping: LOVE GROWING CIC (Co #13199826)
2026-10-09 14:58:28,059 [INFO]       Appointed Officer: PAGE, Lynsey Ann (Director)
2026-10-09 14:58:28,059 [INFO]       Address:          21 Langdon Street, Sheffield, England, S11 8BH
2026-10-09 14:58:29,336 [INFO] [ 26/50] Scraping: RECODE ACADEMY CIC (Co #11924358)
2026-10-09 14:58:31,097 [INFO]       Appointed Officer: GIBSON, Shaun (Director)
2026-10-09 14:58:31,098 [INFO]       Address:          Northstar, 135-141, Oldham Street, Manchester, United Kingdom, M4 1LN
2026-10-09 14:58:32,359 [INFO] [ 27/50] Scraping: SUPPORT 1 CIC (Co #14426555)
2026-10-09 14:58:34,160 [INFO]       Appointed Officer: THRELFALL, Thomas Geoffrey (Director)
2026-10-09 14:58:34,160 [INFO]       Address:          8 Tavern House, 16 Magazine Lane, Wallasey, United Kingdom, CH45 5AD
2026-10-09 14:58:35,887 [INFO] [ 28/50] Scraping: FEEL GOOD NOW CIC (Co #14141422)
2026-10-09 14:58:37,748 [INFO]       Appointed Officer: BROWN, Krista Louise (Director)
2026-10-09 14:58:37,748 [INFO]       Address:          62 Hollywood Way, Woodford Green, England, IG8 9LQ
2026-10-09 14:58:39,953 [INFO] [ 29/50] Scraping: PSALM126 C.I.C. (Co #12932156)
2026-10-09 14:58:41,591 [INFO]       Appointed Officer: OMOYINMI, Temitope (Director)
2026-10-09 14:58:41,591 [INFO]       Address:          15 Saddleworth Square, Romford, England, RM3 8YX
2026-10-09 14:58:43,791 [INFO] [ 30/50] Scraping: SPORT AGAINST SUICIDE CIC (Co #12766089)
2026-10-09 14:58:45,545 [INFO]       Appointed Officer: HANCOCK, Tara Lilian (Director)
2026-10-09 14:58:45,545 [INFO]       Address:          4 Mitchison Close, Barby, Rugby, England, CV23 8TH
2026-10-09 14:58:47,751 [INFO] [ 31/50] Scraping: ALISON FRANCIS HOLISTIC THERAPIES CIC (Co #14794290)
2026-10-09 14:58:49,462 [INFO]       Appointed Officer: DI FATTA CACHUTT, Katiuska Marina (Director)
2026-10-09 14:58:49,463 [INFO]       Address:          24 Billing Road, Northampton, England, NN1 5AT
2026-10-09 14:58:51,672 [INFO] [ 32/50] Scraping: AM ELITE CHEER AND DANCE ACADEMY C.I.C. (Co #11475971)
2026-10-09 14:58:53,426 [INFO]       Appointed Officer: DAWSON, Bethany Louise (Director)
2026-10-09 14:58:53,426 [INFO]       Address:          Am Elite Academy, Calf Hey South, Rochdale, England, OL11 2JS
2026-10-09 14:58:55,637 [INFO] [ 33/50] Scraping: THE ARTS FELLOWSHIP C.I.C. (Co #14663011)
2026-10-09 14:58:57,261 [INFO]       Appointed Officer: GOPALA KRISHNAN, Shanker, Mr. (Director)
2026-10-09 14:58:57,261 [INFO]       Address:          3 Queensmere Collingwood Road, Sutton, England, SM1 2RP
2026-10-09 14:58:59,464 [INFO] [ 34/50] Scraping: LIGHTS OUT BOXING CIC (Co #14675294)
2026-10-09 14:59:01,131 [INFO]       Appointed Officer: IQBAL, Inzar (Director)
2026-10-09 14:59:01,131 [INFO]       Address:          187 Lynfield Drive, Bradford, West Yorkshire, United Kingdom, BD9 6EY
2026-10-09 14:59:03,339 [INFO] [ 35/50] Scraping: WE SWIM WILD C.I.C. (Co #12545257)
2026-10-09 14:59:05,113 [INFO]       Appointed Officer: DUNN, Christian Philip, Professor (Director)
2026-10-09 14:59:05,114 [INFO]       Address:          1 Heulfryn Heulfryn, Aberangell, Machynlleth, Wales, SY20 9QJ
2026-10-09 14:59:07,318 [INFO] [ 36/50] Scraping: RODS AND CONES CIC (Co #12606069)
2026-10-09 14:59:09,055 [INFO]       Appointed Officer: JEFFRIES, Kate Marianne (Director)
2026-10-09 14:59:09,055 [INFO]       Address:          56 Rose Lea, Witton Gilbert, Durham, England, DH7 6RE
2026-10-09 14:59:11,257 [INFO] [ 37/50] Scraping: SOCIAL CARE CAFE C.I.C. (Co #14675419)
2026-10-09 14:59:12,829 [INFO]       Appointed Officer: WILLIS, Joseph John (Director)
2026-10-09 14:59:12,829 [INFO]       Address:          68 Pensby Road, Heswall, Wirral, United Kingdom, CH60 7RE
2026-10-09 14:59:15,034 [INFO] [ 38/50] Scraping: WH0 REALLY CARES CIC (Co #14832253)
2026-10-09 14:59:16,649 [INFO]       Appointed Officer: POWELL, George Henry (Director)
2026-10-09 14:59:16,649 [INFO]       Address:          320 City Road, London, England, EC1V 2NZ
2026-10-09 14:59:18,852 [INFO] [ 39/50] Scraping: BASA ROCHDALE CIC (Co #13872230)
2026-10-09 14:59:20,704 [INFO]       Appointed Officer: MIAH, Mohammed Doliz (Director)
2026-10-09 14:59:20,705 [INFO]       Address:          91 Ramsay Street, Rochdale, Lancashire, United Kingdom, OL16 1PZ
2026-10-09 14:59:22,919 [INFO] [ 40/50] Scraping: COMMUNITY CREATIVE STUDIO THANET CIC (Co #14634191)
2026-10-09 14:59:24,490 [INFO]       Appointed Officer: FARKAS, Miroslav (Director)
2026-10-09 14:59:24,490 [INFO]       Address:          Unit 4 Westwood Business Park, Strasbourg Street, Margate, England, CT9 4JJ
2026-10-09 14:59:26,859 [INFO] [ 41/50] Scraping: CAMDEN PEOPLE CIC (Co #14637736)
2026-10-09 14:59:28,670 [INFO]       Appointed Officer: ALLEN, Luke Antonio (Director)
2026-10-09 14:59:28,670 [INFO]       Address:          Flat 146 O'Donnell Court, Brunswick Centre, London, United Kingdom, WC1N 1NX
2026-10-09 14:59:30,888 [INFO] [ 42/50] Scraping: DYNAMO HEALTHCARE TRAINING ACADEMY CIC (Co #11301763)
2026-10-09 14:59:32,552 [INFO]       Appointed Officer: IRVINE, Gail Anne (Director)
2026-10-09 14:59:32,552 [INFO]       Address:          Unit D, The Pattern Shop, Trevoarn, Hayle, England, TR27 4EZ
2026-10-09 14:59:34,759 [INFO] [ 43/50] Scraping: BURSLEM UNITES CIC (Co #14120286)
2026-10-09 14:59:36,481 [INFO]       Appointed Officer: CARTLIDGE, Annette Francis (Director)
2026-10-09 14:59:36,481 [INFO]       Address:          4 Clyde Road, Stoke-On-Trent, England, ST6 3DJ
2026-10-09 14:59:38,687 [INFO] [ 44/50] Scraping: THE BOILEROOM ORIGINATE CIC (Co #9703169)
2026-10-09 14:59:40,276 [INFO]       Appointed Officer: FRAZER, Dominique Suzanne (Director)
2026-10-09 14:59:40,276 [INFO]       Address:          13 Stoke Fields, Guildford, Surrey, GU1 4LS
2026-10-09 14:59:42,487 [INFO] [ 45/50] Scraping: BIG HELP LANGLEY DEVELOPMENTS C.I.C. (Co #14558208)
2026-10-09 14:59:44,275 [INFO]       Appointed Officer: MITCHELL, Peter (Director)
2026-10-09 14:59:44,275 [INFO]       Address:          212 Boaler Street, Liverpool, United Kingdom, L6 6AE
2026-10-09 14:59:46,487 [INFO] [ 46/50] Scraping: INTERCOUNTRY ADOPTEE VOICES CIC (Co #12723489)
2026-10-09 14:59:48,235 [INFO]       Appointed Officer: LONG, Anthony Clement (Secretary)
2026-10-09 14:59:48,235 [INFO]       Address:          C/O The Mccay Partnership Unit 24, Capital Business Centre, 22 Carlton Road, South Croydon, Surrey, United Kingdom, CR2 0BS
2026-10-09 14:59:50,435 [INFO] [ 47/50] Scraping: INVICTUS WELLBEING SERVICES COMMUNITY INTEREST COMPANY (Co #9607819)
2026-10-09 14:59:52,238 [INFO]       Appointed Officer: GEORGIOU, Christopher (Director)
2026-10-09 14:59:52,238 [INFO]       Address:          Office Suite E323 E Mill, Dean Clough, Halifax, England, HX3 5AX
2026-10-09 14:59:54,439 [INFO] [ 48/50] Scraping: FUTURE TEC CIC (Co #14649378)
2026-10-09 14:59:56,226 [INFO]       Appointed Officer: GANDAH, Daniel (Director)
2026-10-09 14:59:56,226 [INFO]       Address:          Unit 324 222 Kensal Road, London, Kensington And Chelsea, United Kingdom, W10 5BN
2026-10-09 14:59:58,432 [INFO] [ 49/50] Scraping: CONNECT KIND COMMUNITY INTEREST COMPANY (Co #14181587)
2026-10-09 15:00:00,026 [INFO]       Appointed Officer: THURSTON, Jack Thomas (Director)
2026-10-09 15:00:00,027 [INFO]       Address:          20a Bonchurch Road, Brighton, England, BN2 3PH
2026-10-09 15:00:02,230 [INFO] [ 50/50] Scraping: THE BIG FRIENDLY GET TOGETHER CIC (Co #14041849)
2026-10-09 15:00:04,097 [INFO]       Appointed Officer: BACKHOUSE, Jack (Director)
2026-10-09 15:00:04,097 [INFO]       Address:          7 Anglezark Close, Liverpool, England, L7 2QU
2026-10-09 15:00:06,382 [INFO] ================================================================================
2026-10-09 15:00:06,382 [INFO] BATCH FINISHED: Processed 50 companies in 172.1s.
2026-10-09 15:00:06,383 [INFO] Total Cumulative Enriched: 2832 companies.
2026-10-09 15:00:06,383 [INFO] Updated CSV: enriched_uk_companies.csv
2026-10-09 15:00:06,383 [INFO] Updated Log: scraper.log
2026-10-09 15:00:06,383 [INFO] ================================================================================
2026-10-09 20:32:04,323 [INFO] ================================================================================
2026-10-09 20:32:04,323 [INFO] STARTING PRODUCTION UK COMPANIES HOUSE CONTACT SCRAPER
2026-10-09 20:32:04,323 [INFO] ================================================================================
2026-10-09 20:32:04,323 [INFO] Input Dataset:  Companies-House-search-results.csv
2026-10-09 20:32:04,323 [INFO] Output Dataset: enriched_uk_companies.csv
2026-10-09 20:32:04,323 [INFO] Batch Size:     50
2026-10-09 20:32:04,337 [INFO] Already processed in previous runs: 2832 companies
2026-10-09 20:32:04,358 [INFO] Total remaining companies to scrape: 2168
2026-10-09 20:32:04,358 [INFO] Processing next batch of 50 companies...

2026-10-09 20:32:04,358 [INFO] [  1/50] Scraping: GLOBAL TALENT AID CIC (Co #14867429)
2026-10-09 20:32:05,995 [INFO]       Appointed Officer: LANG, Balazs (Director)
2026-10-09 20:32:05,995 [INFO]       Address:          Flat 37 Estuary House Lower Burlington Road, Portishead, Bristol, England, BS20 7BJ
2026-10-09 20:32:07,620 [INFO]    [EMAIL]   info@artscouncil.org.uk
2026-10-09 20:32:07,620 [INFO]    [WEBSITE] https://www.artscouncil.org.uk/global-talent-visa
2026-10-09 20:32:08,620 [INFO] [  2/50] Scraping: CHECKMATE! BIRMINGHAM COMMUNITY INTEREST COMPANY (Co #13428418)
2026-10-09 20:32:10,186 [INFO]       Appointed Officer: KIRBY, Coree (Director)
2026-10-09 20:32:10,187 [INFO]       Address:          56 St. Columbas Drive, Rednal, Birmingham, England, B45 8TW
2026-10-09 20:32:11,462 [INFO] [  3/50] Scraping: MIDLAND BLACK COMMUNITIES AND ELDERLY CENTRE CIC (Co #14658565)
2026-10-09 20:32:13,061 [INFO]       Appointed Officer: ABOKAR, Shiq Abdullahi Ali (Director)
2026-10-09 20:32:13,061 [INFO]       Address:          478 Coventry Road, Small Heath, Birmingham, England, B10 0UG
2026-10-09 20:32:14,327 [INFO] [  4/50] Scraping: PORK LANE ORCHARDS C.I.C. (Co #15316066)
2026-10-09 20:32:16,037 [INFO]       Appointed Officer: CORDELL, Toni Marie (Director)
2026-10-09 20:32:16,037 [INFO]       Address:          Park Fruit Farm Pork Lane, Great Holland, Frinton-On-Sea, England, CO13 0ES
2026-10-09 20:32:17,297 [INFO] [  5/50] Scraping: TRACING MOVEMENT CIC (Co #14246575)
2026-10-09 20:32:18,882 [INFO]       Appointed Officer: WINTER, Stuart John (Director)
2026-10-09 20:32:18,883 [INFO]       Address:          Flat 122 Building 22 Cadogan Road, London, England, SE18 6YL
2026-10-09 20:32:20,159 [INFO] [  6/50] Scraping: PROTESTS GLOBAL CIC (Co #14355509)
2026-10-09 20:32:21,726 [INFO]       Appointed Officer: MCKOY, Hansel (Director)
2026-10-09 20:32:21,726 [INFO]       Address:          Flat 103 Lindsell Street, London, Greater London, United Kingdom, SE10 8NY
2026-10-09 20:32:22,988 [INFO] [  7/50] Scraping: VILLAGE FOOD PROJECT CIC (Co #13202105)
2026-10-09 20:32:24,569 [INFO]       Appointed Officer: ALI, Sameena (Director)
2026-10-09 20:32:24,569 [INFO]       Address:          553 Valley Road, Nottingham, England, NG5 1JE
2026-10-09 20:32:25,830 [INFO] [  8/50] Scraping: RUSSELL'S MUAY THAI AND CONTACT SPORTS CIC (Co #12629110)
2026-10-09 20:32:27,496 [INFO]       Appointed Officer: RUSSELL, Gareth John (Director)
2026-10-09 20:32:27,497 [INFO]       Address:          Rear Of 55 Ebrington Street, Plymouth, England, PL4 9AA
2026-10-09 20:32:28,764 [INFO] [  9/50] Scraping: WIDOW’S MITE COMMUNITY GROUP PROJECT CIC (Co #13808083)
2026-10-09 20:32:30,387 [INFO]       Appointed Officer: OYEBODE, Esther Olufunso (Secretary)
2026-10-09 20:32:30,387 [INFO]       Address:          46 Princes Road, Gravesend, England, DA12 5JL
2026-10-09 20:32:31,645 [INFO] [ 10/50] Scraping: CREATIVE QUARTER CARLISLE CIC (Co #14656800)
2026-10-09 20:32:33,194 [INFO]       Appointed Officer: LOUGHRAN, Michael Anthony (Director)
2026-10-09 20:32:33,194 [INFO]       Address:          47 Waldegrave Road, Carlisle, United Kingdom, CA2 6EW
2026-10-09 20:32:34,453 [INFO] [ 11/50] Scraping: BATWORTHY9 COMMUNITY INTEREST COMPANY (Co #14305215)
2026-10-09 20:32:35,987 [INFO]       Appointed Officer: CONNOLLY, Simon Peter (Director)
2026-10-09 20:32:35,987 [INFO]       Address:          Brimstone Down, Chagford, Newton Abbot, England, TQ13 8ET
2026-10-09 20:32:37,248 [INFO] [ 12/50] Scraping: LITTLE PENGUINS CIC (Co #12877982)
2026-10-09 20:32:38,794 [INFO]       Appointed Officer: MORRISON, Hannah Alice (Director)
2026-10-09 20:32:38,794 [INFO]       Address:          1 Fairfield Meadows Orchard Way, Chillington, Kingsbridge, England, TQ7 2LB
2026-10-09 20:32:40,063 [INFO] [ 13/50] Scraping: LIMBO MAGAZINE CIC (Co #12591897)
2026-10-09 20:32:41,613 [INFO]       Appointed Officer: CHAPIN, Charles Nicholas (Director)
2026-10-09 20:32:41,613 [INFO]       Address:          25 Palatine Road, London, N16 8SY
2026-10-09 20:32:42,869 [INFO] [ 14/50] Scraping: OURART CIC (Co #14237385)
2026-10-09 20:32:44,395 [INFO]       Appointed Officer: RANDALL, Daniel (Director)
2026-10-09 20:32:44,395 [INFO]       Address:          Flat 2-4 23 Windsor Road, Bournemouth, England, BH5 1DT
2026-10-09 20:32:45,660 [INFO] [ 15/50] Scraping: RANGEELAY PUNJABI IN MK CIC (Co #13120362)
2026-10-09 20:32:47,295 [INFO]       Appointed Officer: PURI, Shikha (Director)
2026-10-09 20:32:47,295 [INFO]       Address:          26 Salorn Way, Whitehouse, Milton Keynes, England, MK8 1EG
2026-10-09 20:32:48,553 [INFO] [ 16/50] Scraping: NEVILLES CROSS COMMUNITY CIC (Co #12726526)
2026-10-09 20:32:50,277 [INFO]       Appointed Officer: MCGOAY, Suzanne (Director)
2026-10-09 20:32:50,277 [INFO]       Address:          28 Geoffrey Avenue, Durham, England, DH1 4PF
2026-10-09 20:32:51,550 [INFO] [ 17/50] Scraping: LINDA'S PLACE CIC (Co #14082723)
2026-10-09 20:32:53,101 [INFO]       Appointed Officer: BROGDEN, Peter (Director)
2026-10-09 20:32:53,101 [INFO]       Address:          6 Beaconsfield Street, Hartlepool, England, TS24 0NX
2026-10-09 20:32:54,363 [INFO] [ 18/50] Scraping: JULIAN PAINTING AND DECORATING COMMUNITY INTEREST COMPANY (Co #14656779)
2026-10-09 20:32:55,904 [INFO]       Appointed Officer: OPREAN, Iulian Adrian (Director)
2026-10-09 20:32:55,904 [INFO]       Address:          47 Albert Avenue, London, England, E4 8LG
2026-10-09 20:32:57,159 [INFO] [ 19/50] Scraping: EXETER CIRCLES CIC (Co #15335240)
2026-10-09 20:32:58,919 [INFO]       Appointed Officer: HUMPHREYS, Rose Laura (Director)
2026-10-09 20:32:58,919 [INFO]       Address:          8 St. James Terrace, Exeter, England, EX4 6QH
2026-10-09 20:33:00,212 [INFO] [ 20/50] Scraping: ASSISTING CHRONIC PAIN CIC (Co #14534548)
2026-10-09 20:33:01,759 [INFO]       Appointed Officer: KYAING, Mie Mie, Dr (Director)
2026-10-09 20:33:01,759 [INFO]       Address:          1 Binnington Close, Swanland, East Riding, North Humberside, United Kingdom, HU14 3SF
2026-10-09 20:33:03,048 [INFO] [ 21/50] Scraping: BLACK MUSIC MATTERS C.I.C. (Co #14798384)
2026-10-09 20:33:04,769 [INFO]       Appointed Officer: WILKES, Kiam Aaron (Director)
2026-10-09 20:33:04,769 [INFO]       Address:          Flat 4 17 Cowper Street, Leeds, England, LS7 4DR
2026-10-09 20:33:06,028 [INFO] [ 22/50] Scraping: IGBO ELITE ASSO. MILTON KEYNES AND MIDLANDS UK CIC (Co #13529584)
2026-10-09 20:33:07,589 [INFO]       Appointed Officer: OKORO, Samauel Chukwuma (Director)
2026-10-09 20:33:07,589 [INFO]       Address:          9 Polmartin Court, Fishermead, Milton Keynes, England, MK6 2JL
2026-10-09 20:33:08,850 [INFO] [ 23/50] Scraping: FORM SKATEPARK CIC (Co #8056957)
2026-10-09 20:33:10,439 [INFO]       Appointed Officer: ANDERSON, Heather Ann (Director)
2026-10-09 20:33:10,440 [INFO]       Address:          7 Metro Centre, Tolpits Lane, Watford, Hertfordshire, WD18 9SS
2026-10-09 20:33:11,726 [INFO] [ 24/50] Scraping: KHOPOLONG COMMUNITY INTEREST COMPANY (Co #13515914)
2026-10-09 20:33:13,331 [INFO]       Appointed Officer: KHAKHANE, Naleli Junior (Director)
2026-10-09 20:33:13,331 [INFO]       Address:          32 Essenden Court, Stony Stratford, Milton Keynes, England, MK11 1NW
2026-10-09 20:33:14,589 [INFO] [ 25/50] Scraping: NORTHAMPTONSHIRE CHRONIC PAIN SUPPORT CIC (Co #14047740)
2026-10-09 20:33:16,325 [INFO]       Appointed Officer: COSSEY, Louise Margaret (Director)
2026-10-09 20:33:16,325 [INFO]       Address:          30 Harborough Road Kingsthorpe, Northampton, Northamptonshire, United Kingdom, NN2 7AZ
2026-10-09 20:33:17,597 [INFO] [ 26/50] Scraping: THE MOBRITE GROUP CIC (Co #13951960)
2026-10-09 20:33:19,142 [INFO]       Appointed Officer: FRANCIS, Dannielle (Director)
2026-10-09 20:33:19,142 [INFO]       Address:          7 Bell Yard, London, England, WC2A 2JR
2026-10-09 20:33:20,399 [INFO] [ 27/50] Scraping: RAINBOWS END GALLERY C.I.C. (Co #14860532)
2026-10-09 20:33:22,120 [INFO]       Appointed Officer: CALLAGHAN, Michael (Secretary)
2026-10-09 20:33:22,120 [INFO]       Address:          Rufford Country Park Rufford Lane, Rufford, Newark, England, NG22 9DG
2026-10-09 20:33:23,860 [INFO] [ 28/50] Scraping: SUPPORTING NEURODIVERSITY CIC (Co #15198442)
2026-10-09 20:33:25,569 [INFO]       Appointed Officer: EVERARD, Hayley Joanne (Director)
2026-10-09 20:33:25,569 [INFO]       Address:          62 Higher Lane, Langland, Swansea, Wales, SA3 4PD
2026-10-09 20:33:27,770 [INFO] [ 29/50] Scraping: ROUTE8 C.I.C. (Co #14261224)
2026-10-09 20:33:29,482 [INFO]       Appointed Officer: ADEN, Abdullahi Osman (Director)
2026-10-09 20:33:29,482 [INFO]       Address:          85 Great Portland Street, London, England, W1W 7LT
2026-10-09 20:33:31,686 [INFO] [ 30/50] Scraping: WREXHAM CONCERT BAND C.I.C. (Co #14338802)
2026-10-09 20:33:33,462 [INFO]       Appointed Officer: GOFF, Jane (Director)
2026-10-09 20:33:33,462 [INFO]       Address:          12 Newmarket Rise, Llwyn Onn Park, Wrexham, Wales, LL13 0QL
2026-10-09 20:33:35,665 [INFO] [ 31/50] Scraping: SWIMWELL CONNECT CIC (Co #14799056)
2026-10-09 20:33:37,358 [INFO]       Appointed Officer: BURNS, Matthew Peter (Director)
2026-10-09 20:33:37,358 [INFO]       Address:          Unit 6b Dunston Business Village, Stafford Road, Dunston, Stafford, United Kingdom, ST18 9FJ
2026-10-09 20:33:39,568 [INFO] [ 32/50] Scraping: BME (BLACK & MINORITY ETHNICS) MENTAL HEALTH ASSOCIATION C.I.C. (Co #13171755)
2026-10-09 20:33:41,121 [INFO]       Appointed Officer: YOUNGSAM, Ziona (Director)
2026-10-09 20:33:41,121 [INFO]       Address:          77 Kellett Road, Birmingham, England, B7 4NQ
2026-10-09 20:33:43,327 [INFO] [ 33/50] Scraping: AWESIDE FOOD PROJECT C.I.C. (Co #13172540)
2026-10-09 20:33:45,074 [INFO]       Appointed Officer: FENTON, Sinead Katherine Ann (Director)
2026-10-09 20:33:45,074 [INFO]       Address:          Aweside Farm, The Street, Arlington, Polegate, East Sussex, United Kingdom, BN26 6RY
2026-10-09 20:33:47,282 [INFO] [ 34/50] Scraping: WAVENEY RADIO CIC (Co #13172518)
2026-10-09 20:33:48,877 [INFO]       Appointed Officer: KING, John Raymond (Director)
2026-10-09 20:33:48,877 [INFO]       Address:          Dycc, Shelfanger Road, Diss, Norfolk, United Kingdom, IP22 4EH
2026-10-09 20:33:51,084 [INFO] [ 35/50] Scraping: SUCCOUR FOR THE HOMELESS C.I.C. (Co #13173097)
2026-10-09 20:33:52,619 [INFO]       Appointed Officer: CHOUHAN, Rajeshri (Director)
2026-10-09 20:33:52,619 [INFO]       Address:          14a Connaught Road, Ilford, England, IG1 1RN
2026-10-09 20:33:54,820 [INFO] [ 36/50] Scraping: BLACK COMMUNITY AND CULTURE CLUB CIC (Co #13173283)
2026-10-09 20:33:56,388 [INFO]       Appointed Officer: DOS ESPIRITO SANTO, Graciene Patricia Viera (Director)
2026-10-09 20:33:56,388 [INFO]       Address:          10 Longhayes Court, Romford, England, RM6 5HJ
2026-10-09 20:33:58,601 [INFO] [ 37/50] Scraping: SANSAAR WELLBEING CIC (Co #13176090)
2026-10-09 20:34:00,283 [INFO]       Appointed Officer: DHESI, Kalbindro Kaur (Director)
2026-10-09 20:34:00,283 [INFO]       Address:          Room 16, Huntingdon House,278-290 Huntingdon Street, Nottingham, England, NG1 3LY
2026-10-09 20:34:02,489 [INFO] [ 38/50] Scraping: EVERYBODY CAN TALK SOMEHOW C.I.C. (Co #13176628)
2026-10-09 20:34:04,061 [INFO]       Appointed Officer: SMITH, Melissa Jayne Margaret (Director)
2026-10-09 20:34:04,061 [INFO]       Address:          24 The Winter Knoll, Littlehampton, England, BN17 6ND
2026-10-09 20:34:06,270 [INFO] [ 39/50] Scraping: THE MOON CHILD PROJECT CIC (Co #13175998)
2026-10-09 20:34:07,819 [INFO]       Appointed Officer: LEIGHTON, Tanya (Director)
2026-10-09 20:34:07,819 [INFO]       Address:          Flat 12 Goodall House, St. Norbert Road, London, England, SE4 2LF
2026-10-09 20:34:10,028 [INFO] [ 40/50] Scraping: BH20 CIC (Co #SC687990)
2026-10-09 20:34:11,650 [INFO]       Appointed Officer: COOK, Ryan Peter (Director)
2026-10-09 20:34:11,650 [INFO]       Address:          Flat 12 Bignold Court, George Street, Wick, Scotland, KW1 4DL
2026-10-09 20:34:13,863 [INFO] [ 41/50] Scraping: BIKE RESCUE..COMMUNITY BIKE WORKSHOP CIC (Co #13176740)
2026-10-09 20:34:15,526 [INFO]       Appointed Officer: WOOD, Julie Josephine Elsie (Director)
2026-10-09 20:34:15,526 [INFO]       Address:          Unit 1 Alice Street, Morecambe, England, LA4 5NH
2026-10-09 20:34:17,741 [INFO] [ 42/50] Scraping: MENTAL HEALTH HEROES CIC (Co #13178273)
2026-10-09 20:34:19,301 [INFO]       Appointed Officer: ELPHICK, David John (Director)
2026-10-09 20:34:19,301 [INFO]       Address:          20 Cecil Avenue, Bournemouth, England, BH8 9EH
2026-10-09 20:34:21,508 [INFO] [ 43/50] Scraping: DEPORTIVO LA COWRUÑA CIC (Co #13178615)
2026-10-09 20:34:23,053 [INFO]       Appointed Officer: BAILEY, Thomas Christopher (Director)
2026-10-09 20:34:23,053 [INFO]       Address:          37 Kerrison Road, London, England, SW11 2QG
2026-10-09 20:34:25,264 [INFO] [ 44/50] Scraping: CHRISTIAN SANCTUARY ADVISORY CIC (Co #13181235)
2026-10-09 20:34:26,799 [INFO]       Appointed Officer: HOARE BT., Charles James, Sir (Director)
2026-10-09 20:34:26,799 [INFO]       Address:          15 Hamilton Park, London, England, N5 1SH
2026-10-09 20:34:29,009 [INFO] [ 45/50] Scraping: ACADEMUS CIC (Co #13181950)
2026-10-09 20:34:30,540 [INFO]       Appointed Officer: SHEAD, Emily Hannah (Director)
2026-10-09 20:34:30,540 [INFO]       Address:          Selwood, Robins Gardens, Fleet, England, GU51 4QT
2026-10-09 20:34:32,743 [INFO] [ 46/50] Scraping: CONCRETE WAVE GROUP C.I.C. (Co #13181686)
2026-10-09 20:34:34,449 [INFO]       Appointed Officer: HOGARTH, Roderick Myron Clancey (Director)
2026-10-09 20:34:34,449 [INFO]       Address:          29 Hale Street, East Peckham, Tonbridge, England, TN12 5HL
2026-10-09 20:34:36,853 [INFO] [ 47/50] Scraping: LONDON MUSLIM FORUM CIC (Co #13182720)
2026-10-09 20:34:38,443 [INFO]       Appointed Officer: PATEL, Yusuf (Director)
2026-10-09 20:34:38,443 [INFO]       Address:          Kemp House 152-160 City Road, London, England, EC1V 2NX
2026-10-09 20:34:40,650 [INFO] [ 48/50] Scraping: SECRET LOVE PROJECT CIC (Co #13183859)
2026-10-09 20:34:42,230 [INFO]       Appointed Officer: PRIESTMAN, Adrian Patrick (Director)
2026-10-09 20:34:42,230 [INFO]       Address:          South Dock Marina, Rope Street, London, England, SE16 7SZ
2026-10-09 20:34:44,444 [INFO] [ 49/50] Scraping: ZION WORSHIP CENTRE CIC (Co #13184592)
2026-10-09 20:34:46,163 [INFO]       Appointed Officer: NAMARA, Dianne (Director)
2026-10-09 20:34:46,163 [INFO]       Address:          20 Smiles Place, London, England, SE13 7PU
2026-10-09 20:34:48,368 [INFO] [ 50/50] Scraping: THE WORCESTER PROJECT CIC (Co #13183868)
2026-10-09 20:34:49,935 [INFO]       Appointed Officer: LOXTON, Mark Lewis (Director)
2026-10-09 20:34:49,935 [INFO]       Address:          27 Maxstoke Close, Birmingham, England, B32 4JX
2026-10-09 20:34:52,191 [INFO] ================================================================================
2026-10-09 20:34:52,191 [INFO] BATCH FINISHED: Processed 50 companies in 167.8s.
2026-10-09 20:34:52,191 [INFO] Total Cumulative Enriched: 2882 companies.
2026-10-09 20:34:52,192 [INFO] Updated CSV: enriched_uk_companies.csv
2026-10-09 20:34:52,192 [INFO] Updated Log: scraper.log
2026-10-09 20:34:52,192 [INFO] ================================================================================
